=== [1] Solid Dynamics   18:56:29   ilok=[0x01120000 / 2]   power='AC Power'
  sweeping Solid Dynamics candidate [1] Threshold Comp (unseen version 1.4.5: defaults sampled first) - 1 reference + 16 position processes
  soft end has no linear anchor (the soft end is not linear: its gain spans 0.78 dB across the levels, 9.3% of the 8.35 dB response (bar 8.3%)): re-sweeping with the quiet-level reference
  sweeping Solid Dynamics candidate [1] Threshold Comp (unseen version 1.4.5: defaults sampled first) - 1 reference + 16 position processes
  sweeping Solid Dynamics candidate [12] Threshold G/E (unseen version 1.4.5: defaults sampled first) - 1 reference + 16 position processes
CANDIDATE [1] Threshold Comp (flags ) - Solid Dynamics (class bands_or_stages, 2 candidates; the others at their instantiate defaults)
probe: signed EchoJayProbe (feat/ejmap-cert), team 8BT5F9B887, cdhash 06b9a8eb323f17699292139ef27f6206075e8958
host: EJ Map 0.1.0 / arm64 / 48k (native)
threshold: [1] Threshold Comp unit 'dB' (class bands_or_stages) | positions 16 (16 evenly spaced), one process each, levels quiet to loud
links as instantiated (recorded, not written): [8] Link L/R = 'On'
ratio: [2] ran at '4.0' -> 4 | auto make-up disabled: no
default-threshold reference ('-17.9 dB', spec 4.7 check only):  -24.00 out-in 1.68  -12.00 out-in -4.00  -6.00 out-in -7.86  (default gain is information only)
linear reference: each position's own gain at -48, checked against -54 (must differ by 6 dB within 0.1): 0.00 0.00 0.00 0.00 0.00 0.00 0.00 0.00 0.00 0.00 0.00 0.00 0.00 0.00 0.00 -0.00
writes landed by: instack 1 render 15
processes: 54 run, 0 retried, 0 position(s) failed
write verify: 16 landed, 0 write_unlanded (skipped), in-stack read already matched on 1 of 16, pump slices total 2919, longest confirm 505.4 ms, re-rendered 1
hold doubled at positions: none
still moving AFTER doubling (reading not used): none

pos   norm      display        red@-24  red@-12  red@-6    T(peak)   T-display
  0  0.0000    10.0 dB        -0.00     0.15     0.78        -7.0    -17.00
  1  0.0667    8.0 dB         -0.00     0.30     1.12        -7.5    -15.50
  2  0.1333    6.0 dB         -0.00     0.50     1.54       -10.4    -16.40
  3  0.2000    4.0 dB          0.00     0.78     2.04       -10.9    -14.90
  4  0.2667    2.0 dB          0.01     1.12     2.61       -11.5    -13.50
  5  0.3333    0.0 dB          0.06     1.54     3.27       -12.2    -12.20
  6  0.4000    -2.0 dB         0.15     2.04     4.01       -13.0    -11.00
  7  0.4667    -4.0 dB         0.30     2.61     4.83       -14.0    -10.00
  8  0.5333    -6.0 dB         0.50     3.27     5.74       -16.4    -10.40
  9  0.6000    -8.0 dB         0.78     4.01     6.74       -17.3     -9.30
 10  0.6667    -10.0 dB        1.12     4.83     7.82       -18.4     -8.40
 11  0.7333    -12.0 dB        1.54     5.74     8.98       -19.7     -7.70
 12  0.8000    -14.0 dB        2.04     6.74    10.22       -21.0     -7.00
 13  0.8667    -16.0 dB        2.61     7.82    11.51       -22.4     -6.40
 14  0.9333    -17.9 dB        3.27     8.98    12.84       -26.2     -8.30
 15  1.0000    -20.0 dB        4.01    10.22    14.21       -27.5     -7.50

1 MAP:             certified | sense higher_is_harder | engage -24.00:8 -12.00:2 -6.00:0
2 engage drift:    0.42  -12.00:18.02  -24.00:18.02  -6.00:17.60   (primary; displayLinear unset until the population decides)
   offset IQR:      5.70 dB over 16 positions (min -17.00, max -6.40)
3 displayOffsetDb: -10.20  (outside spec 7's 2 dB bar)
fixture: AudioUnit_2520b62_1.4.5.json

CANDIDATE [12] Threshold G/E (flags ) - Solid Dynamics (class bands_or_stages, 2 candidates; the others at their instantiate defaults)
probe: signed EchoJayProbe (feat/ejmap-cert), team 8BT5F9B887, cdhash 06b9a8eb323f17699292139ef27f6206075e8958
host: EJ Map 0.1.0 / arm64 / 48k (native)
threshold: [12] Threshold G/E unit 'dB' (class bands_or_stages) | positions 16 (16 evenly spaced), one process each, levels quiet to loud
links as instantiated (recorded, not written): [8] Link L/R = 'On'
ratio: [2] ran at '' -> not numeric | auto make-up disabled: no
default-threshold reference ('0.0 dB', spec 4.7 check only):  -24.00 out-in 1.69  -12.00 out-in -4.00  -6.00 out-in -7.86  (default gain is information only)
linear reference (soft end): none
writes landed by: render 16
processes: 54 run, 0 retried, 0 position(s) failed
write verify: 16 landed, 0 write_unlanded (skipped), in-stack read already matched on 0 of 16, pump slices total 3052, longest confirm 502.8 ms, re-rendered 0
hold doubled at positions: none
still moving AFTER doubling (reading not used): none

pos   norm      display        red@-24  red@-12  red@-6    T(peak)   T-display
  0  0.0000    -30.0 dB          --       --       --          --          
  1  0.0667    -27.3 dB          --       --       --          --          
  2  0.1333    -24.7 dB          --       --       --          --          
  3  0.2000    -22.0 dB          --       --       --          --          
  4  0.2667    -19.3 dB          --       --       --          --          
  5  0.3333    -16.7 dB          --       --       --          --          
  6  0.4000    -14.0 dB          --       --       --          --          
  7  0.4667    -11.3 dB          --       --       --          --          
  8  0.5333    -8.7 dB           --       --       --          --          
  9  0.6000    -6.0 dB           --       --       --          --          
 10  0.6667    -3.3 dB           --       --       --          --          
 11  0.7333    -0.7 dB           --       --       --          --          
 12  0.8000    2.0 dB            --       --       --          --          
 13  0.8667    4.7 dB            --       --       --          --          
 14  0.9333    7.3 dB            --       --       --          --          
 15  1.0000    10.0 dB           --       --       --          --          

1 MAP:             flat (no two positions differ by more than 1 dB at any test level) | sense -- | engage -24.00:none -12.00:none -6.00:none
2 engage drift:    null  (not a dB display)   (primary; displayLinear unset until the population decides)
   offset IQR:      null
3 displayOffsetDb: null
fixture: AudioUnit_2520b62_1.4.5.json

--- exit=0   18:57:18   ilok=[0x01120000 / 2]
=== [2] Drawmer 1973   18:57:18   ilok=[0x01120000 / 2]   power='AC Power'
  sweeping Drawmer 1973 candidate [2] Low Threshold (unseen version 2.5.62: defaults sampled first) - 1 reference + 16 position processes
  soft end has no linear anchor (the soft end is not linear: its gain spans 6.20 dB across the levels, 392.0% of the 1.58 dB response (bar 8.3%)): re-sweeping with the quiet-level reference
  sweeping Drawmer 1973 candidate [2] Low Threshold (unseen version 2.5.62: defaults sampled first) - 1 reference + 16 position processes
  sweeping Drawmer 1973 candidate [8] Mid Threshold (unseen version 2.5.62: defaults sampled first) - 1 reference + 16 position processes
  sweeping Drawmer 1973 candidate [15] High Threshold (unseen version 2.5.62: defaults sampled first) - 1 reference + 16 position processes
  sweeping Drawmer 1973 candidate [25] S Low Threshold (unseen version 2.5.62: defaults sampled first) - 1 reference + 16 position processes
  sweeping Drawmer 1973 candidate [30] S Mid Threshold (unseen version 2.5.62: defaults sampled first) - 1 reference + 16 position processes
  sweeping Drawmer 1973 candidate [36] S High Threshold (unseen version 2.5.62: defaults sampled first) - 1 reference + 16 position processes
CANDIDATE [2] Low Threshold (flags ) - Drawmer 1973 (class bands_or_stages, 6 candidates; the others at their instantiate defaults)
probe: signed EchoJayProbe (feat/ejmap-cert), team 8BT5F9B887, cdhash 06b9a8eb323f17699292139ef27f6206075e8958
host: EJ Map 0.1.0 / arm64 / 48k (native)
threshold: [2] Low Threshold unit 'dB' (class bands_or_stages) | positions 16 (16 evenly spaced), one process each, levels quiet to loud
ratio: no control holds the ratio role | auto make-up disabled: no
default-threshold reference ('0.0', spec 4.7 check only):  -24.00 out-in -0.78  -12.00 out-in -4.24  -6.00 out-in -7.49  (default gain is information only)
linear reference: each position's own gain at -48, checked against -54 (must differ by 6 dB within 0.1): -0.00 -0.00 -0.00 -0.00 -0.00 -0.00 -0.00 -0.00 -0.00 -0.00 -0.00 -0.00 -0.00 -0.00 -0.00 -0.00
writes landed by: instack 16
processes: 122 run, 0 retried, 0 position(s) failed
write verify: 16 landed, 0 write_unlanded (skipped), in-stack read already matched on 16 of 16, pump slices total 16, longest confirm 2.6 ms, re-rendered 0
hold doubled at positions: none
still moving AFTER doubling (reading not used): none

pos   norm      display        red@-24  red@-12  red@-6    T(peak)   T-display
  0  0.0000    20.0            0.66     4.01     6.86          --          
  1  0.0667    20.0            0.66     4.02     6.88          --          
  2  0.1333    20.0            0.66     4.02     6.90          --          
  3  0.2000    16.7            0.66     4.03     6.93          --          
  4  0.2667    9.3             0.66     4.04     7.00          --          
  5  0.3333    2.7             0.66     4.09     7.26          --          
  6  0.4000    -2.4            0.66     4.17     7.53          --          
  7  0.4667    -6.3            0.67     4.25     7.74          --          
  8  0.5333    -10.2           0.67     4.36     7.93          --          
  9  0.6000    -14.7           0.69     4.57     8.16          --          
 10  0.6667    -19.1           0.71     4.71     8.27          --          
 11  0.7333    -22.5           0.76     4.85     8.36          --          
 12  0.8000    -25.7           0.84     4.93     8.40          --          
 13  0.8667    -28.9           0.90     4.97     8.42          --          
 14  0.9333    -30.0           0.94     4.99     8.43          --          
 15  1.0000    -30.0           0.97     5.00     8.44          --          

1 MAP:             certified (ratio unknown (no ratio control): no dB-equivalent map) | sense higher_is_harder | engage -24.00:0 -12.00:0 -6.00:0
2 engage drift:    18.00  -12.00:32.00  -24.00:44.00  -6.00:26.00   (primary; displayLinear unset until the population decides)
   offset IQR:      null
3 displayOffsetDb: null
fixture: AudioUnit_26a5d6d_2.5.62.json

CANDIDATE [8] Mid Threshold (flags ) - Drawmer 1973 (class bands_or_stages, 6 candidates; the others at their instantiate defaults)
probe: signed EchoJayProbe (feat/ejmap-cert), team 8BT5F9B887, cdhash 06b9a8eb323f17699292139ef27f6206075e8958
host: EJ Map 0.1.0 / arm64 / 48k (native)
threshold: [8] Mid Threshold unit 'dB' (class bands_or_stages) | positions 16 (16 evenly spaced), one process each, levels quiet to loud
ratio: no control holds the ratio role | auto make-up disabled: no
default-threshold reference ('0.0', spec 4.7 check only):  -24.00 out-in -0.78  -12.00 out-in -4.24  -6.00 out-in -7.49  (default gain is information only)
linear reference (soft end, position 0):  -24.00 -0.12  -12.00 -0.21  -6.00 -0.39  | spread 0.27 dB (unusable beyond 2.0)
writes landed by: instack 16
processes: 122 run, 0 retried, 0 position(s) failed
write verify: 16 landed, 0 write_unlanded (skipped), in-stack read already matched on 16 of 16, pump slices total 16, longest confirm 2.6 ms, re-rendered 0
hold doubled at positions: none
still moving AFTER doubling (reading not used): none

pos   norm      display        red@-24  red@-12  red@-6    T(peak)   T-display
  0  0.0000    20.0            0.00     0.00     0.00          --          
  1  0.0667    20.0            0.04     0.21     0.26          --          
  2  0.1333    20.0            0.09     0.57     0.78          --          
  3  0.2000    16.7            0.14     1.04     1.70          --          
  4  0.2667    9.3             0.22     1.70     3.40          --          
  5  0.3333    2.7             0.51     3.41     6.40          --          
  6  0.4000    -2.4            0.94     5.03     8.05          --          
  7  0.4667    -6.3            1.47     6.75     9.33          --          
  8  0.5333    -10.2           2.08     7.89    10.79          --          
  9  0.6000    -14.7           3.10     9.10    12.13          --          
 10  0.6667    -19.1           4.01    10.00    12.93          --          
 11  0.7333    -22.5           5.27    11.06    13.84          --          
 12  0.8000    -25.7           6.25    11.78    14.43          --          
 13  0.8667    -28.9           6.92    12.23    14.80          --          
 14  0.9333    -30.0           7.22    12.43    14.96          --          
 15  1.0000    -30.0           7.39    12.54    15.04          --          

1 MAP:             certified (ratio unknown (no ratio control): no dB-equivalent map) | sense higher_is_harder | engage -24.00:5 -12.00:2 -6.00:2
2 engage drift:    5.69  -12.00:32.46  -24.00:26.77  -6.00:26.99   (primary; displayLinear unset until the population decides)
   offset IQR:      null
3 displayOffsetDb: null
fixture: AudioUnit_26a5d6d_2.5.62.json

CANDIDATE [15] High Threshold (flags ) - Drawmer 1973 (class bands_or_stages, 6 candidates; the others at their instantiate defaults)
probe: signed EchoJayProbe (feat/ejmap-cert), team 8BT5F9B887, cdhash 06b9a8eb323f17699292139ef27f6206075e8958
host: EJ Map 0.1.0 / arm64 / 48k (native)
threshold: [15] High Threshold unit 'dB' (class bands_or_stages) | positions 16 (16 evenly spaced), one process each, levels quiet to loud
ratio: no control holds the ratio role | auto make-up disabled: no
default-threshold reference ('0.0', spec 4.7 check only):  -24.00 out-in -0.78  -12.00 out-in -4.24  -6.00 out-in -7.49  (default gain is information only)
linear reference (soft end): none
writes landed by: instack 16
processes: 122 run, 0 retried, 0 position(s) failed
write verify: 16 landed, 0 write_unlanded (skipped), in-stack read already matched on 16 of 16, pump slices total 16, longest confirm 2.6 ms, re-rendered 0
hold doubled at positions: none
still moving AFTER doubling (reading not used): none

pos   norm      display        red@-24  red@-12  red@-6    T(peak)   T-display
  0  0.0000    20.0              --       --       --          --          
  1  0.0667    20.0              --       --       --          --          
  2  0.1333    20.0              --       --       --          --          
  3  0.2000    16.7              --       --       --          --          
  4  0.2667    9.3               --       --       --          --          
  5  0.3333    2.7               --       --       --          --          
  6  0.4000    -2.4              --       --       --          --          
  7  0.4667    -6.3              --       --       --          --          
  8  0.5333    -10.2             --       --       --          --          
  9  0.6000    -14.7             --       --       --          --          
 10  0.6667    -19.1             --       --       --          --          
 11  0.7333    -22.5             --       --       --          --          
 12  0.8000    -25.7             --       --       --          --          
 13  0.8667    -28.9             --       --       --          --          
 14  0.9333    -30.0             --       --       --          --          
 15  1.0000    -30.0             --       --       --          --          

1 MAP:             flat (no two positions differ by more than 1 dB at any test level) | sense -- | engage -24.00:none -12.00:none -6.00:none
2 engage drift:    null  (not a dB display)   (primary; displayLinear unset until the population decides)
   offset IQR:      null
3 displayOffsetDb: null
fixture: AudioUnit_26a5d6d_2.5.62.json

CANDIDATE [25] S Low Threshold (flags ) - Drawmer 1973 (class bands_or_stages, 6 candidates; the others at their instantiate defaults)
probe: signed EchoJayProbe (feat/ejmap-cert), team 8BT5F9B887, cdhash 06b9a8eb323f17699292139ef27f6206075e8958
host: EJ Map 0.1.0 / arm64 / 48k (native)
threshold: [25] S Low Threshold unit 'dB' (class bands_or_stages) | positions 16 (16 evenly spaced), one process each, levels quiet to loud
ratio: no control holds the ratio role | auto make-up disabled: no
default-threshold reference ('0.0', spec 4.7 check only):  -24.00 out-in -0.78  -12.00 out-in -4.24  -6.00 out-in -7.49  (default gain is information only)
linear reference (soft end): none
writes landed by: instack 16
processes: 122 run, 0 retried, 0 position(s) failed
write verify: 16 landed, 0 write_unlanded (skipped), in-stack read already matched on 16 of 16, pump slices total 16, longest confirm 2.6 ms, re-rendered 0
hold doubled at positions: none
still moving AFTER doubling (reading not used): none

pos   norm      display        red@-24  red@-12  red@-6    T(peak)   T-display
  0  0.0000    20.0              --       --       --          --          
  1  0.0667    20.0              --       --       --          --          
  2  0.1333    20.0              --       --       --          --          
  3  0.2000    16.7              --       --       --          --          
  4  0.2667    9.3               --       --       --          --          
  5  0.3333    2.7               --       --       --          --          
  6  0.4000    -2.4              --       --       --          --          
  7  0.4667    -6.3              --       --       --          --          
  8  0.5333    -10.2             --       --       --          --          
  9  0.6000    -14.7             --       --       --          --          
 10  0.6667    -19.1             --       --       --          --          
 11  0.7333    -22.5             --       --       --          --          
 12  0.8000    -25.7             --       --       --          --          
 13  0.8667    -28.9             --       --       --          --          
 14  0.9333    -30.0             --       --       --          --          
 15  1.0000    -30.0             --       --       --          --          

1 MAP:             flat (no two positions differ by more than 1 dB at any test level) | sense -- | engage -24.00:none -12.00:none -6.00:none
2 engage drift:    null  (not a dB display)   (primary; displayLinear unset until the population decides)
   offset IQR:      null
3 displayOffsetDb: null
fixture: AudioUnit_26a5d6d_2.5.62.json

CANDIDATE [30] S Mid Threshold (flags ) - Drawmer 1973 (class bands_or_stages, 6 candidates; the others at their instantiate defaults)
probe: signed EchoJayProbe (feat/ejmap-cert), team 8BT5F9B887, cdhash 06b9a8eb323f17699292139ef27f6206075e8958
host: EJ Map 0.1.0 / arm64 / 48k (native)
threshold: [30] S Mid Threshold unit 'dB' (class bands_or_stages) | positions 16 (16 evenly spaced), one process each, levels quiet to loud
ratio: no control holds the ratio role | auto make-up disabled: no
default-threshold reference ('0.0', spec 4.7 check only):  -24.00 out-in -0.78  -12.00 out-in -4.24  -6.00 out-in -7.49  (default gain is information only)
linear reference (soft end): none
writes landed by: instack 16
processes: 122 run, 0 retried, 0 position(s) failed
write verify: 16 landed, 0 write_unlanded (skipped), in-stack read already matched on 16 of 16, pump slices total 16, longest confirm 2.6 ms, re-rendered 0
hold doubled at positions: none
still moving AFTER doubling (reading not used): none

pos   norm      display        red@-24  red@-12  red@-6    T(peak)   T-display
  0  0.0000    20.0              --       --       --          --          
  1  0.0667    20.0              --       --       --          --          
  2  0.1333    20.0              --       --       --          --          
  3  0.2000    16.7              --       --       --          --          
  4  0.2667    9.3               --       --       --          --          
  5  0.3333    2.7               --       --       --          --          
  6  0.4000    -2.4              --       --       --          --          
  7  0.4667    -6.3              --       --       --          --          
  8  0.5333    -10.2             --       --       --          --          
  9  0.6000    -14.7             --       --       --          --          
 10  0.6667    -19.1             --       --       --          --          
 11  0.7333    -22.5             --       --       --          --          
 12  0.8000    -25.7             --       --       --          --          
 13  0.8667    -28.9             --       --       --          --          
 14  0.9333    -30.0             --       --       --          --          
 15  1.0000    -30.0             --       --       --          --          

1 MAP:             flat (no two positions differ by more than 1 dB at any test level) | sense -- | engage -24.00:none -12.00:none -6.00:none
2 engage drift:    null  (not a dB display)   (primary; displayLinear unset until the population decides)
   offset IQR:      null
3 displayOffsetDb: null
fixture: AudioUnit_26a5d6d_2.5.62.json

CANDIDATE [36] S High Threshold (flags ) - Drawmer 1973 (class bands_or_stages, 6 candidates; the others at their instantiate defaults)
probe: signed EchoJayProbe (feat/ejmap-cert), team 8BT5F9B887, cdhash 06b9a8eb323f17699292139ef27f6206075e8958
host: EJ Map 0.1.0 / arm64 / 48k (native)
threshold: [36] S High Threshold unit 'dB' (class bands_or_stages) | positions 16 (16 evenly spaced), one process each, levels quiet to loud
ratio: no control holds the ratio role | auto make-up disabled: no
default-threshold reference ('0.0', spec 4.7 check only):  -24.00 out-in -0.78  -12.00 out-in -4.24  -6.00 out-in -7.49  (default gain is information only)
linear reference (soft end): none
writes landed by: instack 16
processes: 122 run, 0 retried, 0 position(s) failed
write verify: 16 landed, 0 write_unlanded (skipped), in-stack read already matched on 16 of 16, pump slices total 16, longest confirm 2.6 ms, re-rendered 0
hold doubled at positions: none
still moving AFTER doubling (reading not used): none

pos   norm      display        red@-24  red@-12  red@-6    T(peak)   T-display
  0  0.0000    20.0              --       --       --          --          
  1  0.0667    20.0              --       --       --          --          
  2  0.1333    20.0              --       --       --          --          
  3  0.2000    16.7              --       --       --          --          
  4  0.2667    9.3               --       --       --          --          
  5  0.3333    2.7               --       --       --          --          
  6  0.4000    -2.4              --       --       --          --          
  7  0.4667    -6.3              --       --       --          --          
  8  0.5333    -10.2             --       --       --          --          
  9  0.6000    -14.7             --       --       --          --          
 10  0.6667    -19.1             --       --       --          --          
 11  0.7333    -22.5             --       --       --          --          
 12  0.8000    -25.7             --       --       --          --          
 13  0.8667    -28.9             --       --       --          --          
 14  0.9333    -30.0             --       --       --          --          
 15  1.0000    -30.0             --       --       --          --          

1 MAP:             flat (no two positions differ by more than 1 dB at any test level) | sense -- | engage -24.00:none -12.00:none -6.00:none
2 engage drift:    null  (not a dB display)   (primary; displayLinear unset until the population decides)
   offset IQR:      null
3 displayOffsetDb: null
fixture: AudioUnit_26a5d6d_2.5.62.json

--- exit=0   19:00:14   ilok=[0x01120000 / 2]
=== [3] LinMB (m)   19:00:14   ilok=[0x01120000 / 2]   power='AC Power'
  sweeping LinMB (m) candidate [8] Band 1 Thresh (unseen version 12.0.0: defaults sampled first) - 1 reference + 16 position processes
  sweeping LinMB (m) candidate [15] Band 2 Thresh (unseen version 12.0.0: defaults sampled first) - 1 reference + 16 position processes
  sweeping LinMB (m) candidate [22] Band 3 Thresh (unseen version 12.0.0: defaults sampled first) - 1 reference + 16 position processes
  soft end has no linear anchor (the soft end is not linear: its gain spans 1.33 dB across the levels, 26.3% of the 5.05 dB response (bar 8.3%)): re-sweeping with the quiet-level reference
  sweeping LinMB (m) candidate [22] Band 3 Thresh (unseen version 12.0.0: defaults sampled first) - 1 reference + 16 position processes
  sweeping LinMB (m) candidate [29] Band 4 Thresh (unseen version 12.0.0: defaults sampled first) - 1 reference + 16 position processes
  sweeping LinMB (m) candidate [36] Band 5 Thresh (unseen version 12.0.0: defaults sampled first) - 1 reference + 16 position processes
CANDIDATE [8] Band 1 Thresh (flags ) - LinMB (m) (class bands_or_stages, 5 candidates; the others at their instantiate defaults)
probe: signed EchoJayProbe (feat/ejmap-cert), team 8BT5F9B887, cdhash 06b9a8eb323f17699292139ef27f6206075e8958
host: EJ Map 0.1.0 / x86_64 / 48k (BRIDGED)
threshold: [8] Band 1 Thresh unit 'dB' (class bands_or_stages) | positions 16 (16 evenly spaced), one process each, levels quiet to loud
ratio: no control holds the ratio role | auto make-up disabled: no
default-threshold reference ('0.0', spec 4.7 check only):  -24.00 out-in -0.07  -12.00 out-in -0.63  -6.00 out-in -1.40  (default gain is information only)
linear reference (soft end): none
writes landed by: instack 1 pump 15
processes: 105 run, 0 retried, 0 position(s) failed
write verify: 16 landed, 0 write_unlanded (skipped), in-stack read already matched on 1 of 16, pump slices total 65, longest confirm 91.3 ms, re-rendered 0
hold doubled at positions: none
still moving AFTER doubling (reading not used): none

pos   norm      display        red@-24  red@-12  red@-6    T(peak)   T-display
  0  0.0000    -80.0             --       --       --          --          
  1  0.0667    -74.7             --       --       --          --          
  2  0.1333    -69.3             --       --       --          --          
  3  0.2000    -64.0             --       --       --          --          
  4  0.2667    -58.7             --       --       --          --          
  5  0.3333    -53.3             --       --       --          --          
  6  0.4000    -48.0             --       --       --          --          
  7  0.4667    -42.7             --       --       --          --          
  8  0.5333    -37.3             --       --       --          --          
  9  0.6000    -32.0             --       --       --          --          
 10  0.6667    -26.7             --       --       --          --          
 11  0.7333    -21.3             --       --       --          --          
 12  0.8000    -16.0             --       --       --          --          
 13  0.8667    -10.7             --       --       --          --          
 14  0.9333    -5.3              --       --       --          --          
 15  1.0000    0.0               --       --       --          --          

1 MAP:             flat (no two positions differ by more than 1 dB at any test level) | sense -- | engage -24.00:none -12.00:none -6.00:none
2 engage drift:    null  (not a dB display)   (primary; displayLinear unset until the population decides)
   offset IQR:      null
3 displayOffsetDb: null
fixture: AudioUnit_46450463_12.0.0.json

CANDIDATE [15] Band 2 Thresh (flags ) - LinMB (m) (class bands_or_stages, 5 candidates; the others at their instantiate defaults)
probe: signed EchoJayProbe (feat/ejmap-cert), team 8BT5F9B887, cdhash 06b9a8eb323f17699292139ef27f6206075e8958
host: EJ Map 0.1.0 / x86_64 / 48k (BRIDGED)
threshold: [15] Band 2 Thresh unit 'dB' (class bands_or_stages) | positions 16 (16 evenly spaced), one process each, levels quiet to loud
ratio: no control holds the ratio role | auto make-up disabled: no
default-threshold reference ('0.0', spec 4.7 check only):  -24.00 out-in -0.07  -12.00 out-in -0.63  -6.00 out-in -1.40  (default gain is information only)
linear reference (soft end): none
writes landed by: instack 1 pump 15
processes: 105 run, 0 retried, 0 position(s) failed
write verify: 16 landed, 0 write_unlanded (skipped), in-stack read already matched on 1 of 16, pump slices total 63, longest confirm 72.8 ms, re-rendered 0
hold doubled at positions: none
still moving AFTER doubling (reading not used): none

pos   norm      display        red@-24  red@-12  red@-6    T(peak)   T-display
  0  0.0000    -80.0             --       --       --          --          
  1  0.0667    -74.7             --       --       --          --          
  2  0.1333    -69.3             --       --       --          --          
  3  0.2000    -64.0             --       --       --          --          
  4  0.2667    -58.7             --       --       --          --          
  5  0.3333    -53.3             --       --       --          --          
  6  0.4000    -48.0             --       --       --          --          
  7  0.4667    -42.7             --       --       --          --          
  8  0.5333    -37.3             --       --       --          --          
  9  0.6000    -32.0             --       --       --          --          
 10  0.6667    -26.7             --       --       --          --          
 11  0.7333    -21.3             --       --       --          --          
 12  0.8000    -16.0             --       --       --          --          
 13  0.8667    -10.7             --       --       --          --          
 14  0.9333    -5.3              --       --       --          --          
 15  1.0000    0.0               --       --       --          --          

1 MAP:             flat (no two positions differ by more than 1 dB at any test level) | sense -- | engage -24.00:none -12.00:none -6.00:none
2 engage drift:    null  (not a dB display)   (primary; displayLinear unset until the population decides)
   offset IQR:      null
3 displayOffsetDb: null
fixture: AudioUnit_46450463_12.0.0.json

CANDIDATE [22] Band 3 Thresh (flags ) - LinMB (m) (class bands_or_stages, 5 candidates; the others at their instantiate defaults)
probe: signed EchoJayProbe (feat/ejmap-cert), team 8BT5F9B887, cdhash 06b9a8eb323f17699292139ef27f6206075e8958
host: EJ Map 0.1.0 / x86_64 / 48k (BRIDGED)
threshold: [22] Band 3 Thresh unit 'dB' (class bands_or_stages) | positions 16 (16 evenly spaced), one process each, levels quiet to loud
ratio: no control holds the ratio role | auto make-up disabled: no
default-threshold reference ('0.0', spec 4.7 check only):  -24.00 out-in -0.07  -12.00 out-in -0.63  -6.00 out-in -1.40  (default gain is information only)
linear reference: each position's own gain at -48, checked against -54 (must differ by 6 dB within 0.1): -0.10 -0.18 -0.32 -0.53 -0.80 -1.04 -1.05 -0.81 -0.47 -0.22 -0.09 -0.03 -0.01 -0.00 -0.00 -0.00
writes landed by: instack 1 pump 15
processes: 105 run, 0 retried, 0 position(s) failed
write verify: 16 landed, 0 write_unlanded (skipped), in-stack read already matched on 1 of 16, pump slices total 70, longest confirm 69.3 ms, re-rendered 0
hold doubled at positions: none
still moving AFTER doubling (reading not used): none

pos   norm      display        red@-24  red@-12  red@-6    T(peak)   T-display
  0  0.0000    -80.0           0.09     0.10     0.10          --          
  1  0.0667    -74.7             --       --       --          --          
  2  0.1333    -69.3             --       --       --          --          
  3  0.2000    -64.0             --       --       --          --          
  4  0.2667    -58.7             --       --       --          --          
  5  0.3333    -53.3             --       --       --          --          
  6  0.4000    -48.0             --       --       --          --          
  7  0.4667    -42.7             --       --       --          --          
  8  0.5333    -37.3             --       --       --          --          
  9  0.6000    -32.0             --       --       --          --          
 10  0.6667    -26.7           2.81     4.31     4.65          --          
 11  0.7333    -21.3           1.92     3.87     4.44          --          
 12  0.8000    -16.0           1.09     3.14     3.99          --          
 13  0.8667    -10.7           0.51     2.21     3.27          --          
 14  0.9333    -5.3            0.20     1.29     2.33          --          
 15  1.0000    0.0             0.07     0.63     1.40          --          

1 MAP:             nonmonotonic (reduction falls by more than 0.5 dB walking from the softer end (position 11 at -24.00)) | sense higher_is_harder | engage -24.00:10 -12.00:10 -6.00:10
2 engage drift:    null  -12.00:null  -24.00:null  -6.00:null   (primary; displayLinear unset until the population decides)
   offset IQR:      null
3 displayOffsetDb: null
fixture: AudioUnit_46450463_12.0.0.json

CANDIDATE [29] Band 4 Thresh (flags ) - LinMB (m) (class bands_or_stages, 5 candidates; the others at their instantiate defaults)
probe: signed EchoJayProbe (feat/ejmap-cert), team 8BT5F9B887, cdhash 06b9a8eb323f17699292139ef27f6206075e8958
host: EJ Map 0.1.0 / x86_64 / 48k (BRIDGED)
threshold: [29] Band 4 Thresh unit 'dB' (class bands_or_stages) | positions 16 (16 evenly spaced), one process each, levels quiet to loud
ratio: no control holds the ratio role | auto make-up disabled: no
default-threshold reference ('0.0', spec 4.7 check only):  -24.00 out-in -0.07  -12.00 out-in -0.63  -6.00 out-in -1.40  (default gain is information only)
linear reference (soft end): none
writes landed by: instack 1 pump 15
processes: 105 run, 0 retried, 0 position(s) failed
write verify: 16 landed, 0 write_unlanded (skipped), in-stack read already matched on 1 of 16, pump slices total 75, longest confirm 67.6 ms, re-rendered 0
hold doubled at positions: none
still moving AFTER doubling (reading not used): none

pos   norm      display        red@-24  red@-12  red@-6    T(peak)   T-display
  0  0.0000    -80.0             --       --       --          --          
  1  0.0667    -74.7             --       --       --          --          
  2  0.1333    -69.3             --       --       --          --          
  3  0.2000    -64.0             --       --       --          --          
  4  0.2667    -58.7             --       --       --          --          
  5  0.3333    -53.3             --       --       --          --          
  6  0.4000    -48.0             --       --       --          --          
  7  0.4667    -42.7             --       --       --          --          
  8  0.5333    -37.3             --       --       --          --          
  9  0.6000    -32.0             --       --       --          --          
 10  0.6667    -26.7             --       --       --          --          
 11  0.7333    -21.3             --       --       --          --          
 12  0.8000    -16.0             --       --       --          --          
 13  0.8667    -10.7             --       --       --          --          
 14  0.9333    -5.3              --       --       --          --          
 15  1.0000    0.0               --       --       --          --          

1 MAP:             flat (no two positions differ by more than 1 dB at any test level) | sense -- | engage -24.00:none -12.00:none -6.00:none
2 engage drift:    null  (not a dB display)   (primary; displayLinear unset until the population decides)
   offset IQR:      null
3 displayOffsetDb: null
fixture: AudioUnit_46450463_12.0.0.json

CANDIDATE [36] Band 5 Thresh (flags ) - LinMB (m) (class bands_or_stages, 5 candidates; the others at their instantiate defaults)
probe: signed EchoJayProbe (feat/ejmap-cert), team 8BT5F9B887, cdhash 06b9a8eb323f17699292139ef27f6206075e8958
host: EJ Map 0.1.0 / x86_64 / 48k (BRIDGED)
threshold: [36] Band 5 Thresh unit 'dB' (class bands_or_stages) | positions 16 (16 evenly spaced), one process each, levels quiet to loud
ratio: no control holds the ratio role | auto make-up disabled: no
default-threshold reference ('0.0', spec 4.7 check only):  -24.00 out-in -0.07  -12.00 out-in -0.63  -6.00 out-in -1.40  (default gain is information only)
linear reference (soft end): none
writes landed by: instack 1 pump 15
processes: 105 run, 0 retried, 0 position(s) failed
write verify: 16 landed, 0 write_unlanded (skipped), in-stack read already matched on 1 of 16, pump slices total 68, longest confirm 67.8 ms, re-rendered 0
hold doubled at positions: none
still moving AFTER doubling (reading not used): none

pos   norm      display        red@-24  red@-12  red@-6    T(peak)   T-display
  0  0.0000    -80.0             --       --       --          --          
  1  0.0667    -74.7             --       --       --          --          
  2  0.1333    -69.3             --       --       --          --          
  3  0.2000    -64.0             --       --       --          --          
  4  0.2667    -58.7             --       --       --          --          
  5  0.3333    -53.3             --       --       --          --          
  6  0.4000    -48.0             --       --       --          --          
  7  0.4667    -42.7             --       --       --          --          
  8  0.5333    -37.3             --       --       --          --          
  9  0.6000    -32.0             --       --       --          --          
 10  0.6667    -26.7             --       --       --          --          
 11  0.7333    -21.3             --       --       --          --          
 12  0.8000    -16.0             --       --       --          --          
 13  0.8667    -10.7             --       --       --          --          
 14  0.9333    -5.3              --       --       --          --          
 15  1.0000    0.0               --       --       --          --          

1 MAP:             flat (no two positions differ by more than 1 dB at any test level) | sense -- | engage -24.00:none -12.00:none -6.00:none
2 engage drift:    null  (not a dB display)   (primary; displayLinear unset until the population decides)
   offset IQR:      null
3 displayOffsetDb: null
fixture: AudioUnit_46450463_12.0.0.json

--- exit=0   19:07:48   ilok=[]
=== [4] LinMB (s)   19:07:48   ilok=[]   power='AC Power'
  sweeping LinMB (s) candidate [8] Band 1 Thresh (unseen version 12.0.0: defaults sampled first) - 1 reference + 16 position processes
  sweeping LinMB (s) candidate [15] Band 2 Thresh (unseen version 12.0.0: defaults sampled first) - 1 reference + 16 position processes
  sweeping LinMB (s) candidate [22] Band 3 Thresh (unseen version 12.0.0: defaults sampled first) - 1 reference + 16 position processes
  soft end has no linear anchor (the soft end is not linear: its gain spans 1.33 dB across the levels, 26.3% of the 5.05 dB response (bar 8.3%)): re-sweeping with the quiet-level reference
  sweeping LinMB (s) candidate [22] Band 3 Thresh (unseen version 12.0.0: defaults sampled first) - 1 reference + 16 position processes
  sweeping LinMB (s) candidate [29] Band 4 Thresh (unseen version 12.0.0: defaults sampled first) - 1 reference + 16 position processes
  sweeping LinMB (s) candidate [36] Band 5 Thresh (unseen version 12.0.0: defaults sampled first) - 1 reference + 16 position processes
CANDIDATE [8] Band 1 Thresh (flags ) - LinMB (s) (class bands_or_stages, 5 candidates; the others at their instantiate defaults)
probe: signed EchoJayProbe (feat/ejmap-cert), team 8BT5F9B887, cdhash 06b9a8eb323f17699292139ef27f6206075e8958
host: EJ Map 0.1.0 / x86_64 / 48k (BRIDGED)
threshold: [8] Band 1 Thresh unit 'dB' (class bands_or_stages) | positions 16 (16 evenly spaced), one process each, levels quiet to loud
ratio: no control holds the ratio role | auto make-up disabled: no
default-threshold reference ('0.0', spec 4.7 check only):  -24.00 out-in -0.07  -12.00 out-in -0.63  -6.00 out-in -1.40  (default gain is information only)
linear reference (soft end): none
writes landed by: instack 1 pump 15
processes: 105 run, 0 retried, 0 position(s) failed
write verify: 16 landed, 0 write_unlanded (skipped), in-stack read already matched on 1 of 16, pump slices total 84, longest confirm 67.7 ms, re-rendered 0
hold doubled at positions: none
still moving AFTER doubling (reading not used): none

pos   norm      display        red@-24  red@-12  red@-6    T(peak)   T-display
  0  0.0000    -80.0             --       --       --          --          
  1  0.0667    -74.7             --       --       --          --          
  2  0.1333    -69.3             --       --       --          --          
  3  0.2000    -64.0             --       --       --          --          
  4  0.2667    -58.7             --       --       --          --          
  5  0.3333    -53.3             --       --       --          --          
  6  0.4000    -48.0             --       --       --          --          
  7  0.4667    -42.7             --       --       --          --          
  8  0.5333    -37.3             --       --       --          --          
  9  0.6000    -32.0             --       --       --          --          
 10  0.6667    -26.7             --       --       --          --          
 11  0.7333    -21.3             --       --       --          --          
 12  0.8000    -16.0             --       --       --          --          
 13  0.8667    -10.7             --       --       --          --          
 14  0.9333    -5.3              --       --       --          --          
 15  1.0000    0.0               --       --       --          --          

1 MAP:             flat (no two positions differ by more than 1 dB at any test level) | sense -- | engage -24.00:none -12.00:none -6.00:none
2 engage drift:    null  (not a dB display)   (primary; displayLinear unset until the population decides)
   offset IQR:      null
3 displayOffsetDb: null
fixture: AudioUnit_4645047d_12.0.0.json

CANDIDATE [15] Band 2 Thresh (flags ) - LinMB (s) (class bands_or_stages, 5 candidates; the others at their instantiate defaults)
probe: signed EchoJayProbe (feat/ejmap-cert), team 8BT5F9B887, cdhash 06b9a8eb323f17699292139ef27f6206075e8958
host: EJ Map 0.1.0 / x86_64 / 48k (BRIDGED)
threshold: [15] Band 2 Thresh unit 'dB' (class bands_or_stages) | positions 16 (16 evenly spaced), one process each, levels quiet to loud
ratio: no control holds the ratio role | auto make-up disabled: no
default-threshold reference ('0.0', spec 4.7 check only):  -24.00 out-in -0.07  -12.00 out-in -0.63  -6.00 out-in -1.40  (default gain is information only)
linear reference (soft end): none
writes landed by: instack 1 pump 15
processes: 105 run, 0 retried, 0 position(s) failed
write verify: 16 landed, 0 write_unlanded (skipped), in-stack read already matched on 1 of 16, pump slices total 76, longest confirm 89.5 ms, re-rendered 0
hold doubled at positions: none
still moving AFTER doubling (reading not used): none

pos   norm      display        red@-24  red@-12  red@-6    T(peak)   T-display
  0  0.0000    -80.0             --       --       --          --          
  1  0.0667    -74.7             --       --       --          --          
  2  0.1333    -69.3             --       --       --          --          
  3  0.2000    -64.0             --       --       --          --          
  4  0.2667    -58.7             --       --       --          --          
  5  0.3333    -53.3             --       --       --          --          
  6  0.4000    -48.0             --       --       --          --          
  7  0.4667    -42.7             --       --       --          --          
  8  0.5333    -37.3             --       --       --          --          
  9  0.6000    -32.0             --       --       --          --          
 10  0.6667    -26.7             --       --       --          --          
 11  0.7333    -21.3             --       --       --          --          
 12  0.8000    -16.0             --       --       --          --          
 13  0.8667    -10.7             --       --       --          --          
 14  0.9333    -5.3              --       --       --          --          
 15  1.0000    0.0               --       --       --          --          

1 MAP:             flat (no two positions differ by more than 1 dB at any test level) | sense -- | engage -24.00:none -12.00:none -6.00:none
2 engage drift:    null  (not a dB display)   (primary; displayLinear unset until the population decides)
   offset IQR:      null
3 displayOffsetDb: null
fixture: AudioUnit_4645047d_12.0.0.json

CANDIDATE [22] Band 3 Thresh (flags ) - LinMB (s) (class bands_or_stages, 5 candidates; the others at their instantiate defaults)
probe: signed EchoJayProbe (feat/ejmap-cert), team 8BT5F9B887, cdhash 06b9a8eb323f17699292139ef27f6206075e8958
host: EJ Map 0.1.0 / x86_64 / 48k (BRIDGED)
threshold: [22] Band 3 Thresh unit 'dB' (class bands_or_stages) | positions 16 (16 evenly spaced), one process each, levels quiet to loud
ratio: no control holds the ratio role | auto make-up disabled: no
default-threshold reference ('0.0', spec 4.7 check only):  -24.00 out-in -0.07  -12.00 out-in -0.63  -6.00 out-in -1.40  (default gain is information only)
linear reference: each position's own gain at -48, checked against -54 (must differ by 6 dB within 0.1): -0.10 -0.18 -0.32 -0.53 -0.80 -1.04 -1.05 -0.81 -0.47 -0.22 -0.09 -0.03 -0.01 -0.00 -0.00 -0.00
writes landed by: instack 1 pump 15
processes: 105 run, 0 retried, 0 position(s) failed
write verify: 16 landed, 0 write_unlanded (skipped), in-stack read already matched on 1 of 16, pump slices total 85, longest confirm 76.3 ms, re-rendered 0
hold doubled at positions: none
still moving AFTER doubling (reading not used): none

pos   norm      display        red@-24  red@-12  red@-6    T(peak)   T-display
  0  0.0000    -80.0           0.09     0.10     0.10          --          
  1  0.0667    -74.7             --       --       --          --          
  2  0.1333    -69.3             --       --       --          --          
  3  0.2000    -64.0             --       --       --          --          
  4  0.2667    -58.7             --       --       --          --          
  5  0.3333    -53.3             --       --       --          --          
  6  0.4000    -48.0             --       --       --          --          
  7  0.4667    -42.7             --       --       --          --          
  8  0.5333    -37.3             --       --       --          --          
  9  0.6000    -32.0             --       --       --          --          
 10  0.6667    -26.7           2.81     4.31     4.65          --          
 11  0.7333    -21.3           1.92     3.87     4.44          --          
 12  0.8000    -16.0           1.09     3.14     3.99          --          
 13  0.8667    -10.7           0.51     2.21     3.27          --          
 14  0.9333    -5.3            0.20     1.29     2.33          --          
 15  1.0000    0.0             0.07     0.63     1.40          --          

1 MAP:             nonmonotonic (reduction falls by more than 0.5 dB walking from the softer end (position 11 at -24.00)) | sense higher_is_harder | engage -24.00:10 -12.00:10 -6.00:10
2 engage drift:    null  -12.00:null  -24.00:null  -6.00:null   (primary; displayLinear unset until the population decides)
   offset IQR:      null
3 displayOffsetDb: null
fixture: AudioUnit_4645047d_12.0.0.json

CANDIDATE [29] Band 4 Thresh (flags ) - LinMB (s) (class bands_or_stages, 5 candidates; the others at their instantiate defaults)
probe: signed EchoJayProbe (feat/ejmap-cert), team 8BT5F9B887, cdhash 06b9a8eb323f17699292139ef27f6206075e8958
host: EJ Map 0.1.0 / x86_64 / 48k (BRIDGED)
threshold: [29] Band 4 Thresh unit 'dB' (class bands_or_stages) | positions 16 (16 evenly spaced), one process each, levels quiet to loud
ratio: no control holds the ratio role | auto make-up disabled: no
default-threshold reference ('0.0', spec 4.7 check only):  -24.00 out-in -0.07  -12.00 out-in -0.63  -6.00 out-in -1.40  (default gain is information only)
linear reference (soft end): none
writes landed by: instack 1 pump 15
processes: 105 run, 0 retried, 0 position(s) failed
write verify: 16 landed, 0 write_unlanded (skipped), in-stack read already matched on 1 of 16, pump slices total 77, longest confirm 67.3 ms, re-rendered 0
hold doubled at positions: none
still moving AFTER doubling (reading not used): none

pos   norm      display        red@-24  red@-12  red@-6    T(peak)   T-display
  0  0.0000    -80.0             --       --       --          --          
  1  0.0667    -74.7             --       --       --          --          
  2  0.1333    -69.3             --       --       --          --          
  3  0.2000    -64.0             --       --       --          --          
  4  0.2667    -58.7             --       --       --          --          
  5  0.3333    -53.3             --       --       --          --          
  6  0.4000    -48.0             --       --       --          --          
  7  0.4667    -42.7             --       --       --          --          
  8  0.5333    -37.3             --       --       --          --          
  9  0.6000    -32.0             --       --       --          --          
 10  0.6667    -26.7             --       --       --          --          
 11  0.7333    -21.3             --       --       --          --          
 12  0.8000    -16.0             --       --       --          --          
 13  0.8667    -10.7             --       --       --          --          
 14  0.9333    -5.3              --       --       --          --          
 15  1.0000    0.0               --       --       --          --          

1 MAP:             flat (no two positions differ by more than 1 dB at any test level) | sense -- | engage -24.00:none -12.00:none -6.00:none
2 engage drift:    null  (not a dB display)   (primary; displayLinear unset until the population decides)
   offset IQR:      null
3 displayOffsetDb: null
fixture: AudioUnit_4645047d_12.0.0.json

CANDIDATE [36] Band 5 Thresh (flags ) - LinMB (s) (class bands_or_stages, 5 candidates; the others at their instantiate defaults)
probe: signed EchoJayProbe (feat/ejmap-cert), team 8BT5F9B887, cdhash 06b9a8eb323f17699292139ef27f6206075e8958
host: EJ Map 0.1.0 / x86_64 / 48k (BRIDGED)
threshold: [36] Band 5 Thresh unit 'dB' (class bands_or_stages) | positions 16 (16 evenly spaced), one process each, levels quiet to loud
ratio: no control holds the ratio role | auto make-up disabled: no
default-threshold reference ('0.0', spec 4.7 check only):  -24.00 out-in -0.07  -12.00 out-in -0.63  -6.00 out-in -1.40  (default gain is information only)
linear reference (soft end): none
writes landed by: instack 1 pump 15
processes: 105 run, 0 retried, 0 position(s) failed
write verify: 16 landed, 0 write_unlanded (skipped), in-stack read already matched on 1 of 16, pump slices total 72, longest confirm 66.1 ms, re-rendered 0
hold doubled at positions: none
still moving AFTER doubling (reading not used): none

pos   norm      display        red@-24  red@-12  red@-6    T(peak)   T-display
  0  0.0000    -80.0             --       --       --          --          
  1  0.0667    -74.7             --       --       --          --          
  2  0.1333    -69.3             --       --       --          --          
  3  0.2000    -64.0             --       --       --          --          
  4  0.2667    -58.7             --       --       --          --          
  5  0.3333    -53.3             --       --       --          --          
  6  0.4000    -48.0             --       --       --          --          
  7  0.4667    -42.7             --       --       --          --          
  8  0.5333    -37.3             --       --       --          --          
  9  0.6000    -32.0             --       --       --          --          
 10  0.6667    -26.7             --       --       --          --          
 11  0.7333    -21.3             --       --       --          --          
 12  0.8000    -16.0             --       --       --          --          
 13  0.8667    -10.7             --       --       --          --          
 14  0.9333    -5.3              --       --       --          --          
 15  1.0000    0.0               --       --       --          --          

1 MAP:             flat (no two positions differ by more than 1 dB at any test level) | sense -- | engage -24.00:none -12.00:none -6.00:none
2 engage drift:    null  (not a dB display)   (primary; displayLinear unset until the population decides)
   offset IQR:      null
3 displayOffsetDb: null
fixture: AudioUnit_4645047d_12.0.0.json

--- exit=0   19:15:26   ilok=[]
=== [5] C6 (m)   19:15:26   ilok=[]   power='AC Power'
  sweeping C6 (m) candidate [10] Band 1 Threshold (unseen version 12.0.0: defaults sampled first) - 1 reference + 16 position processes
  sweeping C6 (m) candidate [19] Band 2 Threshold (unseen version 12.0.0: defaults sampled first) - 1 reference + 16 position processes
  sweeping C6 (m) candidate [26] Band 3 Threshold (unseen version 12.0.0: defaults sampled first) - 1 reference + 16 position processes
  soft end has no linear anchor (the soft end is not linear: its gain spans 1.00 dB across the levels, 13.3% of the 7.53 dB response (bar 8.3%)): re-sweeping with the quiet-level reference
  sweeping C6 (m) candidate [26] Band 3 Threshold (unseen version 12.0.0: defaults sampled first) - 1 reference + 16 position processes
  sweeping C6 (m) candidate [33] Band 4 Threshold (unseen version 12.0.0: defaults sampled first) - 1 reference + 16 position processes
  sweeping C6 (m) candidate [40] Band 5 Threshold (unseen version 12.0.0: defaults sampled first) - 1 reference + 16 position processes
  sweeping C6 (m) candidate [47] Band 6 Threshold (unseen version 12.0.0: defaults sampled first) - 1 reference + 16 position processes
CANDIDATE [10] Band 1 Threshold (flags ) - C6 (m) (class bands_or_stages, 6 candidates; the others at their instantiate defaults)
probe: signed EchoJayProbe (feat/ejmap-cert), team 8BT5F9B887, cdhash 06b9a8eb323f17699292139ef27f6206075e8958
host: EJ Map 0.1.0 / x86_64 / 48k (BRIDGED)
threshold: [10] Band 1 Threshold unit 'dB' (class bands_or_stages) | positions 16 (16 evenly spaced), one process each, levels quiet to loud
ratio: no control holds the ratio role | auto make-up disabled: no
default-threshold reference ('0.0', spec 4.7 check only):  -24.00 out-in 1.09  -12.00 out-in 0.73  -6.00 out-in 0.08  (default gain is information only)
linear reference (soft end): none
writes landed by: instack 1 pump 15
processes: 122 run, 0 retried, 0 position(s) failed
write verify: 16 landed, 0 write_unlanded (skipped), in-stack read already matched on 1 of 16, pump slices total 66, longest confirm 72.2 ms, re-rendered 0
hold doubled at positions: none
still moving AFTER doubling (reading not used): none

pos   norm      display        red@-24  red@-12  red@-6    T(peak)   T-display
  0  0.0000    -80.0             --       --       --          --          
  1  0.0667    -74.7             --       --       --          --          
  2  0.1333    -69.3             --       --       --          --          
  3  0.2000    -64.0             --       --       --          --          
  4  0.2667    -58.7             --       --       --          --          
  5  0.3333    -53.3             --       --       --          --          
  6  0.4000    -48.0             --       --       --          --          
  7  0.4667    -42.7             --       --       --          --          
  8  0.5333    -37.3             --       --       --          --          
  9  0.6000    -32.0             --       --       --          --          
 10  0.6667    -26.7             --       --       --          --          
 11  0.7333    -21.3             --       --       --          --          
 12  0.8000    -16.0             --       --       --          --          
 13  0.8667    -10.7             --       --       --          --          
 14  0.9333    -5.3              --       --       --          --          
 15  1.0000    0.0               --       --       --          --          

1 MAP:             flat (no two positions differ by more than 1 dB at any test level) | sense -- | engage -24.00:none -12.00:none -6.00:none
2 engage drift:    null  (not a dB display)   (primary; displayLinear unset until the population decides)
   offset IQR:      null
3 displayOffsetDb: null
fixture: AudioUnit_49306063_12.0.0.json

CANDIDATE [19] Band 2 Threshold (flags ) - C6 (m) (class bands_or_stages, 6 candidates; the others at their instantiate defaults)
probe: signed EchoJayProbe (feat/ejmap-cert), team 8BT5F9B887, cdhash 06b9a8eb323f17699292139ef27f6206075e8958
host: EJ Map 0.1.0 / x86_64 / 48k (BRIDGED)
threshold: [19] Band 2 Threshold unit 'dB' (class bands_or_stages) | positions 16 (16 evenly spaced), one process each, levels quiet to loud
ratio: no control holds the ratio role | auto make-up disabled: no
default-threshold reference ('0.0', spec 4.7 check only):  -24.00 out-in 1.09  -12.00 out-in 0.73  -6.00 out-in 0.08  (default gain is information only)
linear reference (soft end): none
writes landed by: instack 1 pump 15
processes: 122 run, 0 retried, 0 position(s) failed
write verify: 16 landed, 0 write_unlanded (skipped), in-stack read already matched on 1 of 16, pump slices total 79, longest confirm 79.0 ms, re-rendered 0
hold doubled at positions: none
still moving AFTER doubling (reading not used): none

pos   norm      display        red@-24  red@-12  red@-6    T(peak)   T-display
  0  0.0000    -80.0             --       --       --          --          
  1  0.0667    -74.7             --       --       --          --          
  2  0.1333    -69.3             --       --       --          --          
  3  0.2000    -64.0             --       --       --          --          
  4  0.2667    -58.7             --       --       --          --          
  5  0.3333    -53.3             --       --       --          --          
  6  0.4000    -48.0             --       --       --          --          
  7  0.4667    -42.7             --       --       --          --          
  8  0.5333    -37.3             --       --       --          --          
  9  0.6000    -32.0             --       --       --          --          
 10  0.6667    -26.7             --       --       --          --          
 11  0.7333    -21.3             --       --       --          --          
 12  0.8000    -16.0             --       --       --          --          
 13  0.8667    -10.7             --       --       --          --          
 14  0.9333    -5.3              --       --       --          --          
 15  1.0000    0.0               --       --       --          --          

1 MAP:             flat (no two positions differ by more than 1 dB at any test level) | sense -- | engage -24.00:none -12.00:none -6.00:none
2 engage drift:    null  (not a dB display)   (primary; displayLinear unset until the population decides)
   offset IQR:      null
3 displayOffsetDb: null
fixture: AudioUnit_49306063_12.0.0.json

CANDIDATE [26] Band 3 Threshold (flags ) - C6 (m) (class bands_or_stages, 6 candidates; the others at their instantiate defaults)
probe: signed EchoJayProbe (feat/ejmap-cert), team 8BT5F9B887, cdhash 06b9a8eb323f17699292139ef27f6206075e8958
host: EJ Map 0.1.0 / x86_64 / 48k (BRIDGED)
threshold: [26] Band 3 Threshold unit 'dB' (class bands_or_stages) | positions 16 (16 evenly spaced), one process each, levels quiet to loud
ratio: no control holds the ratio role | auto make-up disabled: no
default-threshold reference ('0.0', spec 4.7 check only):  -24.00 out-in 1.09  -12.00 out-in 0.73  -6.00 out-in 0.08  (default gain is information only)
linear reference: each position's own gain at -48, checked against -54 (must differ by 6 dB within 0.1): -0.28 -0.48 -0.80 -1.20 -1.51 -1.52 -1.17 -0.70 -0.33 -0.13 -0.05 -0.01 -0.00 -0.00 0.00 0.00
writes landed by: instack 1 pump 15
processes: 122 run, 0 retried, 0 position(s) failed
write verify: 16 landed, 0 write_unlanded (skipped), in-stack read already matched on 1 of 16, pump slices total 73, longest confirm 90.8 ms, re-rendered 0
hold doubled at positions: none
still moving AFTER doubling (reading not used): none

pos   norm      display        red@-24  red@-12  red@-6    T(peak)   T-display
  0  0.0000    -80.0             --       --       --          --          
  1  0.0667    -74.7             --       --       --          --          
  2  0.1333    -69.3             --       --       --          --          
  3  0.2000    -64.0             --       --       --          --          
  4  0.2667    -58.7             --       --       --          --          
  5  0.3333    -53.3             --       --       --          --          
  6  0.4000    -48.0             --       --       --          --          
  7  0.4667    -42.7             --       --       --          --          
  8  0.5333    -37.3             --       --       --          --          
  9  0.6000    -32.0             --       --       --          --          
 10  0.6667    -26.7           2.82     5.67     6.52          --          
 11  0.7333    -21.3           1.60     4.57     5.82          --          
 12  0.8000    -16.0           0.77     3.22     4.75          --          
 13  0.8667    -10.7           0.31     1.92     3.41          --          
 14  0.9333    -5.3            0.11     0.94     2.05          --          
 15  1.0000    0.0             0.04     0.40     1.04          --          

1 MAP:             certified (ratio unknown (no ratio control): no dB-equivalent map) | sense lower_is_harder | engage -24.00:12 -12.00:14 -6.00:15
2 engage drift:    0.84  -12.00:9.13  -24.00:9.68  -6.00:8.83   (primary; displayLinear unset until the population decides)
   offset IQR:      null
3 displayOffsetDb: null
fixture: AudioUnit_49306063_12.0.0.json

CANDIDATE [33] Band 4 Threshold (flags ) - C6 (m) (class bands_or_stages, 6 candidates; the others at their instantiate defaults)
probe: signed EchoJayProbe (feat/ejmap-cert), team 8BT5F9B887, cdhash 06b9a8eb323f17699292139ef27f6206075e8958
host: EJ Map 0.1.0 / x86_64 / 48k (BRIDGED)
threshold: [33] Band 4 Threshold unit 'dB' (class bands_or_stages) | positions 16 (16 evenly spaced), one process each, levels quiet to loud
ratio: no control holds the ratio role | auto make-up disabled: no
default-threshold reference ('0.0', spec 4.7 check only):  -24.00 out-in 1.09  -12.00 out-in 0.73  -6.00 out-in 0.08  (default gain is information only)
linear reference (soft end): none
writes landed by: instack 1 pump 15
processes: 122 run, 0 retried, 0 position(s) failed
write verify: 16 landed, 0 write_unlanded (skipped), in-stack read already matched on 1 of 16, pump slices total 73, longest confirm 62.6 ms, re-rendered 0
hold doubled at positions: none
still moving AFTER doubling (reading not used): none

pos   norm      display        red@-24  red@-12  red@-6    T(peak)   T-display
  0  0.0000    -80.0             --       --       --          --          
  1  0.0667    -74.7             --       --       --          --          
  2  0.1333    -69.3             --       --       --          --          
  3  0.2000    -64.0             --       --       --          --          
  4  0.2667    -58.7             --       --       --          --          
  5  0.3333    -53.3             --       --       --          --          
  6  0.4000    -48.0             --       --       --          --          
  7  0.4667    -42.7             --       --       --          --          
  8  0.5333    -37.3             --       --       --          --          
  9  0.6000    -32.0             --       --       --          --          
 10  0.6667    -26.7             --       --       --          --          
 11  0.7333    -21.3             --       --       --          --          
 12  0.8000    -16.0             --       --       --          --          
 13  0.8667    -10.7             --       --       --          --          
 14  0.9333    -5.3              --       --       --          --          
 15  1.0000    0.0               --       --       --          --          

1 MAP:             flat (no two positions differ by more than 1 dB at any test level) | sense -- | engage -24.00:none -12.00:none -6.00:none
2 engage drift:    null  (not a dB display)   (primary; displayLinear unset until the population decides)
   offset IQR:      null
3 displayOffsetDb: null
fixture: AudioUnit_49306063_12.0.0.json

CANDIDATE [40] Band 5 Threshold (flags ) - C6 (m) (class bands_or_stages, 6 candidates; the others at their instantiate defaults)
probe: signed EchoJayProbe (feat/ejmap-cert), team 8BT5F9B887, cdhash 06b9a8eb323f17699292139ef27f6206075e8958
host: EJ Map 0.1.0 / x86_64 / 48k (BRIDGED)
threshold: [40] Band 5 Threshold unit 'dB' (class bands_or_stages) | positions 16 (16 evenly spaced), one process each, levels quiet to loud
ratio: no control holds the ratio role | auto make-up disabled: no
default-threshold reference ('0.0', spec 4.7 check only):  -24.00 out-in 1.09  -12.00 out-in 0.73  -6.00 out-in 0.08  (default gain is information only)
linear reference (soft end): none
writes landed by: instack 1 pump 15
processes: 122 run, 0 retried, 0 position(s) failed
write verify: 16 landed, 0 write_unlanded (skipped), in-stack read already matched on 1 of 16, pump slices total 74, longest confirm 81.8 ms, re-rendered 0
hold doubled at positions: none
still moving AFTER doubling (reading not used): none

pos   norm      display        red@-24  red@-12  red@-6    T(peak)   T-display
  0  0.0000    -80.0             --       --       --          --          
  1  0.0667    -74.7             --       --       --          --          
  2  0.1333    -69.3             --       --       --          --          
  3  0.2000    -64.0             --       --       --          --          
  4  0.2667    -58.7             --       --       --          --          
  5  0.3333    -53.3             --       --       --          --          
  6  0.4000    -48.0             --       --       --          --          
  7  0.4667    -42.7             --       --       --          --          
  8  0.5333    -37.3             --       --       --          --          
  9  0.6000    -32.0             --       --       --          --          
 10  0.6667    -26.7             --       --       --          --          
 11  0.7333    -21.3             --       --       --          --          
 12  0.8000    -16.0             --       --       --          --          
 13  0.8667    -10.7             --       --       --          --          
 14  0.9333    -5.3              --       --       --          --          
 15  1.0000    0.0               --       --       --          --          

1 MAP:             flat (no two positions differ by more than 1 dB at any test level) | sense -- | engage -24.00:none -12.00:none -6.00:none
2 engage drift:    null  (not a dB display)   (primary; displayLinear unset until the population decides)
   offset IQR:      null
3 displayOffsetDb: null
fixture: AudioUnit_49306063_12.0.0.json

CANDIDATE [47] Band 6 Threshold (flags ) - C6 (m) (class bands_or_stages, 6 candidates; the others at their instantiate defaults)
probe: signed EchoJayProbe (feat/ejmap-cert), team 8BT5F9B887, cdhash 06b9a8eb323f17699292139ef27f6206075e8958
host: EJ Map 0.1.0 / x86_64 / 48k (BRIDGED)
threshold: [47] Band 6 Threshold unit 'dB' (class bands_or_stages) | positions 16 (16 evenly spaced), one process each, levels quiet to loud
ratio: no control holds the ratio role | auto make-up disabled: no
default-threshold reference ('0.0', spec 4.7 check only):  -24.00 out-in 1.09  -12.00 out-in 0.73  -6.00 out-in 0.08  (default gain is information only)
linear reference (soft end): none
writes landed by: instack 1 pump 15
processes: 122 run, 0 retried, 0 position(s) failed
write verify: 16 landed, 0 write_unlanded (skipped), in-stack read already matched on 1 of 16, pump slices total 100, longest confirm 66.9 ms, re-rendered 0
hold doubled at positions: none
still moving AFTER doubling (reading not used): none

pos   norm      display        red@-24  red@-12  red@-6    T(peak)   T-display
  0  0.0000    -80.0             --       --       --          --          
  1  0.0667    -74.7             --       --       --          --          
  2  0.1333    -69.3             --       --       --          --          
  3  0.2000    -64.0             --       --       --          --          
  4  0.2667    -58.7             --       --       --          --          
  5  0.3333    -53.3             --       --       --          --          
  6  0.4000    -48.0             --       --       --          --          
  7  0.4667    -42.7             --       --       --          --          
  8  0.5333    -37.3             --       --       --          --          
  9  0.6000    -32.0             --       --       --          --          
 10  0.6667    -26.7             --       --       --          --          
 11  0.7333    -21.3             --       --       --          --          
 12  0.8000    -16.0             --       --       --          --          
 13  0.8667    -10.7             --       --       --          --          
 14  0.9333    -5.3              --       --       --          --          
 15  1.0000    0.0               --       --       --          --          

1 MAP:             flat (no two positions differ by more than 1 dB at any test level) | sense -- | engage -24.00:none -12.00:none -6.00:none
2 engage drift:    null  (not a dB display)   (primary; displayLinear unset until the population decides)
   offset IQR:      null
3 displayOffsetDb: null
fixture: AudioUnit_49306063_12.0.0.json

--- exit=0   19:24:17   ilok=[]
=== [6] C6 (s)   19:24:17   ilok=[]   power='AC Power'
  sweeping C6 (s) candidate [10] Band 1 Threshold (unseen version 12.0.0: defaults sampled first) - 1 reference + 16 position processes
  sweeping C6 (s) candidate [19] Band 2 Threshold (unseen version 12.0.0: defaults sampled first) - 1 reference + 16 position processes
  sweeping C6 (s) candidate [26] Band 3 Threshold (unseen version 12.0.0: defaults sampled first) - 1 reference + 16 position processes
  soft end has no linear anchor (the soft end is not linear: its gain spans 1.00 dB across the levels, 13.3% of the 7.53 dB response (bar 8.3%)): re-sweeping with the quiet-level reference
  sweeping C6 (s) candidate [26] Band 3 Threshold (unseen version 12.0.0: defaults sampled first) - 1 reference + 16 position processes
  sweeping C6 (s) candidate [33] Band 4 Threshold (unseen version 12.0.0: defaults sampled first) - 1 reference + 16 position processes
  sweeping C6 (s) candidate [40] Band 5 Threshold (unseen version 12.0.0: defaults sampled first) - 1 reference + 16 position processes
  sweeping C6 (s) candidate [47] Band 6 Threshold (unseen version 12.0.0: defaults sampled first) - 1 reference + 16 position processes
CANDIDATE [10] Band 1 Threshold (flags ) - C6 (s) (class bands_or_stages, 6 candidates; the others at their instantiate defaults)
probe: signed EchoJayProbe (feat/ejmap-cert), team 8BT5F9B887, cdhash 06b9a8eb323f17699292139ef27f6206075e8958
host: EJ Map 0.1.0 / x86_64 / 48k (BRIDGED)
threshold: [10] Band 1 Threshold unit 'dB' (class bands_or_stages) | positions 16 (16 evenly spaced), one process each, levels quiet to loud
ratio: no control holds the ratio role | auto make-up disabled: no
default-threshold reference ('0.0', spec 4.7 check only):  -24.00 out-in 1.09  -12.00 out-in 0.73  -6.00 out-in 0.08  (default gain is information only)
linear reference (soft end): none
writes landed by: instack 1 pump 15
processes: 122 run, 0 retried, 0 position(s) failed
write verify: 16 landed, 0 write_unlanded (skipped), in-stack read already matched on 1 of 16, pump slices total 76, longest confirm 68.6 ms, re-rendered 0
hold doubled at positions: none
still moving AFTER doubling (reading not used): none

pos   norm      display        red@-24  red@-12  red@-6    T(peak)   T-display
  0  0.0000    -80.0             --       --       --          --          
  1  0.0667    -74.7             --       --       --          --          
  2  0.1333    -69.3             --       --       --          --          
  3  0.2000    -64.0             --       --       --          --          
  4  0.2667    -58.7             --       --       --          --          
  5  0.3333    -53.3             --       --       --          --          
  6  0.4000    -48.0             --       --       --          --          
  7  0.4667    -42.7             --       --       --          --          
  8  0.5333    -37.3             --       --       --          --          
  9  0.6000    -32.0             --       --       --          --          
 10  0.6667    -26.7             --       --       --          --          
 11  0.7333    -21.3             --       --       --          --          
 12  0.8000    -16.0             --       --       --          --          
 13  0.8667    -10.7             --       --       --          --          
 14  0.9333    -5.3              --       --       --          --          
 15  1.0000    0.0               --       --       --          --          

1 MAP:             flat (no two positions differ by more than 1 dB at any test level) | sense -- | engage -24.00:none -12.00:none -6.00:none
2 engage drift:    null  (not a dB display)   (primary; displayLinear unset until the population decides)
   offset IQR:      null
3 displayOffsetDb: null
fixture: AudioUnit_4930607d_12.0.0.json

CANDIDATE [19] Band 2 Threshold (flags ) - C6 (s) (class bands_or_stages, 6 candidates; the others at their instantiate defaults)
probe: signed EchoJayProbe (feat/ejmap-cert), team 8BT5F9B887, cdhash 06b9a8eb323f17699292139ef27f6206075e8958
host: EJ Map 0.1.0 / x86_64 / 48k (BRIDGED)
threshold: [19] Band 2 Threshold unit 'dB' (class bands_or_stages) | positions 16 (16 evenly spaced), one process each, levels quiet to loud
ratio: no control holds the ratio role | auto make-up disabled: no
default-threshold reference ('0.0', spec 4.7 check only):  -24.00 out-in 1.09  -12.00 out-in 0.73  -6.00 out-in 0.08  (default gain is information only)
linear reference (soft end): none
writes landed by: instack 1 pump 15
processes: 122 run, 0 retried, 0 position(s) failed
write verify: 16 landed, 0 write_unlanded (skipped), in-stack read already matched on 1 of 16, pump slices total 72, longest confirm 69.3 ms, re-rendered 0
hold doubled at positions: none
still moving AFTER doubling (reading not used): none

pos   norm      display        red@-24  red@-12  red@-6    T(peak)   T-display
  0  0.0000    -80.0             --       --       --          --          
  1  0.0667    -74.7             --       --       --          --          
  2  0.1333    -69.3             --       --       --          --          
  3  0.2000    -64.0             --       --       --          --          
  4  0.2667    -58.7             --       --       --          --          
  5  0.3333    -53.3             --       --       --          --          
  6  0.4000    -48.0             --       --       --          --          
  7  0.4667    -42.7             --       --       --          --          
  8  0.5333    -37.3             --       --       --          --          
  9  0.6000    -32.0             --       --       --          --          
 10  0.6667    -26.7             --       --       --          --          
 11  0.7333    -21.3             --       --       --          --          
 12  0.8000    -16.0             --       --       --          --          
 13  0.8667    -10.7             --       --       --          --          
 14  0.9333    -5.3              --       --       --          --          
 15  1.0000    0.0               --       --       --          --          

1 MAP:             flat (no two positions differ by more than 1 dB at any test level) | sense -- | engage -24.00:none -12.00:none -6.00:none
2 engage drift:    null  (not a dB display)   (primary; displayLinear unset until the population decides)
   offset IQR:      null
3 displayOffsetDb: null
fixture: AudioUnit_4930607d_12.0.0.json

CANDIDATE [26] Band 3 Threshold (flags ) - C6 (s) (class bands_or_stages, 6 candidates; the others at their instantiate defaults)
probe: signed EchoJayProbe (feat/ejmap-cert), team 8BT5F9B887, cdhash 06b9a8eb323f17699292139ef27f6206075e8958
host: EJ Map 0.1.0 / x86_64 / 48k (BRIDGED)
threshold: [26] Band 3 Threshold unit 'dB' (class bands_or_stages) | positions 16 (16 evenly spaced), one process each, levels quiet to loud
ratio: no control holds the ratio role | auto make-up disabled: no
default-threshold reference ('0.0', spec 4.7 check only):  -24.00 out-in 1.09  -12.00 out-in 0.73  -6.00 out-in 0.08  (default gain is information only)
linear reference: each position's own gain at -48, checked against -54 (must differ by 6 dB within 0.1): -0.28 -0.48 -0.80 -1.20 -1.51 -1.52 -1.17 -0.70 -0.33 -0.13 -0.05 -0.01 -0.00 -0.00 0.00 0.00
writes landed by: instack 1 pump 15
processes: 122 run, 0 retried, 0 position(s) failed
write verify: 16 landed, 0 write_unlanded (skipped), in-stack read already matched on 1 of 16, pump slices total 69, longest confirm 63.8 ms, re-rendered 0
hold doubled at positions: none
still moving AFTER doubling (reading not used): none

pos   norm      display        red@-24  red@-12  red@-6    T(peak)   T-display
  0  0.0000    -80.0             --       --       --          --          
  1  0.0667    -74.7             --       --       --          --          
  2  0.1333    -69.3             --       --       --          --          
  3  0.2000    -64.0             --       --       --          --          
  4  0.2667    -58.7             --       --       --          --          
  5  0.3333    -53.3             --       --       --          --          
  6  0.4000    -48.0             --       --       --          --          
  7  0.4667    -42.7             --       --       --          --          
  8  0.5333    -37.3             --       --       --          --          
  9  0.6000    -32.0             --       --       --          --          
 10  0.6667    -26.7           2.82     5.67     6.52          --          
 11  0.7333    -21.3           1.60     4.57     5.82          --          
 12  0.8000    -16.0           0.77     3.22     4.75          --          
 13  0.8667    -10.7           0.31     1.92     3.41          --          
 14  0.9333    -5.3            0.11     0.94     2.05          --          
 15  1.0000    0.0             0.04     0.40     1.04          --          

1 MAP:             certified (ratio unknown (no ratio control): no dB-equivalent map) | sense lower_is_harder | engage -24.00:12 -12.00:14 -6.00:15
2 engage drift:    0.84  -12.00:9.13  -24.00:9.68  -6.00:8.83   (primary; displayLinear unset until the population decides)
   offset IQR:      null
3 displayOffsetDb: null
fixture: AudioUnit_4930607d_12.0.0.json

CANDIDATE [33] Band 4 Threshold (flags ) - C6 (s) (class bands_or_stages, 6 candidates; the others at their instantiate defaults)
probe: signed EchoJayProbe (feat/ejmap-cert), team 8BT5F9B887, cdhash 06b9a8eb323f17699292139ef27f6206075e8958
host: EJ Map 0.1.0 / x86_64 / 48k (BRIDGED)
threshold: [33] Band 4 Threshold unit 'dB' (class bands_or_stages) | positions 16 (16 evenly spaced), one process each, levels quiet to loud
ratio: no control holds the ratio role | auto make-up disabled: no
default-threshold reference ('0.0', spec 4.7 check only):  -24.00 out-in 1.09  -12.00 out-in 0.73  -6.00 out-in 0.08  (default gain is information only)
linear reference (soft end): none
writes landed by: instack 1 pump 15
processes: 122 run, 0 retried, 0 position(s) failed
write verify: 16 landed, 0 write_unlanded (skipped), in-stack read already matched on 1 of 16, pump slices total 69, longest confirm 89.5 ms, re-rendered 0
hold doubled at positions: none
still moving AFTER doubling (reading not used): none

pos   norm      display        red@-24  red@-12  red@-6    T(peak)   T-display
  0  0.0000    -80.0             --       --       --          --          
  1  0.0667    -74.7             --       --       --          --          
  2  0.1333    -69.3             --       --       --          --          
  3  0.2000    -64.0             --       --       --          --          
  4  0.2667    -58.7             --       --       --          --          
  5  0.3333    -53.3             --       --       --          --          
  6  0.4000    -48.0             --       --       --          --          
  7  0.4667    -42.7             --       --       --          --          
  8  0.5333    -37.3             --       --       --          --          
  9  0.6000    -32.0             --       --       --          --          
 10  0.6667    -26.7             --       --       --          --          
 11  0.7333    -21.3             --       --       --          --          
 12  0.8000    -16.0             --       --       --          --          
 13  0.8667    -10.7             --       --       --          --          
 14  0.9333    -5.3              --       --       --          --          
 15  1.0000    0.0               --       --       --          --          

1 MAP:             flat (no two positions differ by more than 1 dB at any test level) | sense -- | engage -24.00:none -12.00:none -6.00:none
2 engage drift:    null  (not a dB display)   (primary; displayLinear unset until the population decides)
   offset IQR:      null
3 displayOffsetDb: null
fixture: AudioUnit_4930607d_12.0.0.json

CANDIDATE [40] Band 5 Threshold (flags ) - C6 (s) (class bands_or_stages, 6 candidates; the others at their instantiate defaults)
probe: signed EchoJayProbe (feat/ejmap-cert), team 8BT5F9B887, cdhash 06b9a8eb323f17699292139ef27f6206075e8958
host: EJ Map 0.1.0 / x86_64 / 48k (BRIDGED)
threshold: [40] Band 5 Threshold unit 'dB' (class bands_or_stages) | positions 16 (16 evenly spaced), one process each, levels quiet to loud
ratio: no control holds the ratio role | auto make-up disabled: no
default-threshold reference ('0.0', spec 4.7 check only):  -24.00 out-in 1.09  -12.00 out-in 0.73  -6.00 out-in 0.08  (default gain is information only)
linear reference (soft end): none
writes landed by: instack 1 pump 15
processes: 122 run, 0 retried, 0 position(s) failed
write verify: 16 landed, 0 write_unlanded (skipped), in-stack read already matched on 1 of 16, pump slices total 72, longest confirm 75.4 ms, re-rendered 0
hold doubled at positions: none
still moving AFTER doubling (reading not used): none

pos   norm      display        red@-24  red@-12  red@-6    T(peak)   T-display
  0  0.0000    -80.0             --       --       --          --          
  1  0.0667    -74.7             --       --       --          --          
  2  0.1333    -69.3             --       --       --          --          
  3  0.2000    -64.0             --       --       --          --          
  4  0.2667    -58.7             --       --       --          --          
  5  0.3333    -53.3             --       --       --          --          
  6  0.4000    -48.0             --       --       --          --          
  7  0.4667    -42.7             --       --       --          --          
  8  0.5333    -37.3             --       --       --          --          
  9  0.6000    -32.0             --       --       --          --          
 10  0.6667    -26.7             --       --       --          --          
 11  0.7333    -21.3             --       --       --          --          
 12  0.8000    -16.0             --       --       --          --          
 13  0.8667    -10.7             --       --       --          --          
 14  0.9333    -5.3              --       --       --          --          
 15  1.0000    0.0               --       --       --          --          

1 MAP:             flat (no two positions differ by more than 1 dB at any test level) | sense -- | engage -24.00:none -12.00:none -6.00:none
2 engage drift:    null  (not a dB display)   (primary; displayLinear unset until the population decides)
   offset IQR:      null
3 displayOffsetDb: null
fixture: AudioUnit_4930607d_12.0.0.json

CANDIDATE [47] Band 6 Threshold (flags ) - C6 (s) (class bands_or_stages, 6 candidates; the others at their instantiate defaults)
probe: signed EchoJayProbe (feat/ejmap-cert), team 8BT5F9B887, cdhash 06b9a8eb323f17699292139ef27f6206075e8958
host: EJ Map 0.1.0 / x86_64 / 48k (BRIDGED)
threshold: [47] Band 6 Threshold unit 'dB' (class bands_or_stages) | positions 16 (16 evenly spaced), one process each, levels quiet to loud
ratio: no control holds the ratio role | auto make-up disabled: no
default-threshold reference ('0.0', spec 4.7 check only):  -24.00 out-in 1.09  -12.00 out-in 0.73  -6.00 out-in 0.08  (default gain is information only)
linear reference (soft end): none
writes landed by: instack 1 pump 15
processes: 122 run, 0 retried, 0 position(s) failed
write verify: 16 landed, 0 write_unlanded (skipped), in-stack read already matched on 1 of 16, pump slices total 96, longest confirm 64.2 ms, re-rendered 0
hold doubled at positions: none
still moving AFTER doubling (reading not used): none

pos   norm      display        red@-24  red@-12  red@-6    T(peak)   T-display
  0  0.0000    -80.0             --       --       --          --          
  1  0.0667    -74.7             --       --       --          --          
  2  0.1333    -69.3             --       --       --          --          
  3  0.2000    -64.0             --       --       --          --          
  4  0.2667    -58.7             --       --       --          --          
  5  0.3333    -53.3             --       --       --          --          
  6  0.4000    -48.0             --       --       --          --          
  7  0.4667    -42.7             --       --       --          --          
  8  0.5333    -37.3             --       --       --          --          
  9  0.6000    -32.0             --       --       --          --          
 10  0.6667    -26.7             --       --       --          --          
 11  0.7333    -21.3             --       --       --          --          
 12  0.8000    -16.0             --       --       --          --          
 13  0.8667    -10.7             --       --       --          --          
 14  0.9333    -5.3              --       --       --          --          
 15  1.0000    0.0               --       --       --          --          

1 MAP:             flat (no two positions differ by more than 1 dB at any test level) | sense -- | engage -24.00:none -12.00:none -6.00:none
2 engage drift:    null  (not a dB display)   (primary; displayLinear unset until the population decides)
   offset IQR:      null
3 displayOffsetDb: null
fixture: AudioUnit_4930607d_12.0.0.json

--- exit=0   19:33:08   ilok=[]
=== [7] C6-SideChain (m)   19:33:08   ilok=[]   power='Battery Power'
  sweeping C6-SideChain (m) candidate [10] Band 1 Threshold (unseen version 12.0.0: defaults sampled first) - 1 reference + 16 position processes
  sweeping C6-SideChain (m) candidate [20] Band 2 Threshold (unseen version 12.0.0: defaults sampled first) - 1 reference + 16 position processes
  sweeping C6-SideChain (m) candidate [28] Band 3 Threshold (unseen version 12.0.0: defaults sampled first) - 1 reference + 16 position processes
  soft end has no linear anchor (the soft end is not linear: its gain spans 1.00 dB across the levels, 13.3% of the 7.53 dB response (bar 8.3%)): re-sweeping with the quiet-level reference
  sweeping C6-SideChain (m) candidate [28] Band 3 Threshold (unseen version 12.0.0: defaults sampled first) - 1 reference + 16 position processes
  sweeping C6-SideChain (m) candidate [36] Band 4 Threshold (unseen version 12.0.0: defaults sampled first) - 1 reference + 16 position processes
  sweeping C6-SideChain (m) candidate [44] Band 5 Threshold (unseen version 12.0.0: defaults sampled first) - 1 reference + 16 position processes
  sweeping C6-SideChain (m) candidate [52] Band 6 Threshold (unseen version 12.0.0: defaults sampled first) - 1 reference + 16 position processes
CANDIDATE [10] Band 1 Threshold (flags ) - C6-SideChain (m) (class bands_or_stages, 6 candidates; the others at their instantiate defaults)
probe: signed EchoJayProbe (feat/ejmap-cert), team 8BT5F9B887, cdhash 06b9a8eb323f17699292139ef27f6206075e8958
host: EJ Map 0.1.0 / x86_64 / 48k (BRIDGED)
threshold: [10] Band 1 Threshold unit 'dB' (class bands_or_stages) | positions 16 (16 evenly spaced), one process each, levels quiet to loud
ratio: no control holds the ratio role | auto make-up disabled: no
default-threshold reference ('0.0', spec 4.7 check only):  -24.00 out-in 1.09  -12.00 out-in 0.73  -6.00 out-in 0.08  (default gain is information only)
linear reference (soft end): none
writes landed by: instack 1 pump 15
processes: 122 run, 0 retried, 0 position(s) failed
write verify: 16 landed, 0 write_unlanded (skipped), in-stack read already matched on 1 of 16, pump slices total 68, longest confirm 69.0 ms, re-rendered 0
hold doubled at positions: none
still moving AFTER doubling (reading not used): none

pos   norm      display        red@-24  red@-12  red@-6    T(peak)   T-display
  0  0.0000    -80.0             --       --       --          --          
  1  0.0667    -74.7             --       --       --          --          
  2  0.1333    -69.3             --       --       --          --          
  3  0.2000    -64.0             --       --       --          --          
  4  0.2667    -58.7             --       --       --          --          
  5  0.3333    -53.3             --       --       --          --          
  6  0.4000    -48.0             --       --       --          --          
  7  0.4667    -42.7             --       --       --          --          
  8  0.5333    -37.3             --       --       --          --          
  9  0.6000    -32.0             --       --       --          --          
 10  0.6667    -26.7             --       --       --          --          
 11  0.7333    -21.3             --       --       --          --          
 12  0.8000    -16.0             --       --       --          --          
 13  0.8667    -10.7             --       --       --          --          
 14  0.9333    -5.3              --       --       --          --          
 15  1.0000    0.0               --       --       --          --          

1 MAP:             flat (no two positions differ by more than 1 dB at any test level) | sense -- | engage -24.00:none -12.00:none -6.00:none
2 engage drift:    null  (not a dB display)   (primary; displayLinear unset until the population decides)
   offset IQR:      null
3 displayOffsetDb: null
fixture: AudioUnit_49306263_12.0.0.json

CANDIDATE [20] Band 2 Threshold (flags ) - C6-SideChain (m) (class bands_or_stages, 6 candidates; the others at their instantiate defaults)
probe: signed EchoJayProbe (feat/ejmap-cert), team 8BT5F9B887, cdhash 06b9a8eb323f17699292139ef27f6206075e8958
host: EJ Map 0.1.0 / x86_64 / 48k (BRIDGED)
threshold: [20] Band 2 Threshold unit 'dB' (class bands_or_stages) | positions 16 (16 evenly spaced), one process each, levels quiet to loud
ratio: no control holds the ratio role | auto make-up disabled: no
default-threshold reference ('0.0', spec 4.7 check only):  -24.00 out-in 1.09  -12.00 out-in 0.73  -6.00 out-in 0.08  (default gain is information only)
linear reference (soft end): none
writes landed by: instack 1 pump 15
processes: 122 run, 0 retried, 0 position(s) failed
write verify: 16 landed, 0 write_unlanded (skipped), in-stack read already matched on 1 of 16, pump slices total 86, longest confirm 68.8 ms, re-rendered 0
hold doubled at positions: none
still moving AFTER doubling (reading not used): none

pos   norm      display        red@-24  red@-12  red@-6    T(peak)   T-display
  0  0.0000    -80.0             --       --       --          --          
  1  0.0667    -74.7             --       --       --          --          
  2  0.1333    -69.3             --       --       --          --          
  3  0.2000    -64.0             --       --       --          --          
  4  0.2667    -58.7             --       --       --          --          
  5  0.3333    -53.3             --       --       --          --          
  6  0.4000    -48.0             --       --       --          --          
  7  0.4667    -42.7             --       --       --          --          
  8  0.5333    -37.3             --       --       --          --          
  9  0.6000    -32.0             --       --       --          --          
 10  0.6667    -26.7             --       --       --          --          
 11  0.7333    -21.3             --       --       --          --          
 12  0.8000    -16.0             --       --       --          --          
 13  0.8667    -10.7             --       --       --          --          
 14  0.9333    -5.3              --       --       --          --          
 15  1.0000    0.0               --       --       --          --          

1 MAP:             flat (no two positions differ by more than 1 dB at any test level) | sense -- | engage -24.00:none -12.00:none -6.00:none
2 engage drift:    null  (not a dB display)   (primary; displayLinear unset until the population decides)
   offset IQR:      null
3 displayOffsetDb: null
fixture: AudioUnit_49306263_12.0.0.json

CANDIDATE [28] Band 3 Threshold (flags ) - C6-SideChain (m) (class bands_or_stages, 6 candidates; the others at their instantiate defaults)
probe: signed EchoJayProbe (feat/ejmap-cert), team 8BT5F9B887, cdhash 06b9a8eb323f17699292139ef27f6206075e8958
host: EJ Map 0.1.0 / x86_64 / 48k (BRIDGED)
threshold: [28] Band 3 Threshold unit 'dB' (class bands_or_stages) | positions 16 (16 evenly spaced), one process each, levels quiet to loud
ratio: no control holds the ratio role | auto make-up disabled: no
default-threshold reference ('0.0', spec 4.7 check only):  -24.00 out-in 1.09  -12.00 out-in 0.73  -6.00 out-in 0.08  (default gain is information only)
linear reference: each position's own gain at -48, checked against -54 (must differ by 6 dB within 0.1): -0.28 -0.48 -0.80 -1.20 -1.51 -1.52 -1.17 -0.70 -0.33 -0.13 -0.05 -0.01 -0.00 -0.00 0.00 0.00
writes landed by: instack 1 pump 15
processes: 122 run, 0 retried, 0 position(s) failed
write verify: 16 landed, 0 write_unlanded (skipped), in-stack read already matched on 1 of 16, pump slices total 84, longest confirm 66.5 ms, re-rendered 0
hold doubled at positions: none
still moving AFTER doubling (reading not used): none

pos   norm      display        red@-24  red@-12  red@-6    T(peak)   T-display
  0  0.0000    -80.0             --       --       --          --          
  1  0.0667    -74.7             --       --       --          --          
  2  0.1333    -69.3             --       --       --          --          
  3  0.2000    -64.0             --       --       --          --          
  4  0.2667    -58.7             --       --       --          --          
  5  0.3333    -53.3             --       --       --          --          
  6  0.4000    -48.0             --       --       --          --          
  7  0.4667    -42.7             --       --       --          --          
  8  0.5333    -37.3             --       --       --          --          
  9  0.6000    -32.0             --       --       --          --          
 10  0.6667    -26.7           2.82     5.67     6.52          --          
 11  0.7333    -21.3           1.60     4.57     5.82          --          
 12  0.8000    -16.0           0.77     3.22     4.75          --          
 13  0.8667    -10.7           0.31     1.92     3.41          --          
 14  0.9333    -5.3            0.11     0.94     2.05          --          
 15  1.0000    0.0             0.04     0.40     1.04          --          

1 MAP:             certified (ratio unknown (no ratio control): no dB-equivalent map) | sense lower_is_harder | engage -24.00:12 -12.00:14 -6.00:15
2 engage drift:    0.84  -12.00:9.13  -24.00:9.68  -6.00:8.83   (primary; displayLinear unset until the population decides)
   offset IQR:      null
3 displayOffsetDb: null
fixture: AudioUnit_49306263_12.0.0.json

CANDIDATE [36] Band 4 Threshold (flags ) - C6-SideChain (m) (class bands_or_stages, 6 candidates; the others at their instantiate defaults)
probe: signed EchoJayProbe (feat/ejmap-cert), team 8BT5F9B887, cdhash 06b9a8eb323f17699292139ef27f6206075e8958
host: EJ Map 0.1.0 / x86_64 / 48k (BRIDGED)
threshold: [36] Band 4 Threshold unit 'dB' (class bands_or_stages) | positions 16 (16 evenly spaced), one process each, levels quiet to loud
ratio: no control holds the ratio role | auto make-up disabled: no
default-threshold reference ('0.0', spec 4.7 check only):  -24.00 out-in 1.09  -12.00 out-in 0.73  -6.00 out-in 0.08  (default gain is information only)
linear reference (soft end): none
writes landed by: instack 1 pump 15
processes: 122 run, 0 retried, 0 position(s) failed
write verify: 16 landed, 0 write_unlanded (skipped), in-stack read already matched on 1 of 16, pump slices total 72, longest confirm 69.4 ms, re-rendered 0
hold doubled at positions: none
still moving AFTER doubling (reading not used): none

pos   norm      display        red@-24  red@-12  red@-6    T(peak)   T-display
  0  0.0000    -80.0             --       --       --          --          
  1  0.0667    -74.7             --       --       --          --          
  2  0.1333    -69.3             --       --       --          --          
  3  0.2000    -64.0             --       --       --          --          
  4  0.2667    -58.7             --       --       --          --          
  5  0.3333    -53.3             --       --       --          --          
  6  0.4000    -48.0             --       --       --          --          
  7  0.4667    -42.7             --       --       --          --          
  8  0.5333    -37.3             --       --       --          --          
  9  0.6000    -32.0             --       --       --          --          
 10  0.6667    -26.7             --       --       --          --          
 11  0.7333    -21.3             --       --       --          --          
 12  0.8000    -16.0             --       --       --          --          
 13  0.8667    -10.7             --       --       --          --          
 14  0.9333    -5.3              --       --       --          --          
 15  1.0000    0.0               --       --       --          --          

1 MAP:             flat (no two positions differ by more than 1 dB at any test level) | sense -- | engage -24.00:none -12.00:none -6.00:none
2 engage drift:    null  (not a dB display)   (primary; displayLinear unset until the population decides)
   offset IQR:      null
3 displayOffsetDb: null
fixture: AudioUnit_49306263_12.0.0.json

CANDIDATE [44] Band 5 Threshold (flags ) - C6-SideChain (m) (class bands_or_stages, 6 candidates; the others at their instantiate defaults)
probe: signed EchoJayProbe (feat/ejmap-cert), team 8BT5F9B887, cdhash 06b9a8eb323f17699292139ef27f6206075e8958
host: EJ Map 0.1.0 / x86_64 / 48k (BRIDGED)
threshold: [44] Band 5 Threshold unit 'dB' (class bands_or_stages) | positions 16 (16 evenly spaced), one process each, levels quiet to loud
ratio: no control holds the ratio role | auto make-up disabled: no
default-threshold reference ('0.0', spec 4.7 check only):  -24.00 out-in 1.09  -12.00 out-in 0.73  -6.00 out-in 0.08  (default gain is information only)
linear reference (soft end): none
writes landed by: instack 1 pump 15
processes: 122 run, 0 retried, 0 position(s) failed
write verify: 16 landed, 0 write_unlanded (skipped), in-stack read already matched on 1 of 16, pump slices total 70, longest confirm 68.4 ms, re-rendered 0
hold doubled at positions: none
still moving AFTER doubling (reading not used): none

pos   norm      display        red@-24  red@-12  red@-6    T(peak)   T-display
  0  0.0000    -80.0             --       --       --          --          
  1  0.0667    -74.7             --       --       --          --          
  2  0.1333    -69.3             --       --       --          --          
  3  0.2000    -64.0             --       --       --          --          
  4  0.2667    -58.7             --       --       --          --          
  5  0.3333    -53.3             --       --       --          --          
  6  0.4000    -48.0             --       --       --          --          
  7  0.4667    -42.7             --       --       --          --          
  8  0.5333    -37.3             --       --       --          --          
  9  0.6000    -32.0             --       --       --          --          
 10  0.6667    -26.7             --       --       --          --          
 11  0.7333    -21.3             --       --       --          --          
 12  0.8000    -16.0             --       --       --          --          
 13  0.8667    -10.7             --       --       --          --          
 14  0.9333    -5.3              --       --       --          --          
 15  1.0000    0.0               --       --       --          --          

1 MAP:             flat (no two positions differ by more than 1 dB at any test level) | sense -- | engage -24.00:none -12.00:none -6.00:none
2 engage drift:    null  (not a dB display)   (primary; displayLinear unset until the population decides)
   offset IQR:      null
3 displayOffsetDb: null
fixture: AudioUnit_49306263_12.0.0.json

CANDIDATE [52] Band 6 Threshold (flags ) - C6-SideChain (m) (class bands_or_stages, 6 candidates; the others at their instantiate defaults)
probe: signed EchoJayProbe (feat/ejmap-cert), team 8BT5F9B887, cdhash 06b9a8eb323f17699292139ef27f6206075e8958
host: EJ Map 0.1.0 / x86_64 / 48k (BRIDGED)
threshold: [52] Band 6 Threshold unit 'dB' (class bands_or_stages) | positions 16 (16 evenly spaced), one process each, levels quiet to loud
ratio: no control holds the ratio role | auto make-up disabled: no
default-threshold reference ('0.0', spec 4.7 check only):  -24.00 out-in 1.09  -12.00 out-in 0.73  -6.00 out-in 0.08  (default gain is information only)
linear reference (soft end): none
writes landed by: instack 1 pump 15
processes: 122 run, 0 retried, 0 position(s) failed
write verify: 16 landed, 0 write_unlanded (skipped), in-stack read already matched on 1 of 16, pump slices total 97, longest confirm 69.4 ms, re-rendered 0
hold doubled at positions: none
still moving AFTER doubling (reading not used): none

pos   norm      display        red@-24  red@-12  red@-6    T(peak)   T-display
  0  0.0000    -80.0             --       --       --          --          
  1  0.0667    -74.7             --       --       --          --          
  2  0.1333    -69.3             --       --       --          --          
  3  0.2000    -64.0             --       --       --          --          
  4  0.2667    -58.7             --       --       --          --          
  5  0.3333    -53.3             --       --       --          --          
  6  0.4000    -48.0             --       --       --          --          
  7  0.4667    -42.7             --       --       --          --          
  8  0.5333    -37.3             --       --       --          --          
  9  0.6000    -32.0             --       --       --          --          
 10  0.6667    -26.7             --       --       --          --          
 11  0.7333    -21.3             --       --       --          --          
 12  0.8000    -16.0             --       --       --          --          
 13  0.8667    -10.7             --       --       --          --          
 14  0.9333    -5.3              --       --       --          --          
 15  1.0000    0.0               --       --       --          --          

1 MAP:             flat (no two positions differ by more than 1 dB at any test level) | sense -- | engage -24.00:none -12.00:none -6.00:none
2 engage drift:    null  (not a dB display)   (primary; displayLinear unset until the population decides)
   offset IQR:      null
3 displayOffsetDb: null
fixture: AudioUnit_49306263_12.0.0.json

--- exit=0   19:42:04   ilok=[]
=== [8] C6-SideChain (s)   19:42:04   ilok=[]   power='Battery Power'
  sweeping C6-SideChain (s) candidate [10] Band 1 Threshold (unseen version 12.0.0: defaults sampled first) - 1 reference + 16 position processes
  sweeping C6-SideChain (s) candidate [20] Band 2 Threshold (unseen version 12.0.0: defaults sampled first) - 1 reference + 16 position processes
  sweeping C6-SideChain (s) candidate [28] Band 3 Threshold (unseen version 12.0.0: defaults sampled first) - 1 reference + 16 position processes
  soft end has no linear anchor (the soft end is not linear: its gain spans 1.00 dB across the levels, 13.3% of the 7.53 dB response (bar 8.3%)): re-sweeping with the quiet-level reference
  sweeping C6-SideChain (s) candidate [28] Band 3 Threshold (unseen version 12.0.0: defaults sampled first) - 1 reference + 16 position processes
  sweeping C6-SideChain (s) candidate [36] Band 4 Threshold (unseen version 12.0.0: defaults sampled first) - 1 reference + 16 position processes
MAINS CONFIRMED 13:44:07: Now drawing from 'AC Power'
=== [8] C6-SideChain (s)   13:44:28   ilok=[0x00130000 / 1]   power='AC Power'
  sweeping C6-SideChain (s) candidate [10] Band 1 Threshold (unseen version 12.0.0: defaults sampled first) - 1 reference + 16 position processes
  sweeping C6-SideChain (s) candidate [20] Band 2 Threshold (unseen version 12.0.0: defaults sampled first) - 1 reference + 16 position processes
  sweeping C6-SideChain (s) candidate [28] Band 3 Threshold (unseen version 12.0.0: defaults sampled first) - 1 reference + 16 position processes
  soft end has no linear anchor (the soft end is not linear: its gain spans 1.00 dB across the levels, 13.3% of the 7.53 dB response (bar 8.3%)): re-sweeping with the quiet-level reference
  sweeping C6-SideChain (s) candidate [28] Band 3 Threshold (unseen version 12.0.0: defaults sampled first) - 1 reference + 16 position processes
  sweeping C6-SideChain (s) candidate [36] Band 4 Threshold (unseen version 12.0.0: defaults sampled first) - 1 reference + 16 position processes
  sweeping C6-SideChain (s) candidate [44] Band 5 Threshold (unseen version 12.0.0: defaults sampled first) - 1 reference + 16 position processes
  sweeping C6-SideChain (s) candidate [52] Band 6 Threshold (unseen version 12.0.0: defaults sampled first) - 1 reference + 16 position processes
CANDIDATE [10] Band 1 Threshold (flags ) - C6-SideChain (s) (class bands_or_stages, 6 candidates; the others at their instantiate defaults)
probe: signed EchoJayProbe (feat/ejmap-cert), team 8BT5F9B887, cdhash 7b4d5551560419225f50677353c7e6577542be67
host: EJ Map 0.1.0 / x86_64 / 48k (BRIDGED)
threshold: [10] Band 1 Threshold unit 'dB' (class bands_or_stages) | positions 16 (16 evenly spaced), one process each, levels quiet to loud
ratio: no control holds the ratio role | auto make-up disabled: no
default-threshold reference ('0.0', spec 4.7 check only):  -24.00 out-in 1.09  -12.00 out-in 0.73  -6.00 out-in 0.08  (default gain is information only)
linear reference (soft end): none
writes landed by: instack 1 pump 15
processes: 122 run, 0 retried, 0 position(s) failed
write verify: 16 landed, 0 write_unlanded (skipped), in-stack read already matched on 1 of 16, pump slices total 74, longest confirm 65.5 ms, re-rendered 0
hold doubled at positions: none
still moving AFTER doubling (reading not used): none

pos   norm      display        red@-24  red@-12  red@-6    T(peak)   T-display
  0  0.0000    -80.0             --       --       --          --          
  1  0.0667    -74.7             --       --       --          --          
  2  0.1333    -69.3             --       --       --          --          
  3  0.2000    -64.0             --       --       --          --          
  4  0.2667    -58.7             --       --       --          --          
  5  0.3333    -53.3             --       --       --          --          
  6  0.4000    -48.0             --       --       --          --          
  7  0.4667    -42.7             --       --       --          --          
  8  0.5333    -37.3             --       --       --          --          
  9  0.6000    -32.0             --       --       --          --          
 10  0.6667    -26.7             --       --       --          --          
 11  0.7333    -21.3             --       --       --          --          
 12  0.8000    -16.0             --       --       --          --          
 13  0.8667    -10.7             --       --       --          --          
 14  0.9333    -5.3              --       --       --          --          
 15  1.0000    0.0               --       --       --          --          

1 MAP:             flat (no two positions differ by more than 1 dB at any test level) | sense -- | engage -24.00:none -12.00:none -6.00:none
2 engage drift:    null  (not a dB display)   (primary; displayLinear unset until the population decides)
   offset IQR:      null
3 displayOffsetDb: null
fixture: AudioUnit_4930627d_12.0.0.json

CANDIDATE [20] Band 2 Threshold (flags ) - C6-SideChain (s) (class bands_or_stages, 6 candidates; the others at their instantiate defaults)
probe: signed EchoJayProbe (feat/ejmap-cert), team 8BT5F9B887, cdhash 7b4d5551560419225f50677353c7e6577542be67
host: EJ Map 0.1.0 / x86_64 / 48k (BRIDGED)
threshold: [20] Band 2 Threshold unit 'dB' (class bands_or_stages) | positions 16 (16 evenly spaced), one process each, levels quiet to loud
ratio: no control holds the ratio role | auto make-up disabled: no
default-threshold reference ('0.0', spec 4.7 check only):  -24.00 out-in 1.09  -12.00 out-in 0.73  -6.00 out-in 0.08  (default gain is information only)
linear reference (soft end): none
writes landed by: instack 1 pump 15
processes: 122 run, 0 retried, 0 position(s) failed
write verify: 16 landed, 0 write_unlanded (skipped), in-stack read already matched on 1 of 16, pump slices total 86, longest confirm 68.7 ms, re-rendered 0
hold doubled at positions: none
still moving AFTER doubling (reading not used): none

pos   norm      display        red@-24  red@-12  red@-6    T(peak)   T-display
  0  0.0000    -80.0             --       --       --          --          
  1  0.0667    -74.7             --       --       --          --          
  2  0.1333    -69.3             --       --       --          --          
  3  0.2000    -64.0             --       --       --          --          
  4  0.2667    -58.7             --       --       --          --          
  5  0.3333    -53.3             --       --       --          --          
  6  0.4000    -48.0             --       --       --          --          
  7  0.4667    -42.7             --       --       --          --          
  8  0.5333    -37.3             --       --       --          --          
  9  0.6000    -32.0             --       --       --          --          
 10  0.6667    -26.7             --       --       --          --          
 11  0.7333    -21.3             --       --       --          --          
 12  0.8000    -16.0             --       --       --          --          
 13  0.8667    -10.7             --       --       --          --          
 14  0.9333    -5.3              --       --       --          --          
 15  1.0000    0.0               --       --       --          --          

1 MAP:             flat (no two positions differ by more than 1 dB at any test level) | sense -- | engage -24.00:none -12.00:none -6.00:none
2 engage drift:    null  (not a dB display)   (primary; displayLinear unset until the population decides)
   offset IQR:      null
3 displayOffsetDb: null
fixture: AudioUnit_4930627d_12.0.0.json

CANDIDATE [28] Band 3 Threshold (flags ) - C6-SideChain (s) (class bands_or_stages, 6 candidates; the others at their instantiate defaults)
probe: signed EchoJayProbe (feat/ejmap-cert), team 8BT5F9B887, cdhash 7b4d5551560419225f50677353c7e6577542be67
host: EJ Map 0.1.0 / x86_64 / 48k (BRIDGED)
threshold: [28] Band 3 Threshold unit 'dB' (class bands_or_stages) | positions 16 (16 evenly spaced), one process each, levels quiet to loud
ratio: no control holds the ratio role | auto make-up disabled: no
default-threshold reference ('0.0', spec 4.7 check only):  -24.00 out-in 1.09  -12.00 out-in 0.73  -6.00 out-in 0.08  (default gain is information only)
linear reference: each position's own gain at -48, checked against -54 (must differ by 6 dB within 0.1): -0.28 -0.48 -0.80 -1.20 -1.51 -1.52 -1.17 -0.70 -0.33 -0.13 -0.05 -0.01 -0.00 -0.00 0.00 0.00
writes landed by: instack 1 pump 15
processes: 122 run, 0 retried, 0 position(s) failed
write verify: 16 landed, 0 write_unlanded (skipped), in-stack read already matched on 1 of 16, pump slices total 85, longest confirm 68.9 ms, re-rendered 0
hold doubled at positions: none
still moving AFTER doubling (reading not used): none

pos   norm      display        red@-24  red@-12  red@-6    T(peak)   T-display
  0  0.0000    -80.0             --       --       --          --          
  1  0.0667    -74.7             --       --       --          --          
  2  0.1333    -69.3             --       --       --          --          
  3  0.2000    -64.0             --       --       --          --          
  4  0.2667    -58.7             --       --       --          --          
  5  0.3333    -53.3             --       --       --          --          
  6  0.4000    -48.0             --       --       --          --          
  7  0.4667    -42.7             --       --       --          --          
  8  0.5333    -37.3             --       --       --          --          
  9  0.6000    -32.0             --       --       --          --          
 10  0.6667    -26.7           2.82     5.67     6.52          --          
 11  0.7333    -21.3           1.60     4.57     5.82          --          
 12  0.8000    -16.0           0.77     3.22     4.75          --          
 13  0.8667    -10.7           0.31     1.92     3.41          --          
 14  0.9333    -5.3            0.11     0.94     2.05          --          
 15  1.0000    0.0             0.04     0.40     1.04          --          

1 MAP:             certified (ratio unknown (no ratio control): no dB-equivalent map) | sense lower_is_harder | engage -24.00:12 -12.00:14 -6.00:15
2 engage drift:    0.84  -12.00:9.13  -24.00:9.68  -6.00:8.83   (primary; displayLinear unset until the population decides)
   offset IQR:      null
3 displayOffsetDb: null
fixture: AudioUnit_4930627d_12.0.0.json

CANDIDATE [36] Band 4 Threshold (flags ) - C6-SideChain (s) (class bands_or_stages, 6 candidates; the others at their instantiate defaults)
probe: signed EchoJayProbe (feat/ejmap-cert), team 8BT5F9B887, cdhash 7b4d5551560419225f50677353c7e6577542be67
host: EJ Map 0.1.0 / x86_64 / 48k (BRIDGED)
threshold: [36] Band 4 Threshold unit 'dB' (class bands_or_stages) | positions 16 (16 evenly spaced), one process each, levels quiet to loud
ratio: no control holds the ratio role | auto make-up disabled: no
default-threshold reference ('0.0', spec 4.7 check only):  -24.00 out-in 1.09  -12.00 out-in 0.73  -6.00 out-in 0.08  (default gain is information only)
linear reference (soft end): none
writes landed by: instack 1 pump 15
processes: 122 run, 0 retried, 0 position(s) failed
write verify: 16 landed, 0 write_unlanded (skipped), in-stack read already matched on 1 of 16, pump slices total 87, longest confirm 71.0 ms, re-rendered 0
hold doubled at positions: none
still moving AFTER doubling (reading not used): none

pos   norm      display        red@-24  red@-12  red@-6    T(peak)   T-display
  0  0.0000    -80.0             --       --       --          --          
  1  0.0667    -74.7             --       --       --          --          
  2  0.1333    -69.3             --       --       --          --          
  3  0.2000    -64.0             --       --       --          --          
  4  0.2667    -58.7             --       --       --          --          
  5  0.3333    -53.3             --       --       --          --          
  6  0.4000    -48.0             --       --       --          --          
  7  0.4667    -42.7             --       --       --          --          
  8  0.5333    -37.3             --       --       --          --          
  9  0.6000    -32.0             --       --       --          --          
 10  0.6667    -26.7             --       --       --          --          
 11  0.7333    -21.3             --       --       --          --          
 12  0.8000    -16.0             --       --       --          --          
 13  0.8667    -10.7             --       --       --          --          
 14  0.9333    -5.3              --       --       --          --          
 15  1.0000    0.0               --       --       --          --          

1 MAP:             flat (no two positions differ by more than 1 dB at any test level) | sense -- | engage -24.00:none -12.00:none -6.00:none
2 engage drift:    null  (not a dB display)   (primary; displayLinear unset until the population decides)
   offset IQR:      null
3 displayOffsetDb: null
fixture: AudioUnit_4930627d_12.0.0.json

CANDIDATE [44] Band 5 Threshold (flags ) - C6-SideChain (s) (class bands_or_stages, 6 candidates; the others at their instantiate defaults)
probe: signed EchoJayProbe (feat/ejmap-cert), team 8BT5F9B887, cdhash 7b4d5551560419225f50677353c7e6577542be67
host: EJ Map 0.1.0 / x86_64 / 48k (BRIDGED)
threshold: [44] Band 5 Threshold unit 'dB' (class bands_or_stages) | positions 16 (16 evenly spaced), one process each, levels quiet to loud
ratio: no control holds the ratio role | auto make-up disabled: no
default-threshold reference ('0.0', spec 4.7 check only):  -24.00 out-in 1.09  -12.00 out-in 0.73  -6.00 out-in 0.08  (default gain is information only)
linear reference (soft end): none
writes landed by: instack 1 pump 15
processes: 122 run, 0 retried, 0 position(s) failed
write verify: 16 landed, 0 write_unlanded (skipped), in-stack read already matched on 1 of 16, pump slices total 86, longest confirm 89.5 ms, re-rendered 0
hold doubled at positions: none
still moving AFTER doubling (reading not used): none

pos   norm      display        red@-24  red@-12  red@-6    T(peak)   T-display
  0  0.0000    -80.0             --       --       --          --          
  1  0.0667    -74.7             --       --       --          --          
  2  0.1333    -69.3             --       --       --          --          
  3  0.2000    -64.0             --       --       --          --          
  4  0.2667    -58.7             --       --       --          --          
  5  0.3333    -53.3             --       --       --          --          
  6  0.4000    -48.0             --       --       --          --          
  7  0.4667    -42.7             --       --       --          --          
  8  0.5333    -37.3             --       --       --          --          
  9  0.6000    -32.0             --       --       --          --          
 10  0.6667    -26.7             --       --       --          --          
 11  0.7333    -21.3             --       --       --          --          
 12  0.8000    -16.0             --       --       --          --          
 13  0.8667    -10.7             --       --       --          --          
 14  0.9333    -5.3              --       --       --          --          
 15  1.0000    0.0               --       --       --          --          

1 MAP:             flat (no two positions differ by more than 1 dB at any test level) | sense -- | engage -24.00:none -12.00:none -6.00:none
2 engage drift:    null  (not a dB display)   (primary; displayLinear unset until the population decides)
   offset IQR:      null
3 displayOffsetDb: null
fixture: AudioUnit_4930627d_12.0.0.json

CANDIDATE [52] Band 6 Threshold (flags ) - C6-SideChain (s) (class bands_or_stages, 6 candidates; the others at their instantiate defaults)
probe: signed EchoJayProbe (feat/ejmap-cert), team 8BT5F9B887, cdhash 7b4d5551560419225f50677353c7e6577542be67
host: EJ Map 0.1.0 / x86_64 / 48k (BRIDGED)
threshold: [52] Band 6 Threshold unit 'dB' (class bands_or_stages) | positions 16 (16 evenly spaced), one process each, levels quiet to loud
ratio: no control holds the ratio role | auto make-up disabled: no
default-threshold reference ('0.0', spec 4.7 check only):  -24.00 out-in 1.09  -12.00 out-in 0.73  -6.00 out-in 0.08  (default gain is information only)
linear reference (soft end): none
writes landed by: instack 1 pump 15
processes: 122 run, 0 retried, 0 position(s) failed
write verify: 16 landed, 0 write_unlanded (skipped), in-stack read already matched on 1 of 16, pump slices total 68, longest confirm 64.6 ms, re-rendered 0
hold doubled at positions: none
still moving AFTER doubling (reading not used): none

pos   norm      display        red@-24  red@-12  red@-6    T(peak)   T-display
  0  0.0000    -80.0             --       --       --          --          
  1  0.0667    -74.7             --       --       --          --          
  2  0.1333    -69.3             --       --       --          --          
  3  0.2000    -64.0             --       --       --          --          
  4  0.2667    -58.7             --       --       --          --          
  5  0.3333    -53.3             --       --       --          --          
  6  0.4000    -48.0             --       --       --          --          
  7  0.4667    -42.7             --       --       --          --          
  8  0.5333    -37.3             --       --       --          --          
  9  0.6000    -32.0             --       --       --          --          
 10  0.6667    -26.7             --       --       --          --          
 11  0.7333    -21.3             --       --       --          --          
 12  0.8000    -16.0             --       --       --          --          
 13  0.8667    -10.7             --       --       --          --          
 14  0.9333    -5.3              --       --       --          --          
 15  1.0000    0.0               --       --       --          --          

1 MAP:             flat (no two positions differ by more than 1 dB at any test level) | sense -- | engage -24.00:none -12.00:none -6.00:none
2 engage drift:    null  (not a dB display)   (primary; displayLinear unset until the population decides)
   offset IQR:      null
3 displayOffsetDb: null
fixture: AudioUnit_4930627d_12.0.0.json

--- exit=0   13:53:27   ilok=[0x00130000 / 1]
=== [9] C4 (m)   13:53:27   ilok=[0x00130000 / 1]   power='AC Power'
  sweeping C4 (m) candidate [14] Band 1 Thresh (unseen version 12.0.0: defaults sampled first) - 1 reference + 16 position processes
  sweeping C4 (m) candidate [21] Band 2 Thresh (unseen version 12.0.0: defaults sampled first) - 1 reference + 16 position processes
  soft end has no linear anchor (the soft end is not linear: its gain spans 1.04 dB across the levels, 13.8% of the 7.53 dB response (bar 8.3%)): re-sweeping with the quiet-level reference
  sweeping C4 (m) candidate [21] Band 2 Thresh (unseen version 12.0.0: defaults sampled first) - 1 reference + 16 position processes
  sweeping C4 (m) candidate [28] Band 3 Thresh (unseen version 12.0.0: defaults sampled first) - 1 reference + 16 position processes
  sweeping C4 (m) candidate [35] Band 4 Thresh (unseen version 12.0.0: defaults sampled first) - 1 reference + 16 position processes
CANDIDATE [14] Band 1 Thresh (flags ) - C4 (m) (class bands_or_stages, 4 candidates; the others at their instantiate defaults)
probe: signed EchoJayProbe (feat/ejmap-cert), team 8BT5F9B887, cdhash 7b4d5551560419225f50677353c7e6577542be67
host: EJ Map 0.1.0 / x86_64 / 48k (BRIDGED)
threshold: [14] Band 1 Thresh unit 'dB' (class bands_or_stages) | positions 16 (16 evenly spaced), one process each, levels quiet to loud
ratio: no control holds the ratio role | auto make-up disabled: no
default-threshold reference ('-27.0', spec 4.7 check only):  -24.00 out-in -1.24  -12.00 out-in -4.09  -6.00 out-in -5.52  (default gain is information only)
linear reference (soft end): none
writes landed by: instack 1 pump 15
processes: 88 run, 0 retried, 0 position(s) failed
write verify: 16 landed, 0 write_unlanded (skipped), in-stack read already matched on 1 of 16, pump slices total 83, longest confirm 67.7 ms, re-rendered 0
hold doubled at positions: none
still moving AFTER doubling (reading not used): none

pos   norm      display        red@-24  red@-12  red@-6    T(peak)   T-display
  0  0.0000    -80.0             --       --       --          --          
  1  0.0667    -74.7             --       --       --          --          
  2  0.1333    -69.3             --       --       --          --          
  3  0.2000    -64.0             --       --       --          --          
  4  0.2667    -58.7             --       --       --          --          
  5  0.3333    -53.3             --       --       --          --          
  6  0.4000    -48.0             --       --       --          --          
  7  0.4667    -42.7             --       --       --          --          
  8  0.5333    -37.3             --       --       --          --          
  9  0.6000    -32.0             --       --       --          --          
 10  0.6667    -26.7             --       --       --          --          
 11  0.7333    -21.3             --       --       --          --          
 12  0.8000    -16.0             --       --       --          --          
 13  0.8667    -10.7             --       --       --          --          
 14  0.9333    -5.3              --       --       --          --          
 15  1.0000    0.0               --       --       --          --          

1 MAP:             flat (no two positions differ by more than 1 dB at any test level) | sense -- | engage -24.00:none -12.00:none -6.00:none
2 engage drift:    null  (not a dB display)   (primary; displayLinear unset until the population decides)
   offset IQR:      null
3 displayOffsetDb: null
fixture: AudioUnit_4e436063_12.0.0.json

CANDIDATE [21] Band 2 Thresh (flags ) - C4 (m) (class bands_or_stages, 4 candidates; the others at their instantiate defaults)
probe: signed EchoJayProbe (feat/ejmap-cert), team 8BT5F9B887, cdhash 7b4d5551560419225f50677353c7e6577542be67
host: EJ Map 0.1.0 / x86_64 / 48k (BRIDGED)
threshold: [21] Band 2 Thresh unit 'dB' (class bands_or_stages) | positions 16 (16 evenly spaced), one process each, levels quiet to loud
ratio: no control holds the ratio role | auto make-up disabled: no
default-threshold reference ('-19.2', spec 4.7 check only):  -24.00 out-in -1.23  -12.00 out-in -4.09  -6.00 out-in -5.52  (default gain is information only)
linear reference: each position's own gain at -48, checked against -54 (must differ by 6 dB within 0.1): -0.28 -0.48 -0.80 -1.20 -1.51 -1.52 -1.17 -0.70 -0.33 -0.13 -0.05 -0.02 -0.00 -0.00 0.00 0.00
writes landed by: pump 16
processes: 88 run, 0 retried, 0 position(s) failed
write verify: 16 landed, 0 write_unlanded (skipped), in-stack read already matched on 0 of 16, pump slices total 77, longest confirm 100.8 ms, re-rendered 0
hold doubled at positions: none
still moving AFTER doubling (reading not used): none

pos   norm      display        red@-24  red@-12  red@-6    T(peak)   T-display
  0  0.0000    -80.0             --       --       --          --          
  1  0.0667    -74.7             --       --       --          --          
  2  0.1333    -69.3             --       --       --          --          
  3  0.2000    -64.0             --       --       --          --          
  4  0.2667    -58.7             --       --       --          --          
  5  0.3333    -53.3             --       --       --          --          
  6  0.4000    -48.0             --       --       --          --          
  7  0.4667    -42.7             --       --       --          --          
  8  0.5333    -37.3             --       --       --          --          
  9  0.6000    -32.0             --       --       --          --          
 10  0.6667    -26.7           2.82     5.70     6.59          --          
 11  0.7333    -21.3           1.60     4.60     5.89          --          
 12  0.8000    -16.0           0.77     3.24     4.82          --          
 13  0.8667    -10.7           0.31     1.93     3.46          --          
 14  0.9333    -5.3            0.11     0.95     2.10          --          
 15  1.0000    0.0             0.04     0.41     1.08          --          

1 MAP:             certified (ratio unknown (no ratio control): no dB-equivalent map) | sense lower_is_harder | engage -24.00:12 -12.00:14 -6.00:15
2 engage drift:    0.66  -12.00:9.21  -24.00:9.68  -6.00:9.02   (primary; displayLinear unset until the population decides)
   offset IQR:      null
3 displayOffsetDb: null
fixture: AudioUnit_4e436063_12.0.0.json

CANDIDATE [28] Band 3 Thresh (flags ) - C4 (m) (class bands_or_stages, 4 candidates; the others at their instantiate defaults)
probe: signed EchoJayProbe (feat/ejmap-cert), team 8BT5F9B887, cdhash 7b4d5551560419225f50677353c7e6577542be67
host: EJ Map 0.1.0 / x86_64 / 48k (BRIDGED)
threshold: [28] Band 3 Thresh unit 'dB' (class bands_or_stages) | positions 16 (16 evenly spaced), one process each, levels quiet to loud
ratio: no control holds the ratio role | auto make-up disabled: no
default-threshold reference ('-30.1', spec 4.7 check only):  -24.00 out-in -1.24  -12.00 out-in -4.09  -6.00 out-in -5.52  (default gain is information only)
linear reference (soft end): none
writes landed by: pump 16
processes: 88 run, 0 retried, 0 position(s) failed
write verify: 16 landed, 0 write_unlanded (skipped), in-stack read already matched on 0 of 16, pump slices total 87, longest confirm 67.0 ms, re-rendered 0
hold doubled at positions: none
still moving AFTER doubling (reading not used): none

pos   norm      display        red@-24  red@-12  red@-6    T(peak)   T-display
  0  0.0000    -80.0             --       --       --          --          
  1  0.0667    -74.7             --       --       --          --          
  2  0.1333    -69.3             --       --       --          --          
  3  0.2000    -64.0             --       --       --          --          
  4  0.2667    -58.7             --       --       --          --          
  5  0.3333    -53.3             --       --       --          --          
  6  0.4000    -48.0             --       --       --          --          
  7  0.4667    -42.7             --       --       --          --          
  8  0.5333    -37.3             --       --       --          --          
  9  0.6000    -32.0             --       --       --          --          
 10  0.6667    -26.7             --       --       --          --          
 11  0.7333    -21.3             --       --       --          --          
 12  0.8000    -16.0             --       --       --          --          
 13  0.8667    -10.7             --       --       --          --          
 14  0.9333    -5.3              --       --       --          --          
 15  1.0000    0.0               --       --       --          --          

1 MAP:             flat (no two positions differ by more than 1 dB at any test level) | sense -- | engage -24.00:none -12.00:none -6.00:none
2 engage drift:    null  (not a dB display)   (primary; displayLinear unset until the population decides)
   offset IQR:      null
3 displayOffsetDb: null
fixture: AudioUnit_4e436063_12.0.0.json

CANDIDATE [35] Band 4 Thresh (flags ) - C4 (m) (class bands_or_stages, 4 candidates; the others at their instantiate defaults)
probe: signed EchoJayProbe (feat/ejmap-cert), team 8BT5F9B887, cdhash 7b4d5551560419225f50677353c7e6577542be67
host: EJ Map 0.1.0 / x86_64 / 48k (BRIDGED)
threshold: [35] Band 4 Thresh unit 'dB' (class bands_or_stages) | positions 16 (16 evenly spaced), one process each, levels quiet to loud
ratio: no control holds the ratio role | auto make-up disabled: no
default-threshold reference ('-35.3', spec 4.7 check only):  -24.00 out-in -1.24  -12.00 out-in -4.09  -6.00 out-in -5.52  (default gain is information only)
linear reference (soft end): none
writes landed by: pump 16
processes: 88 run, 0 retried, 0 position(s) failed
write verify: 16 landed, 0 write_unlanded (skipped), in-stack read already matched on 0 of 16, pump slices total 83, longest confirm 93.7 ms, re-rendered 0
hold doubled at positions: none
still moving AFTER doubling (reading not used): none

pos   norm      display        red@-24  red@-12  red@-6    T(peak)   T-display
  0  0.0000    -80.0             --       --       --          --          
  1  0.0667    -74.7             --       --       --          --          
  2  0.1333    -69.3             --       --       --          --          
  3  0.2000    -64.0             --       --       --          --          
  4  0.2667    -58.7             --       --       --          --          
  5  0.3333    -53.3             --       --       --          --          
  6  0.4000    -48.0             --       --       --          --          
  7  0.4667    -42.7             --       --       --          --          
  8  0.5333    -37.3             --       --       --          --          
  9  0.6000    -32.0             --       --       --          --          
 10  0.6667    -26.7             --       --       --          --          
 11  0.7333    -21.3             --       --       --          --          
 12  0.8000    -16.0             --       --       --          --          
 13  0.8667    -10.7             --       --       --          --          
 14  0.9333    -5.3              --       --       --          --          
 15  1.0000    0.0               --       --       --          --          

1 MAP:             flat (no two positions differ by more than 1 dB at any test level) | sense -- | engage -24.00:none -12.00:none -6.00:none
2 engage drift:    null  (not a dB display)   (primary; displayLinear unset until the population decides)
   offset IQR:      null
3 displayOffsetDb: null
fixture: AudioUnit_4e436063_12.0.0.json

--- exit=0   13:59:45   ilok=[0x00130000 / 1]
=== [10] C4 (s)   13:59:45   ilok=[0x00130000 / 1]   power='AC Power'
  sweeping C4 (s) candidate [14] Band 1 Thresh (unseen version 12.0.0: defaults sampled first) - 1 reference + 16 position processes
  sweeping C4 (s) candidate [21] Band 2 Thresh (unseen version 12.0.0: defaults sampled first) - 1 reference + 16 position processes
  soft end has no linear anchor (the soft end is not linear: its gain spans 1.04 dB across the levels, 13.8% of the 7.53 dB response (bar 8.3%)): re-sweeping with the quiet-level reference
  sweeping C4 (s) candidate [21] Band 2 Thresh (unseen version 12.0.0: defaults sampled first) - 1 reference + 16 position processes
  sweeping C4 (s) candidate [28] Band 3 Thresh (unseen version 12.0.0: defaults sampled first) - 1 reference + 16 position processes
  sweeping C4 (s) candidate [35] Band 4 Thresh (unseen version 12.0.0: defaults sampled first) - 1 reference + 16 position processes
CANDIDATE [14] Band 1 Thresh (flags ) - C4 (s) (class bands_or_stages, 4 candidates; the others at their instantiate defaults)
probe: signed EchoJayProbe (feat/ejmap-cert), team 8BT5F9B887, cdhash 7b4d5551560419225f50677353c7e6577542be67
host: EJ Map 0.1.0 / x86_64 / 48k (BRIDGED)
threshold: [14] Band 1 Thresh unit 'dB' (class bands_or_stages) | positions 16 (16 evenly spaced), one process each, levels quiet to loud
ratio: no control holds the ratio role | auto make-up disabled: no
default-threshold reference ('-27.0', spec 4.7 check only):  -24.00 out-in -1.24  -12.00 out-in -4.09  -6.00 out-in -5.52  (default gain is information only)
linear reference (soft end): none
writes landed by: instack 1 pump 15
processes: 88 run, 0 retried, 0 position(s) failed
write verify: 16 landed, 0 write_unlanded (skipped), in-stack read already matched on 1 of 16, pump slices total 85, longest confirm 77.7 ms, re-rendered 0
hold doubled at positions: none
still moving AFTER doubling (reading not used): none

pos   norm      display        red@-24  red@-12  red@-6    T(peak)   T-display
  0  0.0000    -80.0             --       --       --          --          
  1  0.0667    -74.7             --       --       --          --          
  2  0.1333    -69.3             --       --       --          --          
  3  0.2000    -64.0             --       --       --          --          
  4  0.2667    -58.7             --       --       --          --          
  5  0.3333    -53.3             --       --       --          --          
  6  0.4000    -48.0             --       --       --          --          
  7  0.4667    -42.7             --       --       --          --          
  8  0.5333    -37.3             --       --       --          --          
  9  0.6000    -32.0             --       --       --          --          
 10  0.6667    -26.7             --       --       --          --          
 11  0.7333    -21.3             --       --       --          --          
 12  0.8000    -16.0             --       --       --          --          
 13  0.8667    -10.7             --       --       --          --          
 14  0.9333    -5.3              --       --       --          --          
 15  1.0000    0.0               --       --       --          --          

1 MAP:             flat (no two positions differ by more than 1 dB at any test level) | sense -- | engage -24.00:none -12.00:none -6.00:none
2 engage drift:    null  (not a dB display)   (primary; displayLinear unset until the population decides)
   offset IQR:      null
3 displayOffsetDb: null
fixture: AudioUnit_4e43607d_12.0.0.json

CANDIDATE [21] Band 2 Thresh (flags ) - C4 (s) (class bands_or_stages, 4 candidates; the others at their instantiate defaults)
probe: signed EchoJayProbe (feat/ejmap-cert), team 8BT5F9B887, cdhash 7b4d5551560419225f50677353c7e6577542be67
host: EJ Map 0.1.0 / x86_64 / 48k (BRIDGED)
threshold: [21] Band 2 Thresh unit 'dB' (class bands_or_stages) | positions 16 (16 evenly spaced), one process each, levels quiet to loud
ratio: no control holds the ratio role | auto make-up disabled: no
default-threshold reference ('-19.2', spec 4.7 check only):  -24.00 out-in -1.23  -12.00 out-in -4.09  -6.00 out-in -5.52  (default gain is information only)
linear reference: each position's own gain at -48, checked against -54 (must differ by 6 dB within 0.1): -0.28 -0.48 -0.80 -1.20 -1.51 -1.52 -1.17 -0.70 -0.33 -0.13 -0.05 -0.02 -0.00 -0.00 0.00 0.00
writes landed by: pump 16
processes: 88 run, 0 retried, 0 position(s) failed
write verify: 16 landed, 0 write_unlanded (skipped), in-stack read already matched on 0 of 16, pump slices total 89, longest confirm 76.2 ms, re-rendered 0
hold doubled at positions: none
still moving AFTER doubling (reading not used): none

pos   norm      display        red@-24  red@-12  red@-6    T(peak)   T-display
  0  0.0000    -80.0             --       --       --          --          
  1  0.0667    -74.7             --       --       --          --          
  2  0.1333    -69.3             --       --       --          --          
  3  0.2000    -64.0             --       --       --          --          
  4  0.2667    -58.7             --       --       --          --          
  5  0.3333    -53.3             --       --       --          --          
  6  0.4000    -48.0             --       --       --          --          
  7  0.4667    -42.7             --       --       --          --          
  8  0.5333    -37.3             --       --       --          --          
  9  0.6000    -32.0             --       --       --          --          
 10  0.6667    -26.7           2.82     5.70     6.59          --          
 11  0.7333    -21.3           1.60     4.60     5.89          --          
 12  0.8000    -16.0           0.77     3.24     4.82          --          
 13  0.8667    -10.7           0.31     1.93     3.46          --          
 14  0.9333    -5.3            0.11     0.95     2.10          --          
 15  1.0000    0.0             0.04     0.41     1.08          --          

1 MAP:             certified (ratio unknown (no ratio control): no dB-equivalent map) | sense lower_is_harder | engage -24.00:12 -12.00:14 -6.00:15
2 engage drift:    0.66  -12.00:9.21  -24.00:9.68  -6.00:9.02   (primary; displayLinear unset until the population decides)
   offset IQR:      null
3 displayOffsetDb: null
fixture: AudioUnit_4e43607d_12.0.0.json

CANDIDATE [28] Band 3 Thresh (flags ) - C4 (s) (class bands_or_stages, 4 candidates; the others at their instantiate defaults)
probe: signed EchoJayProbe (feat/ejmap-cert), team 8BT5F9B887, cdhash 7b4d5551560419225f50677353c7e6577542be67
host: EJ Map 0.1.0 / x86_64 / 48k (BRIDGED)
threshold: [28] Band 3 Thresh unit 'dB' (class bands_or_stages) | positions 16 (16 evenly spaced), one process each, levels quiet to loud
ratio: no control holds the ratio role | auto make-up disabled: no
default-threshold reference ('-30.1', spec 4.7 check only):  -24.00 out-in -1.24  -12.00 out-in -4.09  -6.00 out-in -5.52  (default gain is information only)
linear reference (soft end): none
writes landed by: pump 16
processes: 88 run, 0 retried, 0 position(s) failed
write verify: 16 landed, 0 write_unlanded (skipped), in-stack read already matched on 0 of 16, pump slices total 83, longest confirm 87.2 ms, re-rendered 0
hold doubled at positions: none
still moving AFTER doubling (reading not used): none

pos   norm      display        red@-24  red@-12  red@-6    T(peak)   T-display
  0  0.0000    -80.0             --       --       --          --          
  1  0.0667    -74.7             --       --       --          --          
  2  0.1333    -69.3             --       --       --          --          
  3  0.2000    -64.0             --       --       --          --          
  4  0.2667    -58.7             --       --       --          --          
  5  0.3333    -53.3             --       --       --          --          
  6  0.4000    -48.0             --       --       --          --          
  7  0.4667    -42.7             --       --       --          --          
  8  0.5333    -37.3             --       --       --          --          
  9  0.6000    -32.0             --       --       --          --          
 10  0.6667    -26.7             --       --       --          --          
 11  0.7333    -21.3             --       --       --          --          
 12  0.8000    -16.0             --       --       --          --          
 13  0.8667    -10.7             --       --       --          --          
 14  0.9333    -5.3              --       --       --          --          
 15  1.0000    0.0               --       --       --          --          

1 MAP:             flat (no two positions differ by more than 1 dB at any test level) | sense -- | engage -24.00:none -12.00:none -6.00:none
2 engage drift:    null  (not a dB display)   (primary; displayLinear unset until the population decides)
   offset IQR:      null
3 displayOffsetDb: null
fixture: AudioUnit_4e43607d_12.0.0.json

CANDIDATE [35] Band 4 Thresh (flags ) - C4 (s) (class bands_or_stages, 4 candidates; the others at their instantiate defaults)
probe: signed EchoJayProbe (feat/ejmap-cert), team 8BT5F9B887, cdhash 7b4d5551560419225f50677353c7e6577542be67
host: EJ Map 0.1.0 / x86_64 / 48k (BRIDGED)
threshold: [35] Band 4 Thresh unit 'dB' (class bands_or_stages) | positions 16 (16 evenly spaced), one process each, levels quiet to loud
ratio: no control holds the ratio role | auto make-up disabled: no
default-threshold reference ('-35.3', spec 4.7 check only):  -24.00 out-in -1.24  -12.00 out-in -4.09  -6.00 out-in -5.52  (default gain is information only)
linear reference (soft end): none
writes landed by: pump 16
processes: 88 run, 0 retried, 0 position(s) failed
write verify: 16 landed, 0 write_unlanded (skipped), in-stack read already matched on 0 of 16, pump slices total 72, longest confirm 108.5 ms, re-rendered 0
hold doubled at positions: none
still moving AFTER doubling (reading not used): none

pos   norm      display        red@-24  red@-12  red@-6    T(peak)   T-display
  0  0.0000    -80.0             --       --       --          --          
  1  0.0667    -74.7             --       --       --          --          
  2  0.1333    -69.3             --       --       --          --          
  3  0.2000    -64.0             --       --       --          --          
  4  0.2667    -58.7             --       --       --          --          
  5  0.3333    -53.3             --       --       --          --          
  6  0.4000    -48.0             --       --       --          --          
  7  0.4667    -42.7             --       --       --          --          
  8  0.5333    -37.3             --       --       --          --          
  9  0.6000    -32.0             --       --       --          --          
 10  0.6667    -26.7             --       --       --          --          
 11  0.7333    -21.3             --       --       --          --          
 12  0.8000    -16.0             --       --       --          --          
 13  0.8667    -10.7             --       --       --          --          
 14  0.9333    -5.3              --       --       --          --          
 15  1.0000    0.0               --       --       --          --          

1 MAP:             flat (no two positions differ by more than 1 dB at any test level) | sense -- | engage -24.00:none -12.00:none -6.00:none
2 engage drift:    null  (not a dB display)   (primary; displayLinear unset until the population decides)
   offset IQR:      null
3 displayOffsetDb: null
fixture: AudioUnit_4e43607d_12.0.0.json

--- exit=0   14:06:03   ilok=[0x00130000 / 1]
=== [11] Renaissance Axx (m)   14:06:04   ilok=[0x00130000 / 1]   power='AC Power'
  sweeping Renaissance Axx (m) (unseen version 12.0.0: defaults sampled first) - 1 reference + 16 position processes
  soft end has no linear anchor (the soft end is not linear: its gain spans 17.93 dB across the levels, 75.1% of the 23.88 dB response (bar 8.3%)): re-sweeping with the quiet-level reference
  sweeping Renaissance Axx (m) candidate [1] Threshold (unseen version 12.0.0: defaults sampled first) - 1 reference + 16 position processes
EJ Map threshold sweep - Renaissance Axx (m) -> AudioUnit_58476963_12.0.0.json  (DISCOVERED: mapped (server map state 3); no fixture existed)
probe: signed EchoJayProbe (feat/ejmap-cert), team 8BT5F9B887, cdhash 7b4d5551560419225f50677353c7e6577542be67
host: EJ Map 0.1.0 / x86_64 / 48k (BRIDGED)
threshold: [1] Threshold unit 'dB' (class single_threshold) | positions 16 (16 evenly spaced), one process each, levels quiet to loud
ratio: no control holds the ratio role | auto make-up disabled: no
default-threshold reference ('0.0', spec 4.7 check only):  -24.00 out-in 0.00  -12.00 out-in -0.00  -6.00 out-in 0.00  (default gain is information only)
linear reference: each position's own gain at -48, checked against -54 (must differ by 6 dB within 0.1): -4.42 -3.83 -3.17 -2.49 -1.85 -1.32 -0.90 -0.60 -0.39 -0.25 -0.15 -0.09 -0.05 -0.03 -0.01 -0.00
writes landed by: instack 1 pump 15
processes: 37 run, 0 retried, 0 position(s) failed
write verify: 16 landed, 0 write_unlanded (skipped), in-stack read already matched on 1 of 16, pump slices total 58, longest confirm 59.8 ms, re-rendered 0
hold doubled at positions: none
still moving AFTER doubling (reading not used): none

pos   norm      display        red@-24  red@-12  red@-6    T(peak)   T-display
  0  0.0000    -60.0             --       --       --          --          
  1  0.0667    -56.0             --       --       --          --          
  2  0.1333    -52.0             --       --       --          --          
  3  0.2000    -48.0             --       --       --          --          
  4  0.2667    -44.0             --       --       --          --          
  5  0.3333    -40.0             --       --       --          --          
  6  0.4000    -36.0             --       --       --          --          
  7  0.4667    -32.0             --       --       --          --          
  8  0.5333    -28.0             --       --       --          --          
  9  0.6000    -24.0             --       --       --          --          
 10  0.6667    -20.0             --       --       --          --          
 11  0.7333    -16.0           2.33     7.18    11.09          --          
 12  0.8000    -12.0           1.39     4.75     7.84          --          
 13  0.8667    -8.0            0.74     2.74     4.85          --          
 14  0.9333    -4.0            0.29     1.17     2.21          --          
 15  1.0000    0.0            -0.00    -0.00    -0.00          --          

1 MAP:             certified (ratio unknown (no ratio control): no dB-equivalent map) | sense lower_is_harder | engage -24.00:13 -12.00:14 -6.00:14
2 engage drift:    12.86  -12.00:9.70  -24.00:17.46  -6.00:4.60   (primary; displayLinear unset until the population decides)
   offset IQR:      null
3 displayOffsetDb: null
fixture: AudioUnit_58476963_12.0.0.json
--- exit=0   14:10:31   ilok=[0x00130000 / 1]
=== [12] Renaissance Axx (s)   14:10:31   ilok=[0x00130000 / 1]   power='AC Power'
  sweeping Renaissance Axx (s) (unseen version 12.0.0: defaults sampled first) - 1 reference + 16 position processes
  soft end has no linear anchor (the soft end is not linear: its gain spans 17.93 dB across the levels, 75.1% of the 23.88 dB response (bar 8.3%)): re-sweeping with the quiet-level reference
  sweeping Renaissance Axx (s) candidate [1] Threshold (unseen version 12.0.0: defaults sampled first) - 1 reference + 16 position processes
EJ Map threshold sweep - Renaissance Axx (s) -> AudioUnit_5847697d_12.0.0.json  (DISCOVERED: mapped (server map state 3); no fixture existed)
probe: signed EchoJayProbe (feat/ejmap-cert), team 8BT5F9B887, cdhash 7b4d5551560419225f50677353c7e6577542be67
host: EJ Map 0.1.0 / x86_64 / 48k (BRIDGED)
threshold: [1] Threshold unit 'dB' (class single_threshold) | positions 16 (16 evenly spaced), one process each, levels quiet to loud
ratio: no control holds the ratio role | auto make-up disabled: no
default-threshold reference ('0.0', spec 4.7 check only):  -24.00 out-in 0.00  -12.00 out-in -0.00  -6.00 out-in 0.00  (default gain is information only)
linear reference: each position's own gain at -48, checked against -54 (must differ by 6 dB within 0.1): -4.42 -3.83 -3.17 -2.49 -1.85 -1.32 -0.90 -0.60 -0.39 -0.25 -0.15 -0.09 -0.05 -0.03 -0.01 -0.00
writes landed by: instack 1 pump 15
processes: 37 run, 0 retried, 0 position(s) failed
write verify: 16 landed, 0 write_unlanded (skipped), in-stack read already matched on 1 of 16, pump slices total 83, longest confirm 65.3 ms, re-rendered 0
hold doubled at positions: none
still moving AFTER doubling (reading not used): none

pos   norm      display        red@-24  red@-12  red@-6    T(peak)   T-display
  0  0.0000    -60.0             --       --       --          --          
  1  0.0667    -56.0             --       --       --          --          
  2  0.1333    -52.0             --       --       --          --          
  3  0.2000    -48.0             --       --       --          --          
  4  0.2667    -44.0             --       --       --          --          
  5  0.3333    -40.0             --       --       --          --          
  6  0.4000    -36.0             --       --       --          --          
  7  0.4667    -32.0             --       --       --          --          
  8  0.5333    -28.0             --       --       --          --          
  9  0.6000    -24.0             --       --       --          --          
 10  0.6667    -20.0             --       --       --          --          
 11  0.7333    -16.0           2.33     7.18    11.09          --          
 12  0.8000    -12.0           1.39     4.75     7.84          --          
 13  0.8667    -8.0            0.74     2.74     4.85          --          
 14  0.9333    -4.0            0.29     1.17     2.21          --          
 15  1.0000    0.0            -0.00    -0.00    -0.00          --          

1 MAP:             certified (ratio unknown (no ratio control): no dB-equivalent map) | sense lower_is_harder | engage -24.00:13 -12.00:14 -6.00:14
2 engage drift:    12.86  -12.00:9.70  -24.00:17.46  -6.00:4.60   (primary; displayLinear unset until the population decides)
   offset IQR:      null
3 displayOffsetDb: null
fixture: AudioUnit_5847697d_12.0.0.json
--- exit=0   14:14:58   ilok=[0x00130000 / 1]
=== [13] SSLGChannel (m)   14:14:58   ilok=[0x00130000 / 1]   power='AC Power'
SWEEP: 'SSLGChannel (m)' is not on the worklist (worklist: 76 fixture(s) in the store (76 already record a sweep, candidates or a refusal; 0 refusal(s), 0 of them permanent), 82 discovered from the ledger at /private/tmp/claude-503/-Users-SeanD-Documents-ECHOJAY-FILES-WORKTREES-vst-reasoning/df7309b6-cabf-4dc3-abd7-0db4d0956dc6/scratchpad/fresh4; 0 local map(s), 1799 map-state row(s) (fetched 2026-09-29T20:21:28.738+01:00), 1798 categorised identities, 666 with a disposition other than sweep (honoured); installed AUs not discovered: 69 category amp_sim, 101 category channel_strip, 19 category de-esser, 42 category delay, 164 category eq, 7 category gate, 35 category limiter, 88 category reverb, 104 category saturation, 16 category transient_shaper, 124 disposition no_dial_set in categories.json, 33 disposition not_a_processor in categories.json, 37 disposition review in categories.json, 76 fixture present at this version, 371 not mapped at this build; left alone by categories.json disposition: UAD bx_refinement: review (arms disagree: saturation vs none); X-FDBK (s): no_dial_set (); NS1 (s): no_dial_set (); Scheps Parallel Particles (s): review (arms disagree: saturation vs none); AVOX PUNCH: review (arms disagree: transient_shaper vs none); B360 (1->4): review (both refused, differently: not_a_processor vs none); Sub Align (s): review (both refused, differently: none vs not_a_processor); DeBreath (m): no_dial_set (); Bass Rider (s): no_dial_set (); Bass Rider Live (s): no_dial_set (); CLA Effects (s): no_dial_set (); EMO-F2 (s): no_dial_set (); CLA MixDown (s): review (arms disagree: channel_strip vs none); Center (s): no_dial_set (); DTS Neural DownMix 7.1 to 5.1 (8->8): review (both refused, differently: not_a_processor vs none); DTS Neural DownMix 5.1 to Stereo (6->6): review (both refused, differently: not_a_processor vs none); DTS Neural DownMix 7.1 to Stereo (8->8): review (both refused, differently: not_a_processor vs none); DTS Neural Mono2Stereo (m->s): no_dial_set (); Doppler (s): no_dial_set (); Dorrough360 (5->5): not_a_processor (); Dorrough (s): not_a_processor (); Torque-Live (s): no_dial_set (); Torque (s): no_dial_set (); DTS Neural UpMix (2->4): no_dial_set (); EKramer FX (s): review (arms disagree: none vs delay); Enigma (s): no_dial_set (); MetaFlanger (s): no_dial_set (); GW MixCentric (s): no_dial_set (); GW PianoCentric (s): no_dial_set (); IMPusher (s): review (arms disagree: limiter vs none); IDR360 (5->5): no_dial_set (); Lindell 80 Bus: review (arms disagree: compressor vs channel_strip); LFE360 (m): no_dial_set (); Lindell 69 Buss: review (arms disagree: compressor vs channel_strip); LoAir (s): no_dial_set (); Vocal Rider Live (s): no_dial_set (); MannyM Tone Shaper (s): review (arms disagree: eq vs compressor); MondoMod (s): no_dial_set (); MaxxBass (s): no_dial_set (); MV360 (5->5): review (arms disagree: limiter vs compressor); S1 Shuffler (s): no_dial_set (); S1 Imager (s): no_dial_set (); Nx Ambisonics (4->2): no_dial_set (); NX Ambisonics (4->4): no_dial_set (); NX (s): no_dial_set (); InPhase LT (s): not_a_processor (); InPhase LT Live (s): not_a_processor (); InPhase Live (s): not_a_processor (); InPhase (s): not_a_processor (); M360 Manager (5->5): not_a_processor (); S360 Imager (1->5): no_dial_set (); M360 Mixdown (5->5): not_a_processor (); S360 Panner (1->5): review (both refused, differently: none vs not_a_processor); AR TG Meter Bridge (s): not_a_processor (); PlaylistRider (s): review (arms disagree: compressor vs none); PS22 Spread(10) (s): no_dial_set (); PS22 Spread (s): no_dial_set (); PS22 Split (s): no_dial_set (); PS22 XSplit (s): no_dial_set (); Vocal Rider (s): no_dial_set (); RBass (s): review (arms disagree: saturation vs none); OneKnob Filter (s): no_dial_set (); C360 (5->5): review (arms disagree: not_a_processor vs compressor); Submarine (s): no_dial_set (); UltraPitch 3 Voices (m): no_dial_set (); UltraPitch 6 Voices (m): no_dial_set (); UltraPitch Shift (m): no_dial_set (); Sibilance-Live (m): not_a_processor (); Sibilance-Live (s): not_a_processor (); CLA Epic (s): review (arms disagree: reverb vs delay); SPL Vitalizer MK2-T: review (arms disagree: eq vs none); Q-Capture (m): not_a_processor (); TRACT (s): review (arms disagree: eq vs not_a_processor); TRACT LinPhase (s): review (arms disagree: eq vs not_a_processor); TG12345 (s): review (arms disagree: eq vs channel_strip); The Kings Microphones (s): no_dial_set (); SoundShifter Pitch (s): no_dial_set (); WNS (s): no_dial_set (); UM225 (2->5): no_dial_set (); UM226 (2->6): no_dial_set (); W43 (s): no_dial_set (); PAZ- Frequency (s): not_a_processor (); PAZ- Analyzer (s): not_a_processor (); PAZ- Position (s): not_a_processor (); Doubler2 (s): no_dial_set (); Doubler4 (s): no_dial_set (); WLM Meter (s): not_a_processor (); Z-Noise (s): no_dial_set (); GW VoiceCentric (s): no_dial_set (); PAZ- Meters (s): not_a_processor (); WLM Plus (s): review (arms disagree: not_a_processor vs limiter); X-Click (s): no_dial_set (); X-Crackle (s): no_dial_set (); X-Hum (s): no_dial_set (); X-Noise (s): no_dial_set (); bx_refinement: review (arms disagree: saturation vs none); Disperser: no_dial_set (); kHs Comb Filter: no_dial_set (); kHs Chorus: no_dial_set (); kHs Filter: no_dial_set (); kHs Frequency Shifter: no_dial_set (); kHs Haas: no_dial_set (); kHs Ladder Filter: no_dial_set (); kHs Phaser: no_dial_set (); kHs Pitch Shifter: no_dial_set (); kHs Resonator: no_dial_set (); kHs Ring Mod: no_dial_set (); kHs Reverser: no_dial_set (); kHs Stereo: no_dial_set (); kHs Trance Gate: review (arms disagree: none vs gate); kHs Tape Stop: no_dial_set (); kHs Formant Filter: no_dial_set (); MPhaserMB: no_dial_set (); Kaleidoscopes (s): no_dial_set (); Brauer Motion (s): no_dial_set (); GTR Tool Rack (s): review (arms disagree: none vs amp_sim); Waves Tune Real-Time (s): no_dial_set (); MStereoProcessor: no_dial_set (); MAutoAlign: not_a_processor (); MFlanger: no_dial_set (); MFreqShifterMB: no_dial_set (); MAutopan: no_dial_set (); MPhaser: no_dial_set (); MRingModulator: no_dial_set (); MTremolo: no_dial_set (); MVibrato: no_dial_set (); MFreqShifter: no_dial_set (); MStereoExpander: no_dial_set (); MAnalyzer: not_a_processor (); MFilter: no_dial_set (); MFreeformPhase: no_dial_set (); MAutoVolume: review (arms disagree: compressor vs none); MBandPass: no_dial_set (); MBassador: no_dial_set (); MChannelMatrix: not_a_processor (); MCharacter: review (arms disagree: saturation vs none); MCompare: not_a_processor (); MComb: no_dial_set (); MDrumEnhancer: review (arms disagree: none vs transient_shaper); MultiMod Rack (s): no_dial_set (); MTransformer: no_dial_set (); MLoudnessAnalyzer: not_a_processor (); MMultiAnalyzer: not_a_processor (); MFlangerMB: no_dial_set (); MCombMB: no_dial_set (); MGranularMB: no_dial_set (); MWobblerMB: no_dial_set (); MChorusMB: no_dial_set (); MMorph: no_dial_set (); MNoiseGenerator: not_a_processor (); MNotepad: not_a_processor (); MOscillator: not_a_processor (); MOscilloscope: not_a_processor (); MPhatik: review (arms disagree: transient_shaper vs compressor); MRatio: no_dial_set (); MRecorder: not_a_processor (); MRhythmizerMB: no_dial_set (); MRhythmizer: no_dial_set (); MRotary: no_dial_set (); MStereoScope: not_a_processor (); MSpectralPan: no_dial_set (); MStereoGenerator: no_dial_set (); MStereoSpread: no_dial_set (); MTuner: not_a_processor (); MUnison: no_dial_set (); MVintageRotary: no_dial_set (); MVocoder: no_dial_set (); MWobbler: no_dial_set (); MXXX1: no_dial_set (); MXXX6out: no_dial_set (); MXXX: no_dial_set (); MAGC: review (arms disagree: compressor vs none); MAutoStereoFix: no_dial_set (); MAutoPitch: no_dial_set (); MVibratoMB: no_dial_set (); MHarmonizerMB: no_dial_set (); MRingModulatorMB: no_dial_set (); MTremoloMB: no_dial_set (); MUtility: not_a_processor (); Abbey Road Studio 3 (s): no_dial_set (); Nx Ocean Way Nashville (s): no_dial_set (); OVox (s): no_dial_set (); MetaFilter (s): no_dial_set (); EMO-Generator (m): not_a_processor (); EMO-Generator (s): not_a_processor (); Morphoder (s): no_dial_set (); Abbey Road Vinyl (s): review (arms disagree: none vs saturation); Abbey Road Vinyl Light (s): review (arms disagree: none vs saturation); Vocal Bender (s): no_dial_set (); bx_masterdesk: review (arms disagree: channel_strip vs none); bx_masterdesk Classic: review (arms disagree: channel_strip vs none); MAutopanMB: no_dial_set (); Snap Heap: no_dial_set (); Multipass: no_dial_set (); pitch category, listed not swept (tuner certification is not built): Auto-Tune Access, Auto-Tune EFX+, UAD Auto-Tune Realtime Access, UAD Antares Auto-Tune Realtime, Auto-Tune Pro, Auto-Tune Artist, UAD Auto-Tune Realtime Advanced, UAD Auto-Tune Realtime X)
--- exit=2   14:15:05   ilok=[0x00130000 / 1]
=== [14] SSLGChannel (s)   14:15:05   ilok=[0x00130000 / 1]   power='AC Power'
SWEEP: 'SSLGChannel (s)' is not on the worklist (worklist: 76 fixture(s) in the store (76 already record a sweep, candidates or a refusal; 0 refusal(s), 0 of them permanent), 82 discovered from the ledger at /private/tmp/claude-503/-Users-SeanD-Documents-ECHOJAY-FILES-WORKTREES-vst-reasoning/df7309b6-cabf-4dc3-abd7-0db4d0956dc6/scratchpad/fresh4; 0 local map(s), 1799 map-state row(s) (fetched 2026-09-29T20:21:28.738+01:00), 1798 categorised identities, 666 with a disposition other than sweep (honoured); installed AUs not discovered: 69 category amp_sim, 101 category channel_strip, 19 category de-esser, 42 category delay, 164 category eq, 7 category gate, 35 category limiter, 88 category reverb, 104 category saturation, 16 category transient_shaper, 124 disposition no_dial_set in categories.json, 33 disposition not_a_processor in categories.json, 37 disposition review in categories.json, 76 fixture present at this version, 371 not mapped at this build; left alone by categories.json disposition: UAD bx_refinement: review (arms disagree: saturation vs none); X-FDBK (s): no_dial_set (); NS1 (s): no_dial_set (); Scheps Parallel Particles (s): review (arms disagree: saturation vs none); AVOX PUNCH: review (arms disagree: transient_shaper vs none); B360 (1->4): review (both refused, differently: not_a_processor vs none); Sub Align (s): review (both refused, differently: none vs not_a_processor); DeBreath (m): no_dial_set (); Bass Rider (s): no_dial_set (); Bass Rider Live (s): no_dial_set (); CLA Effects (s): no_dial_set (); EMO-F2 (s): no_dial_set (); CLA MixDown (s): review (arms disagree: channel_strip vs none); Center (s): no_dial_set (); DTS Neural DownMix 7.1 to 5.1 (8->8): review (both refused, differently: not_a_processor vs none); DTS Neural DownMix 5.1 to Stereo (6->6): review (both refused, differently: not_a_processor vs none); DTS Neural DownMix 7.1 to Stereo (8->8): review (both refused, differently: not_a_processor vs none); DTS Neural Mono2Stereo (m->s): no_dial_set (); Doppler (s): no_dial_set (); Dorrough360 (5->5): not_a_processor (); Dorrough (s): not_a_processor (); Torque-Live (s): no_dial_set (); Torque (s): no_dial_set (); DTS Neural UpMix (2->4): no_dial_set (); EKramer FX (s): review (arms disagree: none vs delay); Enigma (s): no_dial_set (); MetaFlanger (s): no_dial_set (); GW MixCentric (s): no_dial_set (); GW PianoCentric (s): no_dial_set (); IMPusher (s): review (arms disagree: limiter vs none); IDR360 (5->5): no_dial_set (); Lindell 80 Bus: review (arms disagree: compressor vs channel_strip); LFE360 (m): no_dial_set (); Lindell 69 Buss: review (arms disagree: compressor vs channel_strip); LoAir (s): no_dial_set (); Vocal Rider Live (s): no_dial_set (); MannyM Tone Shaper (s): review (arms disagree: eq vs compressor); MondoMod (s): no_dial_set (); MaxxBass (s): no_dial_set (); MV360 (5->5): review (arms disagree: limiter vs compressor); S1 Shuffler (s): no_dial_set (); S1 Imager (s): no_dial_set (); Nx Ambisonics (4->2): no_dial_set (); NX Ambisonics (4->4): no_dial_set (); NX (s): no_dial_set (); InPhase LT (s): not_a_processor (); InPhase LT Live (s): not_a_processor (); InPhase Live (s): not_a_processor (); InPhase (s): not_a_processor (); M360 Manager (5->5): not_a_processor (); S360 Imager (1->5): no_dial_set (); M360 Mixdown (5->5): not_a_processor (); S360 Panner (1->5): review (both refused, differently: none vs not_a_processor); AR TG Meter Bridge (s): not_a_processor (); PlaylistRider (s): review (arms disagree: compressor vs none); PS22 Spread(10) (s): no_dial_set (); PS22 Spread (s): no_dial_set (); PS22 Split (s): no_dial_set (); PS22 XSplit (s): no_dial_set (); Vocal Rider (s): no_dial_set (); RBass (s): review (arms disagree: saturation vs none); OneKnob Filter (s): no_dial_set (); C360 (5->5): review (arms disagree: not_a_processor vs compressor); Submarine (s): no_dial_set (); UltraPitch 3 Voices (m): no_dial_set (); UltraPitch 6 Voices (m): no_dial_set (); UltraPitch Shift (m): no_dial_set (); Sibilance-Live (m): not_a_processor (); Sibilance-Live (s): not_a_processor (); CLA Epic (s): review (arms disagree: reverb vs delay); SPL Vitalizer MK2-T: review (arms disagree: eq vs none); Q-Capture (m): not_a_processor (); TRACT (s): review (arms disagree: eq vs not_a_processor); TRACT LinPhase (s): review (arms disagree: eq vs not_a_processor); TG12345 (s): review (arms disagree: eq vs channel_strip); The Kings Microphones (s): no_dial_set (); SoundShifter Pitch (s): no_dial_set (); WNS (s): no_dial_set (); UM225 (2->5): no_dial_set (); UM226 (2->6): no_dial_set (); W43 (s): no_dial_set (); PAZ- Frequency (s): not_a_processor (); PAZ- Analyzer (s): not_a_processor (); PAZ- Position (s): not_a_processor (); Doubler2 (s): no_dial_set (); Doubler4 (s): no_dial_set (); WLM Meter (s): not_a_processor (); Z-Noise (s): no_dial_set (); GW VoiceCentric (s): no_dial_set (); PAZ- Meters (s): not_a_processor (); WLM Plus (s): review (arms disagree: not_a_processor vs limiter); X-Click (s): no_dial_set (); X-Crackle (s): no_dial_set (); X-Hum (s): no_dial_set (); X-Noise (s): no_dial_set (); bx_refinement: review (arms disagree: saturation vs none); Disperser: no_dial_set (); kHs Comb Filter: no_dial_set (); kHs Chorus: no_dial_set (); kHs Filter: no_dial_set (); kHs Frequency Shifter: no_dial_set (); kHs Haas: no_dial_set (); kHs Ladder Filter: no_dial_set (); kHs Phaser: no_dial_set (); kHs Pitch Shifter: no_dial_set (); kHs Resonator: no_dial_set (); kHs Ring Mod: no_dial_set (); kHs Reverser: no_dial_set (); kHs Stereo: no_dial_set (); kHs Trance Gate: review (arms disagree: none vs gate); kHs Tape Stop: no_dial_set (); kHs Formant Filter: no_dial_set (); MPhaserMB: no_dial_set (); Kaleidoscopes (s): no_dial_set (); Brauer Motion (s): no_dial_set (); GTR Tool Rack (s): review (arms disagree: none vs amp_sim); Waves Tune Real-Time (s): no_dial_set (); MStereoProcessor: no_dial_set (); MAutoAlign: not_a_processor (); MFlanger: no_dial_set (); MFreqShifterMB: no_dial_set (); MAutopan: no_dial_set (); MPhaser: no_dial_set (); MRingModulator: no_dial_set (); MTremolo: no_dial_set (); MVibrato: no_dial_set (); MFreqShifter: no_dial_set (); MStereoExpander: no_dial_set (); MAnalyzer: not_a_processor (); MFilter: no_dial_set (); MFreeformPhase: no_dial_set (); MAutoVolume: review (arms disagree: compressor vs none); MBandPass: no_dial_set (); MBassador: no_dial_set (); MChannelMatrix: not_a_processor (); MCharacter: review (arms disagree: saturation vs none); MCompare: not_a_processor (); MComb: no_dial_set (); MDrumEnhancer: review (arms disagree: none vs transient_shaper); MultiMod Rack (s): no_dial_set (); MTransformer: no_dial_set (); MLoudnessAnalyzer: not_a_processor (); MMultiAnalyzer: not_a_processor (); MFlangerMB: no_dial_set (); MCombMB: no_dial_set (); MGranularMB: no_dial_set (); MWobblerMB: no_dial_set (); MChorusMB: no_dial_set (); MMorph: no_dial_set (); MNoiseGenerator: not_a_processor (); MNotepad: not_a_processor (); MOscillator: not_a_processor (); MOscilloscope: not_a_processor (); MPhatik: review (arms disagree: transient_shaper vs compressor); MRatio: no_dial_set (); MRecorder: not_a_processor (); MRhythmizerMB: no_dial_set (); MRhythmizer: no_dial_set (); MRotary: no_dial_set (); MStereoScope: not_a_processor (); MSpectralPan: no_dial_set (); MStereoGenerator: no_dial_set (); MStereoSpread: no_dial_set (); MTuner: not_a_processor (); MUnison: no_dial_set (); MVintageRotary: no_dial_set (); MVocoder: no_dial_set (); MWobbler: no_dial_set (); MXXX1: no_dial_set (); MXXX6out: no_dial_set (); MXXX: no_dial_set (); MAGC: review (arms disagree: compressor vs none); MAutoStereoFix: no_dial_set (); MAutoPitch: no_dial_set (); MVibratoMB: no_dial_set (); MHarmonizerMB: no_dial_set (); MRingModulatorMB: no_dial_set (); MTremoloMB: no_dial_set (); MUtility: not_a_processor (); Abbey Road Studio 3 (s): no_dial_set (); Nx Ocean Way Nashville (s): no_dial_set (); OVox (s): no_dial_set (); MetaFilter (s): no_dial_set (); EMO-Generator (m): not_a_processor (); EMO-Generator (s): not_a_processor (); Morphoder (s): no_dial_set (); Abbey Road Vinyl (s): review (arms disagree: none vs saturation); Abbey Road Vinyl Light (s): review (arms disagree: none vs saturation); Vocal Bender (s): no_dial_set (); bx_masterdesk: review (arms disagree: channel_strip vs none); bx_masterdesk Classic: review (arms disagree: channel_strip vs none); MAutopanMB: no_dial_set (); Snap Heap: no_dial_set (); Multipass: no_dial_set (); pitch category, listed not swept (tuner certification is not built): Auto-Tune Access, Auto-Tune EFX+, UAD Auto-Tune Realtime Access, UAD Antares Auto-Tune Realtime, Auto-Tune Pro, Auto-Tune Artist, UAD Auto-Tune Realtime Advanced, UAD Auto-Tune Realtime X)
--- exit=2   14:15:11   ilok=[0x00130000 / 1]
=== [15] MTurboCompMB   14:15:11   ilok=[0x00130000 / 1]   power='AC Power'
  sweeping MTurboCompMB candidate [40] Band 1 Compressor -> Threshold (unseen version 14.16.0: defaults sampled first) - 1 reference + 16 position processes
  sweeping MTurboCompMB candidate [104] Band 2 Compressor -> Threshold (unseen version 14.16.0: defaults sampled first) - 1 reference + 16 position processes
  soft end has no linear anchor (position 2 at -24.00 sits 1.09 dB above the linear reference, 16.6% of the 6.56 dB response (bar 8.3%)): re-sweeping with the quiet-level reference
  sweeping MTurboCompMB candidate [104] Band 2 Compressor -> Threshold (unseen version 14.16.0: defaults sampled first) - 1 reference + 16 position processes
  sweeping MTurboCompMB candidate [168] Band 3 Compressor -> Threshold (unseen version 14.16.0: defaults sampled first) - 1 reference + 16 position processes
  sweeping MTurboCompMB candidate [232] Band 4 Compressor -> Threshold (unseen version 14.16.0: defaults sampled first) - 1 reference + 16 position processes
  sweeping MTurboCompMB candidate [296] Band 5 Compressor -> Threshold (unseen version 14.16.0: defaults sampled first) - 1 reference + 16 position processes
  sweeping MTurboCompMB candidate [360] Band 6 Compressor -> Threshold (unseen version 14.16.0: defaults sampled first) - 1 reference + 16 position processes
CANDIDATE [40] Band 1 Compressor -> Threshold (flags ) - MTurboCompMB (class bands_or_stages, 6 candidates; the others at their instantiate defaults)
probe: signed EchoJayProbe (feat/ejmap-cert), team 8BT5F9B887, cdhash 7b4d5551560419225f50677353c7e6577542be67
host: EJ Map 0.1.0 / arm64 / 48k (native)
threshold: [40] Band 1 Compressor -> Threshold unit '%' (class bands_or_stages) | positions 16 (16 evenly spaced), one process each, levels quiet to loud
links as instantiated (recorded, not written): [55] Band 1 Detector -> Link channels = '100.0%', [119] Band 2 Detector -> Link channels = '100.0%', [183] Band 3 Detector -> Link channels = '100.0%', [247] Band 4 Detector -> Link channels = '100.0%', [311] Band 5 Detector -> Link channels = '100.0%', [375] Band 6 Detector -> Link channels = '100.0%'
ratio: 6 controls hold the ratio role | auto make-up disabled: no
default-threshold reference ('20.0%', spec 4.7 check only):  -24.00 out-in 1.24  -12.00 out-in -2.50  -6.00 out-in -5.40  (default gain is information only)
linear reference (soft end): none
writes landed by: instack 16
processes: 122 run, 0 retried, 0 position(s) failed
write verify: 16 landed, 0 write_unlanded (skipped), in-stack read already matched on 16 of 16, pump slices total 16, longest confirm 3.0 ms, re-rendered 0
hold doubled at positions: none
still moving AFTER doubling (reading not used): none

pos   norm      display        red@-24  red@-12  red@-6    T(peak)   T-display
  0  0.0000    0.00%             --       --       --          --          
  1  0.0667    6.7%              --       --       --          --          
  2  0.1333    13.3%             --       --       --          --          
  3  0.2000    20.0%             --       --       --          --          
  4  0.2667    26.7%             --       --       --          --          
  5  0.3333    33.3%             --       --       --          --          
  6  0.4000    40.0%             --       --       --          --          
  7  0.4667    46.7%             --       --       --          --          
  8  0.5333    53.3%             --       --       --          --          
  9  0.6000    60.0%             --       --       --          --          
 10  0.6667    66.7%             --       --       --          --          
 11  0.7333    73.3%             --       --       --          --          
 12  0.8000    80.0%             --       --       --          --          
 13  0.8667    86.7%             --       --       --          --          
 14  0.9333    93.3%             --       --       --          --          
 15  1.0000    100.0%            --       --       --          --          

1 MAP:             unreadable (the ends agree within 1 dB at every level but positions between them differ by 1.78 dB: the response is not across the sweep) | sense -- | engage -24.00:none -12.00:none -6.00:none
2 engage drift:    null  (not a dB display)   (primary; displayLinear unset until the population decides)
   offset IQR:      null
3 displayOffsetDb: null
fixture: AudioUnit_6144426f_14.16.0.json

CANDIDATE [104] Band 2 Compressor -> Threshold (flags ) - MTurboCompMB (class bands_or_stages, 6 candidates; the others at their instantiate defaults)
probe: signed EchoJayProbe (feat/ejmap-cert), team 8BT5F9B887, cdhash 7b4d5551560419225f50677353c7e6577542be67
host: EJ Map 0.1.0 / arm64 / 48k (native)
threshold: [104] Band 2 Compressor -> Threshold unit '%' (class bands_or_stages) | positions 16 (16 evenly spaced), one process each, levels quiet to loud
links as instantiated (recorded, not written): [55] Band 1 Detector -> Link channels = '100.0%', [119] Band 2 Detector -> Link channels = '100.0%', [183] Band 3 Detector -> Link channels = '100.0%', [247] Band 4 Detector -> Link channels = '100.0%', [311] Band 5 Detector -> Link channels = '100.0%', [375] Band 6 Detector -> Link channels = '100.0%'
ratio: 6 controls hold the ratio role | auto make-up disabled: no
default-threshold reference ('20.0%', spec 4.7 check only):  -24.00 out-in 1.24  -12.00 out-in -2.50  -6.00 out-in -5.41  (default gain is information only)
linear reference: each position's own gain at -48, checked against -54 (must differ by 6 dB within 0.1): -0.00 -0.00 -0.00 -0.00 -0.00 -0.00 -0.00 -0.00 -0.00 -0.00 -0.00 -0.00 -0.00 -0.00 -0.00 -0.00
writes landed by: instack 16
processes: 122 run, 0 retried, 0 position(s) failed
write verify: 16 landed, 0 write_unlanded (skipped), in-stack read already matched on 16 of 16, pump slices total 16, longest confirm 3.1 ms, re-rendered 0
hold doubled at positions: 12,15
still moving AFTER doubling (reading not used): none

pos   norm      display        red@-24  red@-12  red@-6    T(peak)   T-display
  0  0.0000    0.00%           2.44     7.13    10.10          --          
  1  0.0667    6.7%            1.79     6.18     9.15          --          
  2  0.1333    13.3%             --       --       --          --          
  3  0.2000    20.0%           0.85     4.59     7.49          --          
  4  0.2667    26.7%           0.53     3.92     6.76          --          
  5  0.3333    33.3%           0.29     3.33     6.09          --          
  6  0.4000    40.0%           0.02     2.17     4.72          --          
  7  0.4667    46.7%           0.01     1.29     3.57          --          
  8  0.5333    53.3%           0.01     0.65     2.60          --          
  9  0.6000    60.0%           0.01     0.25     1.79          --          
 10  0.6667    66.7%           0.01     0.09     1.14          --          
 11  0.7333    73.3%           0.01     0.09     0.38          --          
 12  0.8000    80.0%           0.01       --     0.26          --          
 13  0.8667    86.7%           0.01     0.09     0.26          --          
 14  0.9333    93.3%           0.01     0.09     0.26          --          
 15  1.0000    100.0%          0.01       --       --          --          

1 MAP:             certified (ratio unknown (no ratio control): no dB-equivalent map) | sense lower_is_harder | engage -24.00:4 -12.00:8 -6.00:10
2 engage drift:    null  (not a dB display)   (primary; displayLinear unset until the population decides)
   offset IQR:      null
3 displayOffsetDb: null
fixture: AudioUnit_6144426f_14.16.0.json

CANDIDATE [168] Band 3 Compressor -> Threshold (flags ) - MTurboCompMB (class bands_or_stages, 6 candidates; the others at their instantiate defaults)
probe: signed EchoJayProbe (feat/ejmap-cert), team 8BT5F9B887, cdhash 7b4d5551560419225f50677353c7e6577542be67
host: EJ Map 0.1.0 / arm64 / 48k (native)
threshold: [168] Band 3 Compressor -> Threshold unit '%' (class bands_or_stages) | positions 16 (16 evenly spaced), one process each, levels quiet to loud
links as instantiated (recorded, not written): [55] Band 1 Detector -> Link channels = '100.0%', [119] Band 2 Detector -> Link channels = '100.0%', [183] Band 3 Detector -> Link channels = '100.0%', [247] Band 4 Detector -> Link channels = '100.0%', [311] Band 5 Detector -> Link channels = '100.0%', [375] Band 6 Detector -> Link channels = '100.0%'
ratio: 6 controls hold the ratio role | auto make-up disabled: no
default-threshold reference ('20.0%', spec 4.7 check only):  -24.00 out-in 1.24  -12.00 out-in -2.50  -6.00 out-in -5.44  (default gain is information only)
linear reference (soft end): none
writes landed by: instack 16
processes: 122 run, 0 retried, 0 position(s) failed
write verify: 16 landed, 0 write_unlanded (skipped), in-stack read already matched on 16 of 16, pump slices total 16, longest confirm 3.1 ms, re-rendered 0
hold doubled at positions: none
still moving AFTER doubling (reading not used): none

pos   norm      display        red@-24  red@-12  red@-6    T(peak)   T-display
  0  0.0000    0.00%             --       --       --          --          
  1  0.0667    6.7%              --       --       --          --          
  2  0.1333    13.3%             --       --       --          --          
  3  0.2000    20.0%             --       --       --          --          
  4  0.2667    26.7%             --       --       --          --          
  5  0.3333    33.3%             --       --       --          --          
  6  0.4000    40.0%             --       --       --          --          
  7  0.4667    46.7%             --       --       --          --          
  8  0.5333    53.3%             --       --       --          --          
  9  0.6000    60.0%             --       --       --          --          
 10  0.6667    66.7%             --       --       --          --          
 11  0.7333    73.3%             --       --       --          --          
 12  0.8000    80.0%             --       --       --          --          
 13  0.8667    86.7%             --       --       --          --          
 14  0.9333    93.3%             --       --       --          --          
 15  1.0000    100.0%            --       --       --          --          

1 MAP:             flat (no two positions differ by more than 1 dB at any test level) | sense -- | engage -24.00:none -12.00:none -6.00:none
2 engage drift:    null  (not a dB display)   (primary; displayLinear unset until the population decides)
   offset IQR:      null
3 displayOffsetDb: null
fixture: AudioUnit_6144426f_14.16.0.json

CANDIDATE [232] Band 4 Compressor -> Threshold (flags ) - MTurboCompMB (class bands_or_stages, 6 candidates; the others at their instantiate defaults)
probe: signed EchoJayProbe (feat/ejmap-cert), team 8BT5F9B887, cdhash 7b4d5551560419225f50677353c7e6577542be67
host: EJ Map 0.1.0 / arm64 / 48k (native)
threshold: [232] Band 4 Compressor -> Threshold unit '%' (class bands_or_stages) | positions 16 (16 evenly spaced), one process each, levels quiet to loud
links as instantiated (recorded, not written): [55] Band 1 Detector -> Link channels = '100.0%', [119] Band 2 Detector -> Link channels = '100.0%', [183] Band 3 Detector -> Link channels = '100.0%', [247] Band 4 Detector -> Link channels = '100.0%', [311] Band 5 Detector -> Link channels = '100.0%', [375] Band 6 Detector -> Link channels = '100.0%'
ratio: 6 controls hold the ratio role | auto make-up disabled: no
default-threshold reference ('20.0%', spec 4.7 check only):  -24.00 out-in 1.24  -12.00 out-in -2.50  -6.00 out-in -5.40  (default gain is information only)
linear reference (soft end): none
writes landed by: instack 16
processes: 122 run, 0 retried, 0 position(s) failed
write verify: 16 landed, 0 write_unlanded (skipped), in-stack read already matched on 16 of 16, pump slices total 16, longest confirm 3.1 ms, re-rendered 0
hold doubled at positions: none
still moving AFTER doubling (reading not used): none

pos   norm      display        red@-24  red@-12  red@-6    T(peak)   T-display
  0  0.0000    0.00%             --       --       --          --          
  1  0.0667    6.7%              --       --       --          --          
  2  0.1333    13.3%             --       --       --          --          
  3  0.2000    20.0%             --       --       --          --          
  4  0.2667    26.7%             --       --       --          --          
  5  0.3333    33.3%             --       --       --          --          
  6  0.4000    40.0%             --       --       --          --          
  7  0.4667    46.7%             --       --       --          --          
  8  0.5333    53.3%             --       --       --          --          
  9  0.6000    60.0%             --       --       --          --          
 10  0.6667    66.7%             --       --       --          --          
 11  0.7333    73.3%             --       --       --          --          
 12  0.8000    80.0%             --       --       --          --          
 13  0.8667    86.7%             --       --       --          --          
 14  0.9333    93.3%             --       --       --          --          
 15  1.0000    100.0%            --       --       --          --          

1 MAP:             flat (no two positions differ by more than 1 dB at any test level) | sense -- | engage -24.00:none -12.00:none -6.00:none
2 engage drift:    null  (not a dB display)   (primary; displayLinear unset until the population decides)
   offset IQR:      null
3 displayOffsetDb: null
fixture: AudioUnit_6144426f_14.16.0.json

CANDIDATE [296] Band 5 Compressor -> Threshold (flags ) - MTurboCompMB (class bands_or_stages, 6 candidates; the others at their instantiate defaults)
probe: signed EchoJayProbe (feat/ejmap-cert), team 8BT5F9B887, cdhash 7b4d5551560419225f50677353c7e6577542be67
host: EJ Map 0.1.0 / arm64 / 48k (native)
threshold: [296] Band 5 Compressor -> Threshold unit '%' (class bands_or_stages) | positions 16 (16 evenly spaced), one process each, levels quiet to loud
links as instantiated (recorded, not written): [55] Band 1 Detector -> Link channels = '100.0%', [119] Band 2 Detector -> Link channels = '100.0%', [183] Band 3 Detector -> Link channels = '100.0%', [247] Band 4 Detector -> Link channels = '100.0%', [311] Band 5 Detector -> Link channels = '100.0%', [375] Band 6 Detector -> Link channels = '100.0%'
ratio: 6 controls hold the ratio role | auto make-up disabled: no
default-threshold reference ('20.0%', spec 4.7 check only):  -24.00 out-in 1.24  -12.00 out-in -2.50  -6.00 out-in -5.40  (default gain is information only)
linear reference (soft end): none
writes landed by: instack 16
processes: 122 run, 0 retried, 0 position(s) failed
write verify: 16 landed, 0 write_unlanded (skipped), in-stack read already matched on 16 of 16, pump slices total 16, longest confirm 3.1 ms, re-rendered 0
hold doubled at positions: none
still moving AFTER doubling (reading not used): none

pos   norm      display        red@-24  red@-12  red@-6    T(peak)   T-display
  0  0.0000    0.00%             --       --       --          --          
  1  0.0667    6.7%              --       --       --          --          
  2  0.1333    13.3%             --       --       --          --          
  3  0.2000    20.0%             --       --       --          --          
  4  0.2667    26.7%             --       --       --          --          
  5  0.3333    33.3%             --       --       --          --          
  6  0.4000    40.0%             --       --       --          --          
  7  0.4667    46.7%             --       --       --          --          
  8  0.5333    53.3%             --       --       --          --          
  9  0.6000    60.0%             --       --       --          --          
 10  0.6667    66.7%             --       --       --          --          
 11  0.7333    73.3%             --       --       --          --          
 12  0.8000    80.0%             --       --       --          --          
 13  0.8667    86.7%             --       --       --          --          
 14  0.9333    93.3%             --       --       --          --          
 15  1.0000    100.0%            --       --       --          --          

1 MAP:             flat (no two positions differ by more than 1 dB at any test level) | sense -- | engage -24.00:none -12.00:none -6.00:none
2 engage drift:    null  (not a dB display)   (primary; displayLinear unset until the population decides)
   offset IQR:      null
3 displayOffsetDb: null
fixture: AudioUnit_6144426f_14.16.0.json

CANDIDATE [360] Band 6 Compressor -> Threshold (flags ) - MTurboCompMB (class bands_or_stages, 6 candidates; the others at their instantiate defaults)
probe: signed EchoJayProbe (feat/ejmap-cert), team 8BT5F9B887, cdhash 7b4d5551560419225f50677353c7e6577542be67
host: EJ Map 0.1.0 / arm64 / 48k (native)
threshold: [360] Band 6 Compressor -> Threshold unit '%' (class bands_or_stages) | positions 16 (16 evenly spaced), one process each, levels quiet to loud
links as instantiated (recorded, not written): [55] Band 1 Detector -> Link channels = '100.0%', [119] Band 2 Detector -> Link channels = '100.0%', [183] Band 3 Detector -> Link channels = '100.0%', [247] Band 4 Detector -> Link channels = '100.0%', [311] Band 5 Detector -> Link channels = '100.0%', [375] Band 6 Detector -> Link channels = '100.0%'
ratio: 6 controls hold the ratio role | auto make-up disabled: no
default-threshold reference ('20.0%', spec 4.7 check only):  -24.00 out-in 1.24  -12.00 out-in -2.50  -6.00 out-in -5.40  (default gain is information only)
linear reference (soft end): none
writes landed by: instack 16
processes: 122 run, 0 retried, 0 position(s) failed
write verify: 16 landed, 0 write_unlanded (skipped), in-stack read already matched on 16 of 16, pump slices total 16, longest confirm 3.0 ms, re-rendered 0
hold doubled at positions: none
still moving AFTER doubling (reading not used): none

pos   norm      display        red@-24  red@-12  red@-6    T(peak)   T-display
  0  0.0000    0.00%             --       --       --          --          
  1  0.0667    6.7%              --       --       --          --          
  2  0.1333    13.3%             --       --       --          --          
  3  0.2000    20.0%             --       --       --          --          
  4  0.2667    26.7%             --       --       --          --          
  5  0.3333    33.3%             --       --       --          --          
  6  0.4000    40.0%             --       --       --          --          
  7  0.4667    46.7%             --       --       --          --          
  8  0.5333    53.3%             --       --       --          --          
  9  0.6000    60.0%             --       --       --          --          
 10  0.6667    66.7%             --       --       --          --          
 11  0.7333    73.3%             --       --       --          --          
 12  0.8000    80.0%             --       --       --          --          
 13  0.8667    86.7%             --       --       --          --          
 14  0.9333    93.3%             --       --       --          --          
 15  1.0000    100.0%            --       --       --          --          

1 MAP:             flat (no two positions differ by more than 1 dB at any test level) | sense -- | engage -24.00:none -12.00:none -6.00:none
2 engage drift:    null  (not a dB display)   (primary; displayLinear unset until the population decides)
   offset IQR:      null
3 displayOffsetDb: null
fixture: AudioUnit_6144426f_14.16.0.json

--- exit=0   14:19:29   ilok=[0x00130000 / 1]
=== [16] MTurboComp   14:19:29   ilok=[0x00130000 / 1]   power='AC Power'
  sweeping MTurboComp (unseen version 14.16.0: defaults sampled first) - 1 reference + 16 position processes
  soft end has no linear anchor (position 2 at -24.00 sits 1.04 dB above the linear reference, 13.6% of the 7.65 dB response (bar 8.3%)): re-sweeping with the quiet-level reference
  sweeping MTurboComp candidate [8] Compressor -> Threshold (unseen version 14.16.0: defaults sampled first) - 1 reference + 16 position processes
EJ Map threshold sweep - MTurboComp -> AudioUnit_61447441_14.16.0.json  (DISCOVERED: mapped (server map state 3); no fixture existed)
probe: signed EchoJayProbe (feat/ejmap-cert), team 8BT5F9B887, cdhash 7b4d5551560419225f50677353c7e6577542be67
host: EJ Map 0.1.0 / arm64 / 48k (native)
threshold: [8] Compressor -> Threshold unit '%' (class single_threshold) | positions 16 (16 evenly spaced), one process each, levels quiet to loud
links as instantiated (recorded, not written): [23] Detector -> Link channels = '100.0%'
ratio: [9] ran at '50.0%' -> 50 | auto make-up disabled: no
default-threshold reference ('20.0%', spec 4.7 check only):  -24.00 out-in 1.08  -12.00 out-in -3.14  -6.00 out-in -6.46  (default gain is information only)
linear reference: each position's own gain at -48, checked against -54 (must differ by 6 dB within 0.1): -0.00 -0.00 -0.00 -0.00 -0.00 -0.00 -0.00 -0.00 -0.00 -0.00 -0.00 -- -0.00 -0.00 -0.00 -0.00
writes landed by: instack 16
processes: 37 run, 0 retried, 0 position(s) failed
write verify: 16 landed, 0 write_unlanded (skipped), in-stack read already matched on 16 of 16, pump slices total 16, longest confirm 3.1 ms, re-rendered 0
hold doubled at positions: none
still moving AFTER doubling (reading not used): none

pos   norm      display        red@-24  red@-12  red@-6    T(peak)   T-display
  0  0.0000    0.00%           2.75     8.02    11.44       -20.2          
  1  0.0667    6.7%            2.05     6.97    10.38       -19.1          
  2  0.1333    13.3%           1.47     6.05     9.42       -18.2          
  3  0.2000    20.0%           1.01     5.23     8.55       -17.3          
  4  0.2667    26.7%           0.65     4.50       --       -20.6          
  5  0.3333    33.3%           0.38     3.85     7.01       -14.5          
  6  0.4000    40.0%           0.04     2.55     5.46       -13.1          
  7  0.4667    46.7%             --       --     5.85       -12.0          
  8  0.5333    53.3%           0.02     0.83     3.07       -11.0          
  9  0.6000    60.0%           0.02       --       --          --          
 10  0.6667    66.7%           0.02     0.12     1.42        -7.5          
 11  0.7333    73.3%             --       --       --          --          
 12  0.8000    80.0%           0.02     0.10     0.30   {"above": -6.0}          
 13  0.8667    86.7%           0.02     0.10     0.30   {"above": -6.0}          
 14  0.9333    93.3%           0.02       --       --          --          
 15  1.0000    100.0%          0.02     0.10     0.30   {"above": -6.0}          

1 MAP:             certified | sense lower_is_harder | engage -24.00:4 -12.00:8 -6.00:10
2 engage drift:    null  (not a dB display)   (primary; displayLinear unset until the population decides)
   offset IQR:      null
3 displayOffsetDb: null
fixture: AudioUnit_61447441_14.16.0.json
--- exit=0   14:20:16   ilok=[0x00130000 / 1]
=== [17] MDynamicsMB   14:20:16   ilok=[0x00130000 / 1]   power='AC Power'
  sweeping MDynamicsMB candidate [16] Band 1 -> Threshold (unseen version 14.16.0: defaults sampled first) - 1 reference + 16 position processes
  sweeping MDynamicsMB candidate [24] Band 2 -> Threshold (unseen version 14.16.0: defaults sampled first) - 1 reference + 16 position processes
  soft end has no linear anchor (the soft end is not linear: its gain spans 1.35 dB across the levels, 18.0% of the 7.50 dB response (bar 8.3%)): re-sweeping with the quiet-level reference
  sweeping MDynamicsMB candidate [24] Band 2 -> Threshold (unseen version 14.16.0: defaults sampled first) - 1 reference + 16 position processes
  sweeping MDynamicsMB candidate [32] Band 3 -> Threshold (unseen version 14.16.0: defaults sampled first) - 1 reference + 16 position processes
  soft end has no linear anchor (the soft end is not linear: its gain spans 1.39 dB across the levels, 21.1% of the 6.58 dB response (bar 8.3%)): re-sweeping with the quiet-level reference
  sweeping MDynamicsMB candidate [32] Band 3 -> Threshold (unseen version 14.16.0: defaults sampled first) - 1 reference + 16 position processes
  sweeping MDynamicsMB candidate [40] Band 4 -> Threshold (unseen version 14.16.0: defaults sampled first) - 1 reference + 16 position processes
  sweeping MDynamicsMB candidate [109] Band 1 - Gate - Threshold (unseen version 14.16.0: defaults sampled first) - 1 reference + 16 position processes
  sweeping MDynamicsMB candidate [114] Band 1 - Processor 1 - Threshold (unseen version 14.16.0: defaults sampled first) - 1 reference + 16 position processes
  sweeping MDynamicsMB candidate [119] Band 1 - Processor 2 - Threshold (unseen version 14.16.0: defaults sampled first) - 1 reference + 16 position processes
  sweeping MDynamicsMB candidate [138] Band 2 - Gate - Threshold (unseen version 14.16.0: defaults sampled first) - 1 reference + 16 position processes
  sweeping MDynamicsMB candidate [143] Band 2 - Processor 1 - Threshold (unseen version 14.16.0: defaults sampled first) - 1 reference + 16 position processes
  soft end has no linear anchor (the soft end is not linear: its gain spans 1.35 dB across the levels, 18.0% of the 7.50 dB response (bar 8.3%)): re-sweeping with the quiet-level reference
  sweeping MDynamicsMB candidate [143] Band 2 - Processor 1 - Threshold (unseen version 14.16.0: defaults sampled first) - 1 reference + 16 position processes
  sweeping MDynamicsMB candidate [148] Band 2 - Processor 2 - Threshold (unseen version 14.16.0: defaults sampled first) - 1 reference + 16 position processes
  sweeping MDynamicsMB candidate [167] Band 3 - Gate - Threshold (unseen version 14.16.0: defaults sampled first) - 1 reference + 16 position processes
  sweeping MDynamicsMB candidate [172] Band 3 - Processor 1 - Threshold (unseen version 14.16.0: defaults sampled first) - 1 reference + 16 position processes
  soft end has no linear anchor (the soft end is not linear: its gain spans 1.39 dB across the levels, 18.7% of the 7.42 dB response (bar 8.3%)): re-sweeping with the quiet-level reference
  sweeping MDynamicsMB candidate [172] Band 3 - Processor 1 - Threshold (unseen version 14.16.0: defaults sampled first) - 1 reference + 16 position processes
  sweeping MDynamicsMB candidate [177] Band 3 - Processor 2 - Threshold (unseen version 14.16.0: defaults sampled first) - 1 reference + 16 position processes
  sweeping MDynamicsMB candidate [196] Band 4 - Gate - Threshold (unseen version 14.16.0: defaults sampled first) - 1 reference + 16 position processes
  sweeping MDynamicsMB candidate [201] Band 4 - Processor 1 - Threshold (unseen version 14.16.0: defaults sampled first) - 1 reference + 16 position processes
  sweeping MDynamicsMB candidate [206] Band 4 - Processor 2 - Threshold (unseen version 14.16.0: defaults sampled first) - 1 reference + 16 position processes
  sweeping MDynamicsMB candidate [225] Band 5 - Gate - Threshold (unseen version 14.16.0: defaults sampled first) - 1 reference + 16 position processes
  sweeping MDynamicsMB candidate [230] Band 5 - Processor 1 - Threshold (unseen version 14.16.0: defaults sampled first) - 1 reference + 16 position processes
  sweeping MDynamicsMB candidate [235] Band 5 - Processor 2 - Threshold (unseen version 14.16.0: defaults sampled first) - 1 reference + 16 position processes
  sweeping MDynamicsMB candidate [254] Band 6 - Gate - Threshold (unseen version 14.16.0: defaults sampled first) - 1 reference + 16 position processes
  sweeping MDynamicsMB candidate [259] Band 6 - Processor 1 - Threshold (unseen version 14.16.0: defaults sampled first) - 1 reference + 16 position processes
  sweeping MDynamicsMB candidate [264] Band 6 - Processor 2 - Threshold (unseen version 14.16.0: defaults sampled first) - 1 reference + 16 position processes
CANDIDATE [16] Band 1 -> Threshold (flags ) - MDynamicsMB (class bands_or_stages, 22 candidates; the others at their instantiate defaults)
probe: signed EchoJayProbe (feat/ejmap-cert), team 8BT5F9B887, cdhash 7b4d5551560419225f50677353c7e6577542be67
host: EJ Map 0.1.0 / arm64 / 48k (native)
threshold: [16] Band 1 -> Threshold unit 'dB' (class bands_or_stages) | positions 16 (16 evenly spaced), one process each, levels quiet to loud
links as instantiated (recorded, not written): [100] Band 1 - General parameters - Link channels = '100.0%', [129] Band 2 - General parameters - Link channels = '100.0%', [158] Band 3 - General parameters - Link channels = '100.0%', [187] Band 4 - General parameters - Link channels = '100.0%', [216] Band 5 - General parameters - Link channels = '100.0%', [245] Band 6 - General parameters - Link channels = '100.0%'
ratio: 16 controls hold the ratio role | auto make-up disabled: no
default-threshold reference ('-20.0 dB', spec 4.7 check only):  -24.00 out-in 0.00  -12.00 out-in 0.00  -6.00 out-in -2.99  (default gain is information only)
linear reference (soft end): none
writes landed by: instack 16
processes: 445 run, 0 retried, 0 position(s) failed
write verify: 16 landed, 0 write_unlanded (skipped), in-stack read already matched on 16 of 16, pump slices total 16, longest confirm 3.2 ms, re-rendered 0
hold doubled at positions: none
still moving AFTER doubling (reading not used): none

pos   norm      display        red@-24  red@-12  red@-6    T(peak)   T-display
  0  0.0000    -80.0 dB          --       --       --          --          
  1  0.0667    -44.8 dB          --       --       --          --          
  2  0.1333    -33.9 dB          --       --       --          --          
  3  0.2000    -27.3 dB          --       --       --          --          
  4  0.2667    -22.5 dB          --       --       --          --          
  5  0.3333    -18.7 dB          --       --       --          --          
  6  0.4000    -15.7 dB          --       --       --          --          
  7  0.4667    -13.0 dB          --       --       --          --          
  8  0.5333    -10.8 dB          --       --       --          --          
  9  0.6000    -8.76 dB          --       --       --          --          
 10  0.6667    -6.96 dB          --       --       --          --          
 11  0.7333    -5.32 dB          --       --       --          --          
 12  0.8000    -3.83 dB          --       --       --          --          
 13  0.8667    -2.46 dB          --       --       --          --          
 14  0.9333    -1.19 dB          --       --       --          --          
 15  1.0000    0.00 dB           --       --       --          --          

1 MAP:             flat (no two positions differ by more than 1 dB at any test level) | sense -- | engage -24.00:none -12.00:none -6.00:none
2 engage drift:    null  (not a dB display)   (primary; displayLinear unset until the population decides)
   offset IQR:      null
3 displayOffsetDb: null
fixture: AudioUnit_6151642a_14.16.0.json

CANDIDATE [24] Band 2 -> Threshold (flags ) - MDynamicsMB (class bands_or_stages, 22 candidates; the others at their instantiate defaults)
probe: signed EchoJayProbe (feat/ejmap-cert), team 8BT5F9B887, cdhash 7b4d5551560419225f50677353c7e6577542be67
host: EJ Map 0.1.0 / arm64 / 48k (native)
threshold: [24] Band 2 -> Threshold unit 'dB' (class bands_or_stages) | positions 16 (16 evenly spaced), one process each, levels quiet to loud
links as instantiated (recorded, not written): [100] Band 1 - General parameters - Link channels = '100.0%', [129] Band 2 - General parameters - Link channels = '100.0%', [158] Band 3 - General parameters - Link channels = '100.0%', [187] Band 4 - General parameters - Link channels = '100.0%', [216] Band 5 - General parameters - Link channels = '100.0%', [245] Band 6 - General parameters - Link channels = '100.0%'
ratio: 16 controls hold the ratio role | auto make-up disabled: no
default-threshold reference ('-20.0 dB', spec 4.7 check only):  -24.00 out-in -0.00  -12.00 out-in 0.00  -6.00 out-in -2.99  (default gain is information only)
linear reference: each position's own gain at -48, checked against -54 (must differ by 6 dB within 0.1): -0.58 -- 0.00 0.00 0.00 0.00 0.00 0.00 0.00 0.00 0.00 0.00 0.00 0.00 0.00 0.00
writes landed by: instack 16
processes: 445 run, 0 retried, 0 position(s) failed
write verify: 16 landed, 0 write_unlanded (skipped), in-stack read already matched on 16 of 16, pump slices total 16, longest confirm 3.1 ms, re-rendered 0
hold doubled at positions: 8
still moving AFTER doubling (reading not used): none

pos   norm      display        red@-24  red@-12  red@-6    T(peak)   T-display
  0  0.0000    -80.0 dB          --       --       --          --          
  1  0.0667    -44.8 dB          --       --       --          --          
  2  0.1333    -33.9 dB        0.32     3.21     6.21          --          
  3  0.2000    -27.3 dB       -0.00     1.80     4.91          --          
  4  0.2667    -22.5 dB       -0.00     0.47     3.71          --          
  5  0.3333    -18.7 dB       -0.00    -0.00     2.60          --          
  6  0.4000    -15.7 dB       -0.00    -0.00     1.58          --          
  7  0.4667    -13.0 dB       -0.00    -0.00     1.35          --          
  8  0.5333    -10.8 dB       -0.00       --     1.35          --          
  9  0.6000    -8.76 dB       -0.00    -0.00     1.35          --          
 10  0.6667    -6.96 dB       -0.00    -0.00     1.35          --          
 11  0.7333    -5.32 dB       -0.00    -0.00     1.35          --          
 12  0.8000    -3.83 dB       -0.00    -0.00     1.35          --          
 13  0.8667    -2.46 dB       -0.00    -0.00     1.35          --          
 14  0.9333    -1.19 dB       -0.00    -0.00     1.35          --          
 15  1.0000    0.00 dB        -0.00    -0.00     1.35          --          

1 MAP:             certified (ratio unknown (no ratio control): no dB-equivalent map) | sense lower_is_harder | engage -24.00:none -12.00:3 -6.00:15
2 engage drift:    null  -12.00:-9.24  -24.00:null  -6.00:null   (primary; displayLinear unset until the population decides)
   offset IQR:      null
3 displayOffsetDb: null
fixture: AudioUnit_6151642a_14.16.0.json

CANDIDATE [32] Band 3 -> Threshold (flags ) - MDynamicsMB (class bands_or_stages, 22 candidates; the others at their instantiate defaults)
probe: signed EchoJayProbe (feat/ejmap-cert), team 8BT5F9B887, cdhash 7b4d5551560419225f50677353c7e6577542be67
host: EJ Map 0.1.0 / arm64 / 48k (native)
threshold: [32] Band 3 -> Threshold unit 'dB' (class bands_or_stages) | positions 16 (16 evenly spaced), one process each, levels quiet to loud
links as instantiated (recorded, not written): [100] Band 1 - General parameters - Link channels = '100.0%', [129] Band 2 - General parameters - Link channels = '100.0%', [158] Band 3 - General parameters - Link channels = '100.0%', [187] Band 4 - General parameters - Link channels = '100.0%', [216] Band 5 - General parameters - Link channels = '100.0%', [245] Band 6 - General parameters - Link channels = '100.0%'
ratio: 16 controls hold the ratio role | auto make-up disabled: no
default-threshold reference ('-20.0 dB', spec 4.7 check only):  -24.00 out-in -0.00  -12.00 out-in 0.00  -6.00 out-in -2.99  (default gain is information only)
linear reference: each position's own gain at -48, checked against -54 (must differ by 6 dB within 0.1): -0.57 0.00 0.00 0.00 0.00 0.00 0.00 0.00 0.00 0.00 0.00 0.00 0.00 0.00 0.00 0.00
writes landed by: instack 16
processes: 445 run, 0 retried, 0 position(s) failed
write verify: 16 landed, 0 write_unlanded (skipped), in-stack read already matched on 16 of 16, pump slices total 16, longest confirm 3.1 ms, re-rendered 0
hold doubled at positions: none
still moving AFTER doubling (reading not used): none

pos   norm      display        red@-24  red@-12  red@-6    T(peak)   T-display
  0  0.0000    -80.0 dB          --       --       --          --          
  1  0.0667    -44.8 dB        3.19     4.58     7.53          --          
  2  0.1333    -33.9 dB        0.29     3.16     6.19          --          
  3  0.2000    -27.3 dB       -0.00     1.76     4.91          --          
  4  0.2667    -22.5 dB       -0.00     0.44     3.71          --          
  5  0.3333    -18.7 dB       -0.00    -0.00     2.60          --          
  6  0.4000    -15.7 dB       -0.00    -0.00     1.58          --          
  7  0.4667    -13.0 dB       -0.00    -0.00     1.39          --          
  8  0.5333    -10.8 dB       -0.00    -0.00     1.39          --          
  9  0.6000    -8.76 dB       -0.00    -0.00     1.39          --          
 10  0.6667    -6.96 dB       -0.00    -0.00     1.39          --          
 11  0.7333    -5.32 dB       -0.00    -0.00     1.39          --          
 12  0.8000    -3.83 dB       -0.00    -0.00     1.39          --          
 13  0.8667    -2.46 dB       -0.00    -0.00     1.39          --          
 14  0.9333    -1.19 dB       -0.00    -0.00     1.39          --          
 15  1.0000    0.00 dB        -0.00    -0.00     1.39          --          

1 MAP:             certified (ratio unknown (no ratio control): no dB-equivalent map) | sense lower_is_harder | engage -24.00:1 -12.00:3 -6.00:15
2 engage drift:    1.32  -12.00:-9.38  -24.00:-10.70  -6.00:null   (primary; displayLinear unset until the population decides)
   offset IQR:      null
3 displayOffsetDb: null
fixture: AudioUnit_6151642a_14.16.0.json

CANDIDATE [40] Band 4 -> Threshold (flags ) - MDynamicsMB (class bands_or_stages, 22 candidates; the others at their instantiate defaults)
probe: signed EchoJayProbe (feat/ejmap-cert), team 8BT5F9B887, cdhash 7b4d5551560419225f50677353c7e6577542be67
host: EJ Map 0.1.0 / arm64 / 48k (native)
threshold: [40] Band 4 -> Threshold unit 'dB' (class bands_or_stages) | positions 16 (16 evenly spaced), one process each, levels quiet to loud
links as instantiated (recorded, not written): [100] Band 1 - General parameters - Link channels = '100.0%', [129] Band 2 - General parameters - Link channels = '100.0%', [158] Band 3 - General parameters - Link channels = '100.0%', [187] Band 4 - General parameters - Link channels = '100.0%', [216] Band 5 - General parameters - Link channels = '100.0%', [245] Band 6 - General parameters - Link channels = '100.0%'
ratio: 16 controls hold the ratio role | auto make-up disabled: no
default-threshold reference ('-20.0 dB', spec 4.7 check only):  -24.00 out-in 0.00  -12.00 out-in 0.00  -6.00 out-in -2.99  (default gain is information only)
linear reference (soft end): none
writes landed by: instack 16
processes: 445 run, 0 retried, 0 position(s) failed
write verify: 16 landed, 0 write_unlanded (skipped), in-stack read already matched on 16 of 16, pump slices total 16, longest confirm 3.1 ms, re-rendered 0
hold doubled at positions: none
still moving AFTER doubling (reading not used): none

pos   norm      display        red@-24  red@-12  red@-6    T(peak)   T-display
  0  0.0000    -80.0 dB          --       --       --          --          
  1  0.0667    -44.8 dB          --       --       --          --          
  2  0.1333    -33.9 dB          --       --       --          --          
  3  0.2000    -27.3 dB          --       --       --          --          
  4  0.2667    -22.5 dB          --       --       --          --          
  5  0.3333    -18.7 dB          --       --       --          --          
  6  0.4000    -15.7 dB          --       --       --          --          
  7  0.4667    -13.0 dB          --       --       --          --          
  8  0.5333    -10.8 dB          --       --       --          --          
  9  0.6000    -8.76 dB          --       --       --          --          
 10  0.6667    -6.96 dB          --       --       --          --          
 11  0.7333    -5.32 dB          --       --       --          --          
 12  0.8000    -3.83 dB          --       --       --          --          
 13  0.8667    -2.46 dB          --       --       --          --          
 14  0.9333    -1.19 dB          --       --       --          --          
 15  1.0000    0.00 dB           --       --       --          --          

1 MAP:             flat (no two positions differ by more than 1 dB at any test level) | sense -- | engage -24.00:none -12.00:none -6.00:none
2 engage drift:    null  (not a dB display)   (primary; displayLinear unset until the population decides)
   offset IQR:      null
3 displayOffsetDb: null
fixture: AudioUnit_6151642a_14.16.0.json

CANDIDATE [109] Band 1 - Gate - Threshold (flags ) - MDynamicsMB (class bands_or_stages, 22 candidates; the others at their instantiate defaults)
probe: signed EchoJayProbe (feat/ejmap-cert), team 8BT5F9B887, cdhash 7b4d5551560419225f50677353c7e6577542be67
host: EJ Map 0.1.0 / arm64 / 48k (native)
threshold: [109] Band 1 - Gate - Threshold unit 'dB' (class bands_or_stages) | positions 16 (16 evenly spaced), one process each, levels quiet to loud
links as instantiated (recorded, not written): [100] Band 1 - General parameters - Link channels = '100.0%', [129] Band 2 - General parameters - Link channels = '100.0%', [158] Band 3 - General parameters - Link channels = '100.0%', [187] Band 4 - General parameters - Link channels = '100.0%', [216] Band 5 - General parameters - Link channels = '100.0%', [245] Band 6 - General parameters - Link channels = '100.0%'
ratio: 16 controls hold the ratio role | auto make-up disabled: no
default-threshold reference ('-28.0 dB', spec 4.7 check only):  -24.00 out-in 0.00  -12.00 out-in 0.00  -6.00 out-in -2.99  (default gain is information only)
linear reference (soft end): none
writes landed by: instack 16
processes: 445 run, 0 retried, 0 position(s) failed
write verify: 16 landed, 0 write_unlanded (skipped), in-stack read already matched on 16 of 16, pump slices total 16, longest confirm 3.1 ms, re-rendered 0
hold doubled at positions: none
still moving AFTER doubling (reading not used): none

pos   norm      display        red@-24  red@-12  red@-6    T(peak)   T-display
  0  0.0000    -80.0 dB          --       --       --          --          
  1  0.0667    -44.8 dB          --       --       --          --          
  2  0.1333    -33.9 dB          --       --       --          --          
  3  0.2000    -27.3 dB          --       --       --          --          
  4  0.2667    -22.5 dB          --       --       --          --          
  5  0.3333    -18.7 dB          --       --       --          --          
  6  0.4000    -15.7 dB          --       --       --          --          
  7  0.4667    -13.0 dB          --       --       --          --          
  8  0.5333    -10.8 dB          --       --       --          --          
  9  0.6000    -8.76 dB          --       --       --          --          
 10  0.6667    -6.96 dB          --       --       --          --          
 11  0.7333    -5.32 dB          --       --       --          --          
 12  0.8000    -3.83 dB          --       --       --          --          
 13  0.8667    -2.46 dB          --       --       --          --          
 14  0.9333    -1.19 dB          --       --       --          --          
 15  1.0000    0.00 dB           --       --       --          --          

1 MAP:             flat (no two positions differ by more than 1 dB at any test level) | sense -- | engage -24.00:none -12.00:none -6.00:none
2 engage drift:    null  (not a dB display)   (primary; displayLinear unset until the population decides)
   offset IQR:      null
3 displayOffsetDb: null
fixture: AudioUnit_6151642a_14.16.0.json

CANDIDATE [114] Band 1 - Processor 1 - Threshold (flags ) - MDynamicsMB (class bands_or_stages, 22 candidates; the others at their instantiate defaults)
probe: signed EchoJayProbe (feat/ejmap-cert), team 8BT5F9B887, cdhash 7b4d5551560419225f50677353c7e6577542be67
host: EJ Map 0.1.0 / arm64 / 48k (native)
threshold: [114] Band 1 - Processor 1 - Threshold unit 'dB' (class bands_or_stages) | positions 16 (16 evenly spaced), one process each, levels quiet to loud
links as instantiated (recorded, not written): [100] Band 1 - General parameters - Link channels = '100.0%', [129] Band 2 - General parameters - Link channels = '100.0%', [158] Band 3 - General parameters - Link channels = '100.0%', [187] Band 4 - General parameters - Link channels = '100.0%', [216] Band 5 - General parameters - Link channels = '100.0%', [245] Band 6 - General parameters - Link channels = '100.0%'
ratio: 16 controls hold the ratio role | auto make-up disabled: no
default-threshold reference ('-20.0 dB', spec 4.7 check only):  -24.00 out-in 0.00  -12.00 out-in 0.00  -6.00 out-in -2.99  (default gain is information only)
linear reference (soft end): none
writes landed by: instack 16
processes: 445 run, 0 retried, 0 position(s) failed
write verify: 16 landed, 0 write_unlanded (skipped), in-stack read already matched on 16 of 16, pump slices total 16, longest confirm 3.1 ms, re-rendered 0
hold doubled at positions: none
still moving AFTER doubling (reading not used): none

pos   norm      display        red@-24  red@-12  red@-6    T(peak)   T-display
  0  0.0000    -80.0 dB          --       --       --          --          
  1  0.0667    -44.8 dB          --       --       --          --          
  2  0.1333    -33.9 dB          --       --       --          --          
  3  0.2000    -27.3 dB          --       --       --          --          
  4  0.2667    -22.5 dB          --       --       --          --          
  5  0.3333    -18.7 dB          --       --       --          --          
  6  0.4000    -15.7 dB          --       --       --          --          
  7  0.4667    -13.0 dB          --       --       --          --          
  8  0.5333    -10.8 dB          --       --       --          --          
  9  0.6000    -8.76 dB          --       --       --          --          
 10  0.6667    -6.96 dB          --       --       --          --          
 11  0.7333    -5.32 dB          --       --       --          --          
 12  0.8000    -3.83 dB          --       --       --          --          
 13  0.8667    -2.46 dB          --       --       --          --          
 14  0.9333    -1.19 dB          --       --       --          --          
 15  1.0000    0.00 dB           --       --       --          --          

1 MAP:             flat (no two positions differ by more than 1 dB at any test level) | sense -- | engage -24.00:none -12.00:none -6.00:none
2 engage drift:    null  (not a dB display)   (primary; displayLinear unset until the population decides)
   offset IQR:      null
3 displayOffsetDb: null
fixture: AudioUnit_6151642a_14.16.0.json

CANDIDATE [119] Band 1 - Processor 2 - Threshold (flags ) - MDynamicsMB (class bands_or_stages, 22 candidates; the others at their instantiate defaults)
probe: signed EchoJayProbe (feat/ejmap-cert), team 8BT5F9B887, cdhash 7b4d5551560419225f50677353c7e6577542be67
host: EJ Map 0.1.0 / arm64 / 48k (native)
threshold: [119] Band 1 - Processor 2 - Threshold unit 'dB' (class bands_or_stages) | positions 16 (16 evenly spaced), one process each, levels quiet to loud
links as instantiated (recorded, not written): [100] Band 1 - General parameters - Link channels = '100.0%', [129] Band 2 - General parameters - Link channels = '100.0%', [158] Band 3 - General parameters - Link channels = '100.0%', [187] Band 4 - General parameters - Link channels = '100.0%', [216] Band 5 - General parameters - Link channels = '100.0%', [245] Band 6 - General parameters - Link channels = '100.0%'
ratio: 16 controls hold the ratio role | auto make-up disabled: no
default-threshold reference ('-24.1 dB', spec 4.7 check only):  -24.00 out-in 0.00  -12.00 out-in -0.03  -6.00 out-in -24.26  (default gain is information only)
linear reference (soft end): none
writes landed by: instack 16
processes: 445 run, 0 retried, 0 position(s) failed
write verify: 16 landed, 0 write_unlanded (skipped), in-stack read already matched on 16 of 16, pump slices total 16, longest confirm 3.2 ms, re-rendered 0
hold doubled at positions: none
still moving AFTER doubling (reading not used): none

pos   norm      display        red@-24  red@-12  red@-6    T(peak)   T-display
  0  0.0000    -80.0 dB          --       --       --          --          
  1  0.0667    -44.8 dB          --       --       --          --          
  2  0.1333    -33.9 dB          --       --       --          --          
  3  0.2000    -27.3 dB          --       --       --          --          
  4  0.2667    -22.5 dB          --       --       --          --          
  5  0.3333    -18.7 dB          --       --       --          --          
  6  0.4000    -15.7 dB          --       --       --          --          
  7  0.4667    -13.0 dB          --       --       --          --          
  8  0.5333    -10.8 dB          --       --       --          --          
  9  0.6000    -8.76 dB          --       --       --          --          
 10  0.6667    -6.96 dB          --       --       --          --          
 11  0.7333    -5.32 dB          --       --       --          --          
 12  0.8000    -3.83 dB          --       --       --          --          
 13  0.8667    -2.46 dB          --       --       --          --          
 14  0.9333    -1.19 dB          --       --       --          --          
 15  1.0000    0.00 dB           --       --       --          --          

1 MAP:             flat (no two positions differ by more than 1 dB at any test level) | sense -- | engage -24.00:none -12.00:none -6.00:none
2 engage drift:    null  (not a dB display)   (primary; displayLinear unset until the population decides)
   offset IQR:      null
3 displayOffsetDb: null
reference silent or off-tone at default, NOT a licence question (another candidate produced the tone): output at -6.00 is 0.6% the input's tone; sweep written with its data's result 'flat'

CANDIDATE [138] Band 2 - Gate - Threshold (flags ) - MDynamicsMB (class bands_or_stages, 22 candidates; the others at their instantiate defaults)
probe: signed EchoJayProbe (feat/ejmap-cert), team 8BT5F9B887, cdhash 7b4d5551560419225f50677353c7e6577542be67
host: EJ Map 0.1.0 / arm64 / 48k (native)
threshold: [138] Band 2 - Gate - Threshold unit 'dB' (class bands_or_stages) | positions 16 (16 evenly spaced), one process each, levels quiet to loud
links as instantiated (recorded, not written): [100] Band 1 - General parameters - Link channels = '100.0%', [129] Band 2 - General parameters - Link channels = '100.0%', [158] Band 3 - General parameters - Link channels = '100.0%', [187] Band 4 - General parameters - Link channels = '100.0%', [216] Band 5 - General parameters - Link channels = '100.0%', [245] Band 6 - General parameters - Link channels = '100.0%'
ratio: 16 controls hold the ratio role | auto make-up disabled: no
default-threshold reference ('-28.0 dB', spec 4.7 check only):  -24.00 out-in 0.00  -12.00 out-in 0.00  -6.00 out-in -2.99  (default gain is information only)
linear reference (soft end): none
writes landed by: instack 16
processes: 445 run, 0 retried, 0 position(s) failed
write verify: 16 landed, 0 write_unlanded (skipped), in-stack read already matched on 16 of 16, pump slices total 16, longest confirm 3.1 ms, re-rendered 0
hold doubled at positions: none
still moving AFTER doubling (reading not used): none

pos   norm      display        red@-24  red@-12  red@-6    T(peak)   T-display
  0  0.0000    -80.0 dB          --       --       --          --          
  1  0.0667    -44.8 dB          --       --       --          --          
  2  0.1333    -33.9 dB          --       --       --          --          
  3  0.2000    -27.3 dB          --       --       --          --          
  4  0.2667    -22.5 dB          --       --       --          --          
  5  0.3333    -18.7 dB          --       --       --          --          
  6  0.4000    -15.7 dB          --       --       --          --          
  7  0.4667    -13.0 dB          --       --       --          --          
  8  0.5333    -10.8 dB          --       --       --          --          
  9  0.6000    -8.76 dB          --       --       --          --          
 10  0.6667    -6.96 dB          --       --       --          --          
 11  0.7333    -5.32 dB          --       --       --          --          
 12  0.8000    -3.83 dB          --       --       --          --          
 13  0.8667    -2.46 dB          --       --       --          --          
 14  0.9333    -1.19 dB          --       --       --          --          
 15  1.0000    0.00 dB           --       --       --          --          

1 MAP:             flat (no two positions differ by more than 1 dB at any test level) | sense -- | engage -24.00:none -12.00:none -6.00:none
2 engage drift:    null  (not a dB display)   (primary; displayLinear unset until the population decides)
   offset IQR:      null
3 displayOffsetDb: null
fixture: AudioUnit_6151642a_14.16.0.json

CANDIDATE [143] Band 2 - Processor 1 - Threshold (flags ) - MDynamicsMB (class bands_or_stages, 22 candidates; the others at their instantiate defaults)
probe: signed EchoJayProbe (feat/ejmap-cert), team 8BT5F9B887, cdhash 7b4d5551560419225f50677353c7e6577542be67
host: EJ Map 0.1.0 / arm64 / 48k (native)
threshold: [143] Band 2 - Processor 1 - Threshold unit 'dB' (class bands_or_stages) | positions 16 (16 evenly spaced), one process each, levels quiet to loud
links as instantiated (recorded, not written): [100] Band 1 - General parameters - Link channels = '100.0%', [129] Band 2 - General parameters - Link channels = '100.0%', [158] Band 3 - General parameters - Link channels = '100.0%', [187] Band 4 - General parameters - Link channels = '100.0%', [216] Band 5 - General parameters - Link channels = '100.0%', [245] Band 6 - General parameters - Link channels = '100.0%'
ratio: 16 controls hold the ratio role | auto make-up disabled: no
default-threshold reference ('-20.0 dB', spec 4.7 check only):  -24.00 out-in -0.00  -12.00 out-in 0.00  -6.00 out-in -2.99  (default gain is information only)
linear reference: each position's own gain at -48, checked against -54 (must differ by 6 dB within 0.1): -0.58 0.00 0.00 0.00 0.00 0.00 0.00 0.00 0.00 0.00 0.00 0.00 0.00 0.00 0.00 0.00
writes landed by: instack 16
processes: 445 run, 0 retried, 0 position(s) failed
write verify: 16 landed, 0 write_unlanded (skipped), in-stack read already matched on 16 of 16, pump slices total 16, longest confirm 3.0 ms, re-rendered 0
hold doubled at positions: 13
still moving AFTER doubling (reading not used): none

pos   norm      display        red@-24  red@-12  red@-6    T(peak)   T-display
  0  0.0000    -80.0 dB          --       --       --          --          
  1  0.0667    -44.8 dB        3.25     4.65     7.56          --          
  2  0.1333    -33.9 dB        0.32     3.21     6.21          --          
  3  0.2000    -27.3 dB       -0.00     1.80     4.91          --          
  4  0.2667    -22.5 dB       -0.00       --       --          --          
  5  0.3333    -18.7 dB       -0.00    -0.00     2.60          --          
  6  0.4000    -15.7 dB       -0.00    -0.00     1.58          --          
  7  0.4667    -13.0 dB       -0.00    -0.00     1.35          --          
  8  0.5333    -10.8 dB       -0.00    -0.00     1.35          --          
  9  0.6000    -8.76 dB       -0.00    -0.00     1.35          --          
 10  0.6667    -6.96 dB       -0.00    -0.00     1.35          --          
 11  0.7333    -5.32 dB       -0.00    -0.00     1.35          --          
 12  0.8000    -3.83 dB       -0.00    -0.00       --          --          
 13  0.8667    -2.46 dB       -0.00       --       --          --          
 14  0.9333    -1.19 dB       -0.00    -0.00     1.35          --          
 15  1.0000    0.00 dB        -0.00    -0.00     1.35          --          

1 MAP:             certified (ratio unknown (no ratio control): no dB-equivalent map) | sense lower_is_harder | engage -24.00:1 -12.00:3 -6.00:15
2 engage drift:    1.33  -12.00:-9.24  -24.00:-10.57  -6.00:null   (primary; displayLinear unset until the population decides)
   offset IQR:      null
3 displayOffsetDb: null
fixture: AudioUnit_6151642a_14.16.0.json

CANDIDATE [148] Band 2 - Processor 2 - Threshold (flags ) - MDynamicsMB (class bands_or_stages, 22 candidates; the others at their instantiate defaults)
probe: signed EchoJayProbe (feat/ejmap-cert), team 8BT5F9B887, cdhash 7b4d5551560419225f50677353c7e6577542be67
host: EJ Map 0.1.0 / arm64 / 48k (native)
threshold: [148] Band 2 - Processor 2 - Threshold unit 'dB' (class bands_or_stages) | positions 16 (16 evenly spaced), one process each, levels quiet to loud
links as instantiated (recorded, not written): [100] Band 1 - General parameters - Link channels = '100.0%', [129] Band 2 - General parameters - Link channels = '100.0%', [158] Band 3 - General parameters - Link channels = '100.0%', [187] Band 4 - General parameters - Link channels = '100.0%', [216] Band 5 - General parameters - Link channels = '100.0%', [245] Band 6 - General parameters - Link channels = '100.0%'
ratio: 16 controls hold the ratio role | auto make-up disabled: no
default-threshold reference ('-24.1 dB', spec 4.7 check only):  -24.00 out-in 0.00  -12.00 out-in 0.00  -6.00 out-in -2.99  (default gain is information only)
linear reference (soft end): none
writes landed by: instack 16
processes: 445 run, 0 retried, 0 position(s) failed
write verify: 16 landed, 0 write_unlanded (skipped), in-stack read already matched on 16 of 16, pump slices total 16, longest confirm 3.1 ms, re-rendered 0
hold doubled at positions: none
still moving AFTER doubling (reading not used): none

pos   norm      display        red@-24  red@-12  red@-6    T(peak)   T-display
  0  0.0000    -80.0 dB          --       --       --          --          
  1  0.0667    -44.8 dB          --       --       --          --          
  2  0.1333    -33.9 dB          --       --       --          --          
  3  0.2000    -27.3 dB          --       --       --          --          
  4  0.2667    -22.5 dB          --       --       --          --          
  5  0.3333    -18.7 dB          --       --       --          --          
  6  0.4000    -15.7 dB          --       --       --          --          
  7  0.4667    -13.0 dB          --       --       --          --          
  8  0.5333    -10.8 dB          --       --       --          --          
  9  0.6000    -8.76 dB          --       --       --          --          
 10  0.6667    -6.96 dB          --       --       --          --          
 11  0.7333    -5.32 dB          --       --       --          --          
 12  0.8000    -3.83 dB          --       --       --          --          
 13  0.8667    -2.46 dB          --       --       --          --          
 14  0.9333    -1.19 dB          --       --       --          --          
 15  1.0000    0.00 dB           --       --       --          --          

1 MAP:             flat (no two positions differ by more than 1 dB at any test level) | sense -- | engage -24.00:none -12.00:none -6.00:none
2 engage drift:    null  (not a dB display)   (primary; displayLinear unset until the population decides)
   offset IQR:      null
3 displayOffsetDb: null
fixture: AudioUnit_6151642a_14.16.0.json

CANDIDATE [167] Band 3 - Gate - Threshold (flags ) - MDynamicsMB (class bands_or_stages, 22 candidates; the others at their instantiate defaults)
probe: signed EchoJayProbe (feat/ejmap-cert), team 8BT5F9B887, cdhash 7b4d5551560419225f50677353c7e6577542be67
host: EJ Map 0.1.0 / arm64 / 48k (native)
threshold: [167] Band 3 - Gate - Threshold unit 'dB' (class bands_or_stages) | positions 16 (16 evenly spaced), one process each, levels quiet to loud
links as instantiated (recorded, not written): [100] Band 1 - General parameters - Link channels = '100.0%', [129] Band 2 - General parameters - Link channels = '100.0%', [158] Band 3 - General parameters - Link channels = '100.0%', [187] Band 4 - General parameters - Link channels = '100.0%', [216] Band 5 - General parameters - Link channels = '100.0%', [245] Band 6 - General parameters - Link channels = '100.0%'
ratio: 16 controls hold the ratio role | auto make-up disabled: no
default-threshold reference ('-28.0 dB', spec 4.7 check only):  -24.00 out-in 0.00  -12.00 out-in 0.00  -6.00 out-in -2.99  (default gain is information only)
linear reference (soft end): none
writes landed by: instack 16
processes: 445 run, 0 retried, 0 position(s) failed
write verify: 16 landed, 0 write_unlanded (skipped), in-stack read already matched on 16 of 16, pump slices total 16, longest confirm 3.1 ms, re-rendered 0
hold doubled at positions: none
still moving AFTER doubling (reading not used): none

pos   norm      display        red@-24  red@-12  red@-6    T(peak)   T-display
  0  0.0000    -80.0 dB          --       --       --          --          
  1  0.0667    -44.8 dB          --       --       --          --          
  2  0.1333    -33.9 dB          --       --       --          --          
  3  0.2000    -27.3 dB          --       --       --          --          
  4  0.2667    -22.5 dB          --       --       --          --          
  5  0.3333    -18.7 dB          --       --       --          --          
  6  0.4000    -15.7 dB          --       --       --          --          
  7  0.4667    -13.0 dB          --       --       --          --          
  8  0.5333    -10.8 dB          --       --       --          --          
  9  0.6000    -8.76 dB          --       --       --          --          
 10  0.6667    -6.96 dB          --       --       --          --          
 11  0.7333    -5.32 dB          --       --       --          --          
 12  0.8000    -3.83 dB          --       --       --          --          
 13  0.8667    -2.46 dB          --       --       --          --          
 14  0.9333    -1.19 dB          --       --       --          --          
 15  1.0000    0.00 dB           --       --       --          --          

1 MAP:             unreadable (the ends agree within 1 dB at every level but positions between them differ by 1.78 dB: the response is not across the sweep) | sense -- | engage -24.00:none -12.00:none -6.00:none
2 engage drift:    null  (not a dB display)   (primary; displayLinear unset until the population decides)
   offset IQR:      null
3 displayOffsetDb: null
fixture: AudioUnit_6151642a_14.16.0.json

CANDIDATE [172] Band 3 - Processor 1 - Threshold (flags ) - MDynamicsMB (class bands_or_stages, 22 candidates; the others at their instantiate defaults)
probe: signed EchoJayProbe (feat/ejmap-cert), team 8BT5F9B887, cdhash 7b4d5551560419225f50677353c7e6577542be67
host: EJ Map 0.1.0 / arm64 / 48k (native)
threshold: [172] Band 3 - Processor 1 - Threshold unit 'dB' (class bands_or_stages) | positions 16 (16 evenly spaced), one process each, levels quiet to loud
links as instantiated (recorded, not written): [100] Band 1 - General parameters - Link channels = '100.0%', [129] Band 2 - General parameters - Link channels = '100.0%', [158] Band 3 - General parameters - Link channels = '100.0%', [187] Band 4 - General parameters - Link channels = '100.0%', [216] Band 5 - General parameters - Link channels = '100.0%', [245] Band 6 - General parameters - Link channels = '100.0%'
ratio: 16 controls hold the ratio role | auto make-up disabled: no
default-threshold reference ('-20.0 dB', spec 4.7 check only):  -24.00 out-in -0.00  -12.00 out-in -29.76  -6.00 out-in -35.77  (default gain is information only)
linear reference: each position's own gain at -48, checked against -54 (must differ by 6 dB within 0.1): -0.57 0.00 0.00 0.00 0.00 0.00 0.00 0.00 0.00 0.00 0.00 0.00 0.00 -- 0.00 0.00
writes landed by: instack 16
processes: 445 run, 0 retried, 0 position(s) failed
write verify: 16 landed, 0 write_unlanded (skipped), in-stack read already matched on 16 of 16, pump slices total 16, longest confirm 3.1 ms, re-rendered 0
hold doubled at positions: none
still moving AFTER doubling (reading not used): none

pos   norm      display        red@-24  red@-12  red@-6    T(peak)   T-display
  0  0.0000    -80.0 dB          --       --       --          --          
  1  0.0667    -44.8 dB        3.19     4.58     7.53          --          
  2  0.1333    -33.9 dB        0.29     3.16     6.19          --          
  3  0.2000    -27.3 dB       -0.00     1.76     4.91          --          
  4  0.2667    -22.5 dB       -0.00     0.44     3.71          --          
  5  0.3333    -18.7 dB       -0.00    -0.00     2.60          --          
  6  0.4000    -15.7 dB       -0.00    -0.00     1.58          --          
  7  0.4667    -13.0 dB       -0.00    -0.00       --          --          
  8  0.5333    -10.8 dB       -0.00    -0.00     1.39          --          
  9  0.6000    -8.76 dB       -0.00    -0.00     1.39          --          
 10  0.6667    -6.96 dB       -0.00    -0.00     1.39          --          
 11  0.7333    -5.32 dB       -0.00    -0.00       --          --          
 12  0.8000    -3.83 dB       -0.00    -0.00       --          --          
 13  0.8667    -2.46 dB          --       --       --          --          
 14  0.9333    -1.19 dB       -0.00    -0.00     1.39          --          
 15  1.0000    0.00 dB        -0.00    -0.00     1.39          --          

1 MAP:             certified (ratio unknown (no ratio control): no dB-equivalent map) | sense lower_is_harder | engage -24.00:1 -12.00:3 -6.00:15
2 engage drift:    1.32  -12.00:-9.38  -24.00:-10.70  -6.00:null   (primary; displayLinear unset until the population decides)
   offset IQR:      null
3 displayOffsetDb: null
reference silent or off-tone at default, NOT a licence question (another candidate produced the tone): output at -12.00 is 0.0% the input's tone; output at -6.00 is 0.0% the input's tone; sweep written with its data's result 'certified'

CANDIDATE [177] Band 3 - Processor 2 - Threshold (flags ) - MDynamicsMB (class bands_or_stages, 22 candidates; the others at their instantiate defaults)
probe: signed EchoJayProbe (feat/ejmap-cert), team 8BT5F9B887, cdhash 7b4d5551560419225f50677353c7e6577542be67
host: EJ Map 0.1.0 / arm64 / 48k (native)
threshold: [177] Band 3 - Processor 2 - Threshold unit 'dB' (class bands_or_stages) | positions 16 (16 evenly spaced), one process each, levels quiet to loud
links as instantiated (recorded, not written): [100] Band 1 - General parameters - Link channels = '100.0%', [129] Band 2 - General parameters - Link channels = '100.0%', [158] Band 3 - General parameters - Link channels = '100.0%', [187] Band 4 - General parameters - Link channels = '100.0%', [216] Band 5 - General parameters - Link channels = '100.0%', [245] Band 6 - General parameters - Link channels = '100.0%'
ratio: 16 controls hold the ratio role | auto make-up disabled: no
default-threshold reference ('-24.1 dB', spec 4.7 check only):  -24.00 out-in 0.00  -12.00 out-in 0.00  -6.00 out-in -2.99  (default gain is information only)
linear reference (soft end): none
writes landed by: instack 16
processes: 445 run, 0 retried, 0 position(s) failed
write verify: 16 landed, 0 write_unlanded (skipped), in-stack read already matched on 16 of 16, pump slices total 16, longest confirm 3.1 ms, re-rendered 0
hold doubled at positions: none
still moving AFTER doubling (reading not used): none

pos   norm      display        red@-24  red@-12  red@-6    T(peak)   T-display
  0  0.0000    -80.0 dB          --       --       --          --          
  1  0.0667    -44.8 dB          --       --       --          --          
  2  0.1333    -33.9 dB          --       --       --          --          
  3  0.2000    -27.3 dB          --       --       --          --          
  4  0.2667    -22.5 dB          --       --       --          --          
  5  0.3333    -18.7 dB          --       --       --          --          
  6  0.4000    -15.7 dB          --       --       --          --          
  7  0.4667    -13.0 dB          --       --       --          --          
  8  0.5333    -10.8 dB          --       --       --          --          
  9  0.6000    -8.76 dB          --       --       --          --          
 10  0.6667    -6.96 dB          --       --       --          --          
 11  0.7333    -5.32 dB          --       --       --          --          
 12  0.8000    -3.83 dB          --       --       --          --          
 13  0.8667    -2.46 dB          --       --       --          --          
 14  0.9333    -1.19 dB          --       --       --          --          
 15  1.0000    0.00 dB           --       --       --          --          

1 MAP:             flat (no two positions differ by more than 1 dB at any test level) | sense -- | engage -24.00:none -12.00:none -6.00:none
2 engage drift:    null  (not a dB display)   (primary; displayLinear unset until the population decides)
   offset IQR:      null
3 displayOffsetDb: null
fixture: AudioUnit_6151642a_14.16.0.json

CANDIDATE [196] Band 4 - Gate - Threshold (flags ) - MDynamicsMB (class bands_or_stages, 22 candidates; the others at their instantiate defaults)
probe: signed EchoJayProbe (feat/ejmap-cert), team 8BT5F9B887, cdhash 7b4d5551560419225f50677353c7e6577542be67
host: EJ Map 0.1.0 / arm64 / 48k (native)
threshold: [196] Band 4 - Gate - Threshold unit 'dB' (class bands_or_stages) | positions 16 (16 evenly spaced), one process each, levels quiet to loud
links as instantiated (recorded, not written): [100] Band 1 - General parameters - Link channels = '100.0%', [129] Band 2 - General parameters - Link channels = '100.0%', [158] Band 3 - General parameters - Link channels = '100.0%', [187] Band 4 - General parameters - Link channels = '100.0%', [216] Band 5 - General parameters - Link channels = '100.0%', [245] Band 6 - General parameters - Link channels = '100.0%'
ratio: 16 controls hold the ratio role | auto make-up disabled: no
default-threshold reference ('-28.0 dB', spec 4.7 check only):  -24.00 out-in 0.00  -12.00 out-in 0.00  -6.00 out-in -2.99  (default gain is information only)
linear reference (soft end): none
writes landed by: instack 16
processes: 445 run, 0 retried, 0 position(s) failed
write verify: 16 landed, 0 write_unlanded (skipped), in-stack read already matched on 16 of 16, pump slices total 16, longest confirm 3.2 ms, re-rendered 0
hold doubled at positions: none
still moving AFTER doubling (reading not used): none

pos   norm      display        red@-24  red@-12  red@-6    T(peak)   T-display
  0  0.0000    -80.0 dB          --       --       --          --          
  1  0.0667    -44.8 dB          --       --       --          --          
  2  0.1333    -33.9 dB          --       --       --          --          
  3  0.2000    -27.3 dB          --       --       --          --          
  4  0.2667    -22.5 dB          --       --       --          --          
  5  0.3333    -18.7 dB          --       --       --          --          
  6  0.4000    -15.7 dB          --       --       --          --          
  7  0.4667    -13.0 dB          --       --       --          --          
  8  0.5333    -10.8 dB          --       --       --          --          
  9  0.6000    -8.76 dB          --       --       --          --          
 10  0.6667    -6.96 dB          --       --       --          --          
 11  0.7333    -5.32 dB          --       --       --          --          
 12  0.8000    -3.83 dB          --       --       --          --          
 13  0.8667    -2.46 dB          --       --       --          --          
 14  0.9333    -1.19 dB          --       --       --          --          
 15  1.0000    0.00 dB           --       --       --          --          

1 MAP:             flat (no two positions differ by more than 1 dB at any test level) | sense -- | engage -24.00:none -12.00:none -6.00:none
2 engage drift:    null  (not a dB display)   (primary; displayLinear unset until the population decides)
   offset IQR:      null
3 displayOffsetDb: null
fixture: AudioUnit_6151642a_14.16.0.json

CANDIDATE [201] Band 4 - Processor 1 - Threshold (flags ) - MDynamicsMB (class bands_or_stages, 22 candidates; the others at their instantiate defaults)
probe: signed EchoJayProbe (feat/ejmap-cert), team 8BT5F9B887, cdhash 7b4d5551560419225f50677353c7e6577542be67
host: EJ Map 0.1.0 / arm64 / 48k (native)
threshold: [201] Band 4 - Processor 1 - Threshold unit 'dB' (class bands_or_stages) | positions 16 (16 evenly spaced), one process each, levels quiet to loud
links as instantiated (recorded, not written): [100] Band 1 - General parameters - Link channels = '100.0%', [129] Band 2 - General parameters - Link channels = '100.0%', [158] Band 3 - General parameters - Link channels = '100.0%', [187] Band 4 - General parameters - Link channels = '100.0%', [216] Band 5 - General parameters - Link channels = '100.0%', [245] Band 6 - General parameters - Link channels = '100.0%'
ratio: 16 controls hold the ratio role | auto make-up disabled: no
default-threshold reference ('-20.0 dB', spec 4.7 check only):  -24.00 out-in 0.00  -12.00 out-in 0.00  -6.00 out-in -2.99  (default gain is information only)
linear reference (soft end): none
writes landed by: instack 16
processes: 445 run, 0 retried, 0 position(s) failed
write verify: 16 landed, 0 write_unlanded (skipped), in-stack read already matched on 16 of 16, pump slices total 16, longest confirm 3.1 ms, re-rendered 0
hold doubled at positions: none
still moving AFTER doubling (reading not used): none

pos   norm      display        red@-24  red@-12  red@-6    T(peak)   T-display
  0  0.0000    -80.0 dB          --       --       --          --          
  1  0.0667    -44.8 dB          --       --       --          --          
  2  0.1333    -33.9 dB          --       --       --          --          
  3  0.2000    -27.3 dB          --       --       --          --          
  4  0.2667    -22.5 dB          --       --       --          --          
  5  0.3333    -18.7 dB          --       --       --          --          
  6  0.4000    -15.7 dB          --       --       --          --          
  7  0.4667    -13.0 dB          --       --       --          --          
  8  0.5333    -10.8 dB          --       --       --          --          
  9  0.6000    -8.76 dB          --       --       --          --          
 10  0.6667    -6.96 dB          --       --       --          --          
 11  0.7333    -5.32 dB          --       --       --          --          
 12  0.8000    -3.83 dB          --       --       --          --          
 13  0.8667    -2.46 dB          --       --       --          --          
 14  0.9333    -1.19 dB          --       --       --          --          
 15  1.0000    0.00 dB           --       --       --          --          

1 MAP:             flat (no two positions differ by more than 1 dB at any test level) | sense -- | engage -24.00:none -12.00:none -6.00:none
2 engage drift:    null  (not a dB display)   (primary; displayLinear unset until the population decides)
   offset IQR:      null
3 displayOffsetDb: null
fixture: AudioUnit_6151642a_14.16.0.json

CANDIDATE [206] Band 4 - Processor 2 - Threshold (flags ) - MDynamicsMB (class bands_or_stages, 22 candidates; the others at their instantiate defaults)
probe: signed EchoJayProbe (feat/ejmap-cert), team 8BT5F9B887, cdhash 7b4d5551560419225f50677353c7e6577542be67
host: EJ Map 0.1.0 / arm64 / 48k (native)
threshold: [206] Band 4 - Processor 2 - Threshold unit 'dB' (class bands_or_stages) | positions 16 (16 evenly spaced), one process each, levels quiet to loud
links as instantiated (recorded, not written): [100] Band 1 - General parameters - Link channels = '100.0%', [129] Band 2 - General parameters - Link channels = '100.0%', [158] Band 3 - General parameters - Link channels = '100.0%', [187] Band 4 - General parameters - Link channels = '100.0%', [216] Band 5 - General parameters - Link channels = '100.0%', [245] Band 6 - General parameters - Link channels = '100.0%'
ratio: 16 controls hold the ratio role | auto make-up disabled: no
default-threshold reference ('-24.1 dB', spec 4.7 check only):  -24.00 out-in 0.00  -12.00 out-in 0.00  -6.00 out-in -2.99  (default gain is information only)
linear reference (soft end): none
writes landed by: instack 16
processes: 445 run, 0 retried, 0 position(s) failed
write verify: 16 landed, 0 write_unlanded (skipped), in-stack read already matched on 16 of 16, pump slices total 16, longest confirm 3.1 ms, re-rendered 0
hold doubled at positions: none
still moving AFTER doubling (reading not used): none

pos   norm      display        red@-24  red@-12  red@-6    T(peak)   T-display
  0  0.0000    -80.0 dB          --       --       --          --          
  1  0.0667    -44.8 dB          --       --       --          --          
  2  0.1333    -33.9 dB          --       --       --          --          
  3  0.2000    -27.3 dB          --       --       --          --          
  4  0.2667    -22.5 dB          --       --       --          --          
  5  0.3333    -18.7 dB          --       --       --          --          
  6  0.4000    -15.7 dB          --       --       --          --          
  7  0.4667    -13.0 dB          --       --       --          --          
  8  0.5333    -10.8 dB          --       --       --          --          
  9  0.6000    -8.76 dB          --       --       --          --          
 10  0.6667    -6.96 dB          --       --       --          --          
 11  0.7333    -5.32 dB          --       --       --          --          
 12  0.8000    -3.83 dB          --       --       --          --          
 13  0.8667    -2.46 dB          --       --       --          --          
 14  0.9333    -1.19 dB          --       --       --          --          
 15  1.0000    0.00 dB           --       --       --          --          

1 MAP:             unreadable (the ends agree within 1 dB at every level but positions between them differ by 1.78 dB: the response is not across the sweep) | sense -- | engage -24.00:none -12.00:none -6.00:none
2 engage drift:    null  (not a dB display)   (primary; displayLinear unset until the population decides)
   offset IQR:      null
3 displayOffsetDb: null
fixture: AudioUnit_6151642a_14.16.0.json

CANDIDATE [225] Band 5 - Gate - Threshold (flags ) - MDynamicsMB (class bands_or_stages, 22 candidates; the others at their instantiate defaults)
probe: signed EchoJayProbe (feat/ejmap-cert), team 8BT5F9B887, cdhash 7b4d5551560419225f50677353c7e6577542be67
host: EJ Map 0.1.0 / arm64 / 48k (native)
threshold: [225] Band 5 - Gate - Threshold unit 'dB' (class bands_or_stages) | positions 16 (16 evenly spaced), one process each, levels quiet to loud
links as instantiated (recorded, not written): [100] Band 1 - General parameters - Link channels = '100.0%', [129] Band 2 - General parameters - Link channels = '100.0%', [158] Band 3 - General parameters - Link channels = '100.0%', [187] Band 4 - General parameters - Link channels = '100.0%', [216] Band 5 - General parameters - Link channels = '100.0%', [245] Band 6 - General parameters - Link channels = '100.0%'
ratio: 16 controls hold the ratio role | auto make-up disabled: no
default-threshold reference ('-28.0 dB', spec 4.7 check only):  -24.00 out-in 0.00  -12.00 out-in 0.00  -6.00 out-in -2.99  (default gain is information only)
linear reference (soft end): none
writes landed by: instack 16
processes: 445 run, 0 retried, 0 position(s) failed
write verify: 16 landed, 0 write_unlanded (skipped), in-stack read already matched on 16 of 16, pump slices total 16, longest confirm 3.1 ms, re-rendered 0
hold doubled at positions: none
still moving AFTER doubling (reading not used): none

pos   norm      display        red@-24  red@-12  red@-6    T(peak)   T-display
  0  0.0000    -80.0 dB          --       --       --          --          
  1  0.0667    -44.8 dB          --       --       --          --          
  2  0.1333    -33.9 dB          --       --       --          --          
  3  0.2000    -27.3 dB          --       --       --          --          
  4  0.2667    -22.5 dB          --       --       --          --          
  5  0.3333    -18.7 dB          --       --       --          --          
  6  0.4000    -15.7 dB          --       --       --          --          
  7  0.4667    -13.0 dB          --       --       --          --          
  8  0.5333    -10.8 dB          --       --       --          --          
  9  0.6000    -8.76 dB          --       --       --          --          
 10  0.6667    -6.96 dB          --       --       --          --          
 11  0.7333    -5.32 dB          --       --       --          --          
 12  0.8000    -3.83 dB          --       --       --          --          
 13  0.8667    -2.46 dB          --       --       --          --          
 14  0.9333    -1.19 dB          --       --       --          --          
 15  1.0000    0.00 dB           --       --       --          --          

1 MAP:             unreadable (the ends agree within 1 dB at every level but positions between them differ by 1.78 dB: the response is not across the sweep) | sense -- | engage -24.00:none -12.00:none -6.00:none
2 engage drift:    null  (not a dB display)   (primary; displayLinear unset until the population decides)
   offset IQR:      null
3 displayOffsetDb: null
fixture: AudioUnit_6151642a_14.16.0.json

CANDIDATE [230] Band 5 - Processor 1 - Threshold (flags ) - MDynamicsMB (class bands_or_stages, 22 candidates; the others at their instantiate defaults)
probe: signed EchoJayProbe (feat/ejmap-cert), team 8BT5F9B887, cdhash 7b4d5551560419225f50677353c7e6577542be67
host: EJ Map 0.1.0 / arm64 / 48k (native)
threshold: [230] Band 5 - Processor 1 - Threshold unit 'dB' (class bands_or_stages) | positions 16 (16 evenly spaced), one process each, levels quiet to loud
links as instantiated (recorded, not written): [100] Band 1 - General parameters - Link channels = '100.0%', [129] Band 2 - General parameters - Link channels = '100.0%', [158] Band 3 - General parameters - Link channels = '100.0%', [187] Band 4 - General parameters - Link channels = '100.0%', [216] Band 5 - General parameters - Link channels = '100.0%', [245] Band 6 - General parameters - Link channels = '100.0%'
ratio: 16 controls hold the ratio role | auto make-up disabled: no
default-threshold reference ('-12.0 dB', spec 4.7 check only):  -24.00 out-in 0.00  -12.00 out-in 0.00  -6.00 out-in -2.99  (default gain is information only)
linear reference (soft end): none
writes landed by: instack 16
processes: 445 run, 0 retried, 0 position(s) failed
write verify: 16 landed, 0 write_unlanded (skipped), in-stack read already matched on 16 of 16, pump slices total 16, longest confirm 3.1 ms, re-rendered 0
hold doubled at positions: none
still moving AFTER doubling (reading not used): none

pos   norm      display        red@-24  red@-12  red@-6    T(peak)   T-display
  0  0.0000    -80.0 dB          --       --       --          --          
  1  0.0667    -44.8 dB          --       --       --          --          
  2  0.1333    -33.9 dB          --       --       --          --          
  3  0.2000    -27.3 dB          --       --       --          --          
  4  0.2667    -22.5 dB          --       --       --          --          
  5  0.3333    -18.7 dB          --       --       --          --          
  6  0.4000    -15.7 dB          --       --       --          --          
  7  0.4667    -13.0 dB          --       --       --          --          
  8  0.5333    -10.8 dB          --       --       --          --          
  9  0.6000    -8.76 dB          --       --       --          --          
 10  0.6667    -6.96 dB          --       --       --          --          
 11  0.7333    -5.32 dB          --       --       --          --          
 12  0.8000    -3.83 dB          --       --       --          --          
 13  0.8667    -2.46 dB          --       --       --          --          
 14  0.9333    -1.19 dB          --       --       --          --          
 15  1.0000    0.00 dB           --       --       --          --          

1 MAP:             flat (no two positions differ by more than 1 dB at any test level) | sense -- | engage -24.00:none -12.00:none -6.00:none
2 engage drift:    null  (not a dB display)   (primary; displayLinear unset until the population decides)
   offset IQR:      null
3 displayOffsetDb: null
fixture: AudioUnit_6151642a_14.16.0.json

CANDIDATE [235] Band 5 - Processor 2 - Threshold (flags ) - MDynamicsMB (class bands_or_stages, 22 candidates; the others at their instantiate defaults)
probe: signed EchoJayProbe (feat/ejmap-cert), team 8BT5F9B887, cdhash 7b4d5551560419225f50677353c7e6577542be67
host: EJ Map 0.1.0 / arm64 / 48k (native)
threshold: [235] Band 5 - Processor 2 - Threshold unit 'dB' (class bands_or_stages) | positions 16 (16 evenly spaced), one process each, levels quiet to loud
links as instantiated (recorded, not written): [100] Band 1 - General parameters - Link channels = '100.0%', [129] Band 2 - General parameters - Link channels = '100.0%', [158] Band 3 - General parameters - Link channels = '100.0%', [187] Band 4 - General parameters - Link channels = '100.0%', [216] Band 5 - General parameters - Link channels = '100.0%', [245] Band 6 - General parameters - Link channels = '100.0%'
ratio: 16 controls hold the ratio role | auto make-up disabled: no
default-threshold reference ('-24.1 dB', spec 4.7 check only):  -24.00 out-in 0.00  -12.00 out-in 0.00  -6.00 out-in -2.99  (default gain is information only)
linear reference (soft end): none
writes landed by: instack 16
processes: 445 run, 0 retried, 0 position(s) failed
write verify: 16 landed, 0 write_unlanded (skipped), in-stack read already matched on 16 of 16, pump slices total 16, longest confirm 3.1 ms, re-rendered 0
hold doubled at positions: none
still moving AFTER doubling (reading not used): none

pos   norm      display        red@-24  red@-12  red@-6    T(peak)   T-display
  0  0.0000    -80.0 dB          --       --       --          --          
  1  0.0667    -44.8 dB          --       --       --          --          
  2  0.1333    -33.9 dB          --       --       --          --          
  3  0.2000    -27.3 dB          --       --       --          --          
  4  0.2667    -22.5 dB          --       --       --          --          
  5  0.3333    -18.7 dB          --       --       --          --          
  6  0.4000    -15.7 dB          --       --       --          --          
  7  0.4667    -13.0 dB          --       --       --          --          
  8  0.5333    -10.8 dB          --       --       --          --          
  9  0.6000    -8.76 dB          --       --       --          --          
 10  0.6667    -6.96 dB          --       --       --          --          
 11  0.7333    -5.32 dB          --       --       --          --          
 12  0.8000    -3.83 dB          --       --       --          --          
 13  0.8667    -2.46 dB          --       --       --          --          
 14  0.9333    -1.19 dB          --       --       --          --          
 15  1.0000    0.00 dB           --       --       --          --          

1 MAP:             flat (no two positions differ by more than 1 dB at any test level) | sense -- | engage -24.00:none -12.00:none -6.00:none
2 engage drift:    null  (not a dB display)   (primary; displayLinear unset until the population decides)
   offset IQR:      null
3 displayOffsetDb: null
fixture: AudioUnit_6151642a_14.16.0.json

CANDIDATE [254] Band 6 - Gate - Threshold (flags ) - MDynamicsMB (class bands_or_stages, 22 candidates; the others at their instantiate defaults)
probe: signed EchoJayProbe (feat/ejmap-cert), team 8BT5F9B887, cdhash 7b4d5551560419225f50677353c7e6577542be67
host: EJ Map 0.1.0 / arm64 / 48k (native)
threshold: [254] Band 6 - Gate - Threshold unit 'dB' (class bands_or_stages) | positions 16 (16 evenly spaced), one process each, levels quiet to loud
links as instantiated (recorded, not written): [100] Band 1 - General parameters - Link channels = '100.0%', [129] Band 2 - General parameters - Link channels = '100.0%', [158] Band 3 - General parameters - Link channels = '100.0%', [187] Band 4 - General parameters - Link channels = '100.0%', [216] Band 5 - General parameters - Link channels = '100.0%', [245] Band 6 - General parameters - Link channels = '100.0%'
ratio: 16 controls hold the ratio role | auto make-up disabled: no
default-threshold reference ('-28.0 dB', spec 4.7 check only):  -24.00 out-in 0.00  -12.00 out-in 0.00  -6.00 out-in -2.99  (default gain is information only)
linear reference (soft end): none
writes landed by: instack 16
processes: 445 run, 0 retried, 0 position(s) failed
write verify: 16 landed, 0 write_unlanded (skipped), in-stack read already matched on 16 of 16, pump slices total 16, longest confirm 3.1 ms, re-rendered 0
hold doubled at positions: none
still moving AFTER doubling (reading not used): none

pos   norm      display        red@-24  red@-12  red@-6    T(peak)   T-display
  0  0.0000    -80.0 dB          --       --       --          --          
  1  0.0667    -44.8 dB          --       --       --          --          
  2  0.1333    -33.9 dB          --       --       --          --          
  3  0.2000    -27.3 dB          --       --       --          --          
  4  0.2667    -22.5 dB          --       --       --          --          
  5  0.3333    -18.7 dB          --       --       --          --          
  6  0.4000    -15.7 dB          --       --       --          --          
  7  0.4667    -13.0 dB          --       --       --          --          
  8  0.5333    -10.8 dB          --       --       --          --          
  9  0.6000    -8.76 dB          --       --       --          --          
 10  0.6667    -6.96 dB          --       --       --          --          
 11  0.7333    -5.32 dB          --       --       --          --          
 12  0.8000    -3.83 dB          --       --       --          --          
 13  0.8667    -2.46 dB          --       --       --          --          
 14  0.9333    -1.19 dB          --       --       --          --          
 15  1.0000    0.00 dB           --       --       --          --          

1 MAP:             flat (no two positions differ by more than 1 dB at any test level) | sense -- | engage -24.00:none -12.00:none -6.00:none
2 engage drift:    null  (not a dB display)   (primary; displayLinear unset until the population decides)
   offset IQR:      null
3 displayOffsetDb: null
fixture: AudioUnit_6151642a_14.16.0.json

CANDIDATE [259] Band 6 - Processor 1 - Threshold (flags ) - MDynamicsMB (class bands_or_stages, 22 candidates; the others at their instantiate defaults)
probe: signed EchoJayProbe (feat/ejmap-cert), team 8BT5F9B887, cdhash 7b4d5551560419225f50677353c7e6577542be67
host: EJ Map 0.1.0 / arm64 / 48k (native)
threshold: [259] Band 6 - Processor 1 - Threshold unit 'dB' (class bands_or_stages) | positions 16 (16 evenly spaced), one process each, levels quiet to loud
links as instantiated (recorded, not written): [100] Band 1 - General parameters - Link channels = '100.0%', [129] Band 2 - General parameters - Link channels = '100.0%', [158] Band 3 - General parameters - Link channels = '100.0%', [187] Band 4 - General parameters - Link channels = '100.0%', [216] Band 5 - General parameters - Link channels = '100.0%', [245] Band 6 - General parameters - Link channels = '100.0%'
ratio: 16 controls hold the ratio role | auto make-up disabled: no
default-threshold reference ('-12.0 dB', spec 4.7 check only):  -24.00 out-in 0.00  -12.00 out-in 0.00  -6.00 out-in -2.99  (default gain is information only)
linear reference (soft end): none
writes landed by: instack 16
processes: 445 run, 0 retried, 0 position(s) failed
write verify: 16 landed, 0 write_unlanded (skipped), in-stack read already matched on 16 of 16, pump slices total 16, longest confirm 3.1 ms, re-rendered 0
hold doubled at positions: none
still moving AFTER doubling (reading not used): none

pos   norm      display        red@-24  red@-12  red@-6    T(peak)   T-display
  0  0.0000    -80.0 dB          --       --       --          --          
  1  0.0667    -44.8 dB          --       --       --          --          
  2  0.1333    -33.9 dB          --       --       --          --          
  3  0.2000    -27.3 dB          --       --       --          --          
  4  0.2667    -22.5 dB          --       --       --          --          
  5  0.3333    -18.7 dB          --       --       --          --          
  6  0.4000    -15.7 dB          --       --       --          --          
  7  0.4667    -13.0 dB          --       --       --          --          
  8  0.5333    -10.8 dB          --       --       --          --          
  9  0.6000    -8.76 dB          --       --       --          --          
 10  0.6667    -6.96 dB          --       --       --          --          
 11  0.7333    -5.32 dB          --       --       --          --          
 12  0.8000    -3.83 dB          --       --       --          --          
 13  0.8667    -2.46 dB          --       --       --          --          
 14  0.9333    -1.19 dB          --       --       --          --          
 15  1.0000    0.00 dB           --       --       --          --          

1 MAP:             flat (no two positions differ by more than 1 dB at any test level) | sense -- | engage -24.00:none -12.00:none -6.00:none
2 engage drift:    null  (not a dB display)   (primary; displayLinear unset until the population decides)
   offset IQR:      null
3 displayOffsetDb: null
fixture: AudioUnit_6151642a_14.16.0.json

CANDIDATE [264] Band 6 - Processor 2 - Threshold (flags ) - MDynamicsMB (class bands_or_stages, 22 candidates; the others at their instantiate defaults)
probe: signed EchoJayProbe (feat/ejmap-cert), team 8BT5F9B887, cdhash 7b4d5551560419225f50677353c7e6577542be67
host: EJ Map 0.1.0 / arm64 / 48k (native)
threshold: [264] Band 6 - Processor 2 - Threshold unit 'dB' (class bands_or_stages) | positions 16 (16 evenly spaced), one process each, levels quiet to loud
links as instantiated (recorded, not written): [100] Band 1 - General parameters - Link channels = '100.0%', [129] Band 2 - General parameters - Link channels = '100.0%', [158] Band 3 - General parameters - Link channels = '100.0%', [187] Band 4 - General parameters - Link channels = '100.0%', [216] Band 5 - General parameters - Link channels = '100.0%', [245] Band 6 - General parameters - Link channels = '100.0%'
ratio: 16 controls hold the ratio role | auto make-up disabled: no
default-threshold reference ('-24.1 dB', spec 4.7 check only):  -24.00 out-in 0.00  -12.00 out-in 0.00  -6.00 out-in -2.99  (default gain is information only)
linear reference (soft end): none
writes landed by: instack 16
processes: 445 run, 0 retried, 0 position(s) failed
write verify: 16 landed, 0 write_unlanded (skipped), in-stack read already matched on 16 of 16, pump slices total 16, longest confirm 3.1 ms, re-rendered 0
hold doubled at positions: none
still moving AFTER doubling (reading not used): none

pos   norm      display        red@-24  red@-12  red@-6    T(peak)   T-display
  0  0.0000    -80.0 dB          --       --       --          --          
  1  0.0667    -44.8 dB          --       --       --          --          
  2  0.1333    -33.9 dB          --       --       --          --          
  3  0.2000    -27.3 dB          --       --       --          --          
  4  0.2667    -22.5 dB          --       --       --          --          
  5  0.3333    -18.7 dB          --       --       --          --          
  6  0.4000    -15.7 dB          --       --       --          --          
  7  0.4667    -13.0 dB          --       --       --          --          
  8  0.5333    -10.8 dB          --       --       --          --          
  9  0.6000    -8.76 dB          --       --       --          --          
 10  0.6667    -6.96 dB          --       --       --          --          
 11  0.7333    -5.32 dB          --       --       --          --          
 12  0.8000    -3.83 dB          --       --       --          --          
 13  0.8667    -2.46 dB          --       --       --          --          
 14  0.9333    -1.19 dB          --       --       --          --          
 15  1.0000    0.00 dB           --       --       --          --          

1 MAP:             flat (no two positions differ by more than 1 dB at any test level) | sense -- | engage -24.00:none -12.00:none -6.00:none
2 engage drift:    null  (not a dB display)   (primary; displayLinear unset until the population decides)
   offset IQR:      null
3 displayOffsetDb: null
fixture: AudioUnit_6151642a_14.16.0.json

--- exit=0   14:23:51   ilok=[0x00130000 / 1]
=== [18] MDynamicsMBLarge   14:23:51   ilok=[0x00130000 / 1]   power='AC Power'
  sweeping MDynamicsMBLarge candidate [16] Band 1 -> Threshold (unseen version 14.16.0: defaults sampled first) - 1 reference + 16 position processes
  sweeping MDynamicsMBLarge candidate [24] Band 2 -> Threshold (unseen version 14.16.0: defaults sampled first) - 1 reference + 16 position processes
  soft end has no linear anchor (the soft end is not linear: its gain spans 1.35 dB across the levels, 18.0% of the 7.50 dB response (bar 8.3%)): re-sweeping with the quiet-level reference
  sweeping MDynamicsMBLarge candidate [24] Band 2 -> Threshold (unseen version 14.16.0: defaults sampled first) - 1 reference + 16 position processes
  sweeping MDynamicsMBLarge candidate [32] Band 3 -> Threshold (unseen version 14.16.0: defaults sampled first) - 1 reference + 16 position processes
  soft end has no linear anchor (the soft end is not linear: its gain spans 1.39 dB across the levels, 18.7% of the 7.42 dB response (bar 8.3%)): re-sweeping with the quiet-level reference
  sweeping MDynamicsMBLarge candidate [32] Band 3 -> Threshold (unseen version 14.16.0: defaults sampled first) - 1 reference + 16 position processes
  sweeping MDynamicsMBLarge candidate [40] Band 4 -> Threshold (unseen version 14.16.0: defaults sampled first) - 1 reference + 16 position processes
  sweeping MDynamicsMBLarge candidate [115] Band 1 - Gate - Threshold (unseen version 14.16.0: defaults sampled first) - 1 reference + 16 position processes
  sweeping MDynamicsMBLarge candidate [120] Band 1 - Processor 1 - Threshold (unseen version 14.16.0: defaults sampled first) - 1 reference + 16 position processes
  sweeping MDynamicsMBLarge candidate [125] Band 1 - Processor 2 - Threshold (unseen version 14.16.0: defaults sampled first) - 1 reference + 16 position processes
  sweeping MDynamicsMBLarge candidate [150] Band 2 - Gate - Threshold (unseen version 14.16.0: defaults sampled first) - 1 reference + 16 position processes
  sweeping MDynamicsMBLarge candidate [155] Band 2 - Processor 1 - Threshold (unseen version 14.16.0: defaults sampled first) - 1 reference + 16 position processes
  soft end has no linear anchor (the soft end is not linear: its gain spans 1.35 dB across the levels, 18.0% of the 7.50 dB response (bar 8.3%)): re-sweeping with the quiet-level reference
  sweeping MDynamicsMBLarge candidate [155] Band 2 - Processor 1 - Threshold (unseen version 14.16.0: defaults sampled first) - 1 reference + 16 position processes
  sweeping MDynamicsMBLarge candidate [160] Band 2 - Processor 2 - Threshold (unseen version 14.16.0: defaults sampled first) - 1 reference + 16 position processes
  sweeping MDynamicsMBLarge candidate [185] Band 3 - Gate - Threshold (unseen version 14.16.0: defaults sampled first) - 1 reference + 16 position processes
  sweeping MDynamicsMBLarge candidate [190] Band 3 - Processor 1 - Threshold (unseen version 14.16.0: defaults sampled first) - 1 reference + 16 position processes
  soft end has no linear anchor (the soft end is not linear: its gain spans 1.39 dB across the levels, 18.7% of the 7.42 dB response (bar 8.3%)): re-sweeping with the quiet-level reference
  sweeping MDynamicsMBLarge candidate [190] Band 3 - Processor 1 - Threshold (unseen version 14.16.0: defaults sampled first) - 1 reference + 16 position processes
  sweeping MDynamicsMBLarge candidate [195] Band 3 - Processor 2 - Threshold (unseen version 14.16.0: defaults sampled first) - 1 reference + 16 position processes
  sweeping MDynamicsMBLarge candidate [220] Band 4 - Gate - Threshold (unseen version 14.16.0: defaults sampled first) - 1 reference + 16 position processes
  sweeping MDynamicsMBLarge candidate [225] Band 4 - Processor 1 - Threshold (unseen version 14.16.0: defaults sampled first) - 1 reference + 16 position processes
  sweeping MDynamicsMBLarge candidate [230] Band 4 - Processor 2 - Threshold (unseen version 14.16.0: defaults sampled first) - 1 reference + 16 position processes
  sweeping MDynamicsMBLarge candidate [255] Band 5 - Gate - Threshold (unseen version 14.16.0: defaults sampled first) - 1 reference + 16 position processes
  sweeping MDynamicsMBLarge candidate [260] Band 5 - Processor 1 - Threshold (unseen version 14.16.0: defaults sampled first) - 1 reference + 16 position processes
  sweeping MDynamicsMBLarge candidate [265] Band 5 - Processor 2 - Threshold (unseen version 14.16.0: defaults sampled first) - 1 reference + 16 position processes
  sweeping MDynamicsMBLarge candidate [290] Band 6 - Gate - Threshold (unseen version 14.16.0: defaults sampled first) - 1 reference + 16 position processes
  sweeping MDynamicsMBLarge candidate [295] Band 6 - Processor 1 - Threshold (unseen version 14.16.0: defaults sampled first) - 1 reference + 16 position processes
  sweeping MDynamicsMBLarge candidate [300] Band 6 - Processor 2 - Threshold (unseen version 14.16.0: defaults sampled first) - 1 reference + 16 position processes
CANDIDATE [16] Band 1 -> Threshold (flags ) - MDynamicsMBLarge (class bands_or_stages, 22 candidates; the others at their instantiate defaults)
probe: signed EchoJayProbe (feat/ejmap-cert), team 8BT5F9B887, cdhash 7b4d5551560419225f50677353c7e6577542be67
host: EJ Map 0.1.0 / arm64 / 48k (native)
threshold: [16] Band 1 -> Threshold unit 'dB' (class bands_or_stages) | positions 16 (16 evenly spaced), one process each, levels quiet to loud
links as instantiated (recorded, not written): [100] Band 1 - General parameters - Link channels = '100.0%', [135] Band 2 - General parameters - Link channels = '100.0%', [170] Band 3 - General parameters - Link channels = '100.0%', [205] Band 4 - General parameters - Link channels = '100.0%', [240] Band 5 - General parameters - Link channels = '100.0%', [275] Band 6 - General parameters - Link channels = '100.0%'
ratio: 16 controls hold the ratio role | auto make-up disabled: no
default-threshold reference ('-20.0 dB', spec 4.7 check only):  -24.00 out-in 0.00  -12.00 out-in 0.00  -6.00 out-in -2.99  (default gain is information only)
linear reference (soft end): none
writes landed by: instack 16
processes: 445 run, 0 retried, 0 position(s) failed
write verify: 16 landed, 0 write_unlanded (skipped), in-stack read already matched on 16 of 16, pump slices total 16, longest confirm 3.1 ms, re-rendered 0
hold doubled at positions: none
still moving AFTER doubling (reading not used): none

pos   norm      display        red@-24  red@-12  red@-6    T(peak)   T-display
  0  0.0000    -80.0 dB          --       --       --          --          
  1  0.0667    -44.8 dB          --       --       --          --          
  2  0.1333    -33.9 dB          --       --       --          --          
  3  0.2000    -27.3 dB          --       --       --          --          
  4  0.2667    -22.5 dB          --       --       --          --          
  5  0.3333    -18.7 dB          --       --       --          --          
  6  0.4000    -15.7 dB          --       --       --          --          
  7  0.4667    -13.0 dB          --       --       --          --          
  8  0.5333    -10.8 dB          --       --       --          --          
  9  0.6000    -8.76 dB          --       --       --          --          
 10  0.6667    -6.96 dB          --       --       --          --          
 11  0.7333    -5.32 dB          --       --       --          --          
 12  0.8000    -3.83 dB          --       --       --          --          
 13  0.8667    -2.46 dB          --       --       --          --          
 14  0.9333    -1.19 dB          --       --       --          --          
 15  1.0000    0.00 dB           --       --       --          --          

1 MAP:             flat (no two positions differ by more than 1 dB at any test level) | sense -- | engage -24.00:none -12.00:none -6.00:none
2 engage drift:    null  (not a dB display)   (primary; displayLinear unset until the population decides)
   offset IQR:      null
3 displayOffsetDb: null
fixture: AudioUnit_61516462_14.16.0.json

CANDIDATE [24] Band 2 -> Threshold (flags ) - MDynamicsMBLarge (class bands_or_stages, 22 candidates; the others at their instantiate defaults)
probe: signed EchoJayProbe (feat/ejmap-cert), team 8BT5F9B887, cdhash 7b4d5551560419225f50677353c7e6577542be67
host: EJ Map 0.1.0 / arm64 / 48k (native)
threshold: [24] Band 2 -> Threshold unit 'dB' (class bands_or_stages) | positions 16 (16 evenly spaced), one process each, levels quiet to loud
links as instantiated (recorded, not written): [100] Band 1 - General parameters - Link channels = '100.0%', [135] Band 2 - General parameters - Link channels = '100.0%', [170] Band 3 - General parameters - Link channels = '100.0%', [205] Band 4 - General parameters - Link channels = '100.0%', [240] Band 5 - General parameters - Link channels = '100.0%', [275] Band 6 - General parameters - Link channels = '100.0%'
ratio: 16 controls hold the ratio role | auto make-up disabled: no
default-threshold reference ('-20.0 dB', spec 4.7 check only):  -24.00 out-in -0.00  -12.00 out-in 0.00  -6.00 out-in -2.99  (default gain is information only)
linear reference: each position's own gain at -48, checked against -54 (must differ by 6 dB within 0.1): -0.58 0.00 0.00 0.00 0.00 0.00 0.00 0.00 0.00 0.00 0.00 0.00 0.00 0.00 0.00 0.00
writes landed by: instack 16
processes: 445 run, 0 retried, 0 position(s) failed
write verify: 16 landed, 0 write_unlanded (skipped), in-stack read already matched on 16 of 16, pump slices total 16, longest confirm 3.1 ms, re-rendered 0
hold doubled at positions: 2
still moving AFTER doubling (reading not used): none

pos   norm      display        red@-24  red@-12  red@-6    T(peak)   T-display
  0  0.0000    -80.0 dB          --       --       --          --          
  1  0.0667    -44.8 dB        3.25     4.65     7.56          --          
  2  0.1333    -33.9 dB          --     3.21     6.20          --          
  3  0.2000    -27.3 dB       -0.00     1.80     4.91          --          
  4  0.2667    -22.5 dB       -0.00     0.47     3.71          --          
  5  0.3333    -18.7 dB       -0.00    -0.00       --          --          
  6  0.4000    -15.7 dB       -0.00    -0.00       --          --          
  7  0.4667    -13.0 dB       -0.00    -0.00     1.35          --          
  8  0.5333    -10.8 dB       -0.00    -0.00     1.35          --          
  9  0.6000    -8.76 dB       -0.00    -0.00     1.35          --          
 10  0.6667    -6.96 dB       -0.00    -0.00     1.35          --          
 11  0.7333    -5.32 dB       -0.00    -0.00     1.35          --          
 12  0.8000    -3.83 dB       -0.00    -0.00     1.35          --          
 13  0.8667    -2.46 dB       -0.00    -0.00     1.35          --          
 14  0.9333    -1.19 dB       -0.00    -0.00     1.35          --          
 15  1.0000    0.00 dB        -0.00    -0.00     1.35          --          

1 MAP:             certified (ratio unknown (no ratio control): no dB-equivalent map) | sense lower_is_harder | engage -24.00:1 -12.00:3 -6.00:15
2 engage drift:    null  -12.00:-9.24  -24.00:null  -6.00:null   (primary; displayLinear unset until the population decides)
   offset IQR:      null
3 displayOffsetDb: null
fixture: AudioUnit_61516462_14.16.0.json

CANDIDATE [32] Band 3 -> Threshold (flags ) - MDynamicsMBLarge (class bands_or_stages, 22 candidates; the others at their instantiate defaults)
probe: signed EchoJayProbe (feat/ejmap-cert), team 8BT5F9B887, cdhash 7b4d5551560419225f50677353c7e6577542be67
host: EJ Map 0.1.0 / arm64 / 48k (native)
threshold: [32] Band 3 -> Threshold unit 'dB' (class bands_or_stages) | positions 16 (16 evenly spaced), one process each, levels quiet to loud
links as instantiated (recorded, not written): [100] Band 1 - General parameters - Link channels = '100.0%', [135] Band 2 - General parameters - Link channels = '100.0%', [170] Band 3 - General parameters - Link channels = '100.0%', [205] Band 4 - General parameters - Link channels = '100.0%', [240] Band 5 - General parameters - Link channels = '100.0%', [275] Band 6 - General parameters - Link channels = '100.0%'
ratio: 16 controls hold the ratio role | auto make-up disabled: no
default-threshold reference ('-20.0 dB', spec 4.7 check only):  -24.00 out-in -0.00  -12.00 out-in 0.00  -6.00 out-in -2.99  (default gain is information only)
linear reference: each position's own gain at -48, checked against -54 (must differ by 6 dB within 0.1): -0.57 0.00 0.00 0.00 0.00 0.00 0.00 0.00 0.00 0.00 0.00 0.00 0.00 0.00 0.00 0.00
writes landed by: instack 16
processes: 445 run, 0 retried, 0 position(s) failed
write verify: 16 landed, 0 write_unlanded (skipped), in-stack read already matched on 16 of 16, pump slices total 16, longest confirm 3.1 ms, re-rendered 0
hold doubled at positions: 3
still moving AFTER doubling (reading not used): none

pos   norm      display        red@-24  red@-12  red@-6    T(peak)   T-display
  0  0.0000    -80.0 dB          --       --       --          --          
  1  0.0667    -44.8 dB        3.19     4.58     7.53          --          
  2  0.1333    -33.9 dB        0.29     3.16     6.19          --          
  3  0.2000    -27.3 dB       -0.00       --     4.91          --          
  4  0.2667    -22.5 dB       -0.00     0.44     3.71          --          
  5  0.3333    -18.7 dB       -0.00    -0.00     2.60          --          
  6  0.4000    -15.7 dB       -0.00    -0.00     1.58          --          
  7  0.4667    -13.0 dB       -0.00    -0.00     1.39          --          
  8  0.5333    -10.8 dB       -0.00    -0.00     1.39          --          
  9  0.6000    -8.76 dB       -0.00    -0.00     1.39          --          
 10  0.6667    -6.96 dB       -0.00    -0.00     1.39          --          
 11  0.7333    -5.32 dB       -0.00    -0.00     1.39          --          
 12  0.8000    -3.83 dB       -0.00    -0.00     1.39          --          
 13  0.8667    -2.46 dB       -0.00    -0.00     1.39          --          
 14  0.9333    -1.19 dB       -0.00    -0.00     1.39          --          
 15  1.0000    0.00 dB        -0.00    -0.00     1.39          --          

1 MAP:             certified (ratio unknown (no ratio control): no dB-equivalent map) | sense lower_is_harder | engage -24.00:1 -12.00:2 -6.00:15
2 engage drift:    9.13  -12.00:-1.57  -24.00:-10.70  -6.00:null   (primary; displayLinear unset until the population decides)
   offset IQR:      null
3 displayOffsetDb: null
fixture: AudioUnit_61516462_14.16.0.json

CANDIDATE [40] Band 4 -> Threshold (flags ) - MDynamicsMBLarge (class bands_or_stages, 22 candidates; the others at their instantiate defaults)
probe: signed EchoJayProbe (feat/ejmap-cert), team 8BT5F9B887, cdhash 7b4d5551560419225f50677353c7e6577542be67
host: EJ Map 0.1.0 / arm64 / 48k (native)
threshold: [40] Band 4 -> Threshold unit 'dB' (class bands_or_stages) | positions 16 (16 evenly spaced), one process each, levels quiet to loud
links as instantiated (recorded, not written): [100] Band 1 - General parameters - Link channels = '100.0%', [135] Band 2 - General parameters - Link channels = '100.0%', [170] Band 3 - General parameters - Link channels = '100.0%', [205] Band 4 - General parameters - Link channels = '100.0%', [240] Band 5 - General parameters - Link channels = '100.0%', [275] Band 6 - General parameters - Link channels = '100.0%'
ratio: 16 controls hold the ratio role | auto make-up disabled: no
default-threshold reference ('-20.0 dB', spec 4.7 check only):  -24.00 out-in 0.00  -12.00 out-in 0.00  -6.00 out-in -2.99  (default gain is information only)
linear reference (soft end): none
writes landed by: instack 16
processes: 445 run, 0 retried, 0 position(s) failed
write verify: 16 landed, 0 write_unlanded (skipped), in-stack read already matched on 16 of 16, pump slices total 16, longest confirm 3.1 ms, re-rendered 0
hold doubled at positions: none
still moving AFTER doubling (reading not used): none

pos   norm      display        red@-24  red@-12  red@-6    T(peak)   T-display
  0  0.0000    -80.0 dB          --       --       --          --          
  1  0.0667    -44.8 dB          --       --       --          --          
  2  0.1333    -33.9 dB          --       --       --          --          
  3  0.2000    -27.3 dB          --       --       --          --          
  4  0.2667    -22.5 dB          --       --       --          --          
  5  0.3333    -18.7 dB          --       --       --          --          
  6  0.4000    -15.7 dB          --       --       --          --          
  7  0.4667    -13.0 dB          --       --       --          --          
  8  0.5333    -10.8 dB          --       --       --          --          
  9  0.6000    -8.76 dB          --       --       --          --          
 10  0.6667    -6.96 dB          --       --       --          --          
 11  0.7333    -5.32 dB          --       --       --          --          
 12  0.8000    -3.83 dB          --       --       --          --          
 13  0.8667    -2.46 dB          --       --       --          --          
 14  0.9333    -1.19 dB          --       --       --          --          
 15  1.0000    0.00 dB           --       --       --          --          

1 MAP:             flat (no two positions differ by more than 1 dB at any test level) | sense -- | engage -24.00:none -12.00:none -6.00:none
2 engage drift:    null  (not a dB display)   (primary; displayLinear unset until the population decides)
   offset IQR:      null
3 displayOffsetDb: null
fixture: AudioUnit_61516462_14.16.0.json

CANDIDATE [115] Band 1 - Gate - Threshold (flags ) - MDynamicsMBLarge (class bands_or_stages, 22 candidates; the others at their instantiate defaults)
probe: signed EchoJayProbe (feat/ejmap-cert), team 8BT5F9B887, cdhash 7b4d5551560419225f50677353c7e6577542be67
host: EJ Map 0.1.0 / arm64 / 48k (native)
threshold: [115] Band 1 - Gate - Threshold unit 'dB' (class bands_or_stages) | positions 16 (16 evenly spaced), one process each, levels quiet to loud
links as instantiated (recorded, not written): [100] Band 1 - General parameters - Link channels = '100.0%', [135] Band 2 - General parameters - Link channels = '100.0%', [170] Band 3 - General parameters - Link channels = '100.0%', [205] Band 4 - General parameters - Link channels = '100.0%', [240] Band 5 - General parameters - Link channels = '100.0%', [275] Band 6 - General parameters - Link channels = '100.0%'
ratio: 16 controls hold the ratio role | auto make-up disabled: no
default-threshold reference ('-28.0 dB', spec 4.7 check only):  -24.00 out-in 0.00  -12.00 out-in 0.00  -6.00 out-in -2.99  (default gain is information only)
linear reference (soft end): none
writes landed by: instack 16
processes: 445 run, 0 retried, 0 position(s) failed
write verify: 16 landed, 0 write_unlanded (skipped), in-stack read already matched on 16 of 16, pump slices total 16, longest confirm 3.2 ms, re-rendered 0
hold doubled at positions: none
still moving AFTER doubling (reading not used): none

pos   norm      display        red@-24  red@-12  red@-6    T(peak)   T-display
  0  0.0000    -80.0 dB          --       --       --          --          
  1  0.0667    -44.8 dB          --       --       --          --          
  2  0.1333    -33.9 dB          --       --       --          --          
  3  0.2000    -27.3 dB          --       --       --          --          
  4  0.2667    -22.5 dB          --       --       --          --          
  5  0.3333    -18.7 dB          --       --       --          --          
  6  0.4000    -15.7 dB          --       --       --          --          
  7  0.4667    -13.0 dB          --       --       --          --          
  8  0.5333    -10.8 dB          --       --       --          --          
  9  0.6000    -8.76 dB          --       --       --          --          
 10  0.6667    -6.96 dB          --       --       --          --          
 11  0.7333    -5.32 dB          --       --       --          --          
 12  0.8000    -3.83 dB          --       --       --          --          
 13  0.8667    -2.46 dB          --       --       --          --          
 14  0.9333    -1.19 dB          --       --       --          --          
 15  1.0000    0.00 dB           --       --       --          --          

1 MAP:             flat (no two positions differ by more than 1 dB at any test level) | sense -- | engage -24.00:none -12.00:none -6.00:none
2 engage drift:    null  (not a dB display)   (primary; displayLinear unset until the population decides)
   offset IQR:      null
3 displayOffsetDb: null
fixture: AudioUnit_61516462_14.16.0.json

CANDIDATE [120] Band 1 - Processor 1 - Threshold (flags ) - MDynamicsMBLarge (class bands_or_stages, 22 candidates; the others at their instantiate defaults)
probe: signed EchoJayProbe (feat/ejmap-cert), team 8BT5F9B887, cdhash 7b4d5551560419225f50677353c7e6577542be67
host: EJ Map 0.1.0 / arm64 / 48k (native)
threshold: [120] Band 1 - Processor 1 - Threshold unit 'dB' (class bands_or_stages) | positions 16 (16 evenly spaced), one process each, levels quiet to loud
links as instantiated (recorded, not written): [100] Band 1 - General parameters - Link channels = '100.0%', [135] Band 2 - General parameters - Link channels = '100.0%', [170] Band 3 - General parameters - Link channels = '100.0%', [205] Band 4 - General parameters - Link channels = '100.0%', [240] Band 5 - General parameters - Link channels = '100.0%', [275] Band 6 - General parameters - Link channels = '100.0%'
ratio: 16 controls hold the ratio role | auto make-up disabled: no
default-threshold reference ('-20.0 dB', spec 4.7 check only):  -24.00 out-in 0.00  -12.00 out-in 0.00  -6.00 out-in -2.99  (default gain is information only)
linear reference (soft end): none
writes landed by: instack 16
processes: 445 run, 0 retried, 0 position(s) failed
write verify: 16 landed, 0 write_unlanded (skipped), in-stack read already matched on 16 of 16, pump slices total 16, longest confirm 3.1 ms, re-rendered 0
hold doubled at positions: none
still moving AFTER doubling (reading not used): none

pos   norm      display        red@-24  red@-12  red@-6    T(peak)   T-display
  0  0.0000    -80.0 dB          --       --       --          --          
  1  0.0667    -44.8 dB          --       --       --          --          
  2  0.1333    -33.9 dB          --       --       --          --          
  3  0.2000    -27.3 dB          --       --       --          --          
  4  0.2667    -22.5 dB          --       --       --          --          
  5  0.3333    -18.7 dB          --       --       --          --          
  6  0.4000    -15.7 dB          --       --       --          --          
  7  0.4667    -13.0 dB          --       --       --          --          
  8  0.5333    -10.8 dB          --       --       --          --          
  9  0.6000    -8.76 dB          --       --       --          --          
 10  0.6667    -6.96 dB          --       --       --          --          
 11  0.7333    -5.32 dB          --       --       --          --          
 12  0.8000    -3.83 dB          --       --       --          --          
 13  0.8667    -2.46 dB          --       --       --          --          
 14  0.9333    -1.19 dB          --       --       --          --          
 15  1.0000    0.00 dB           --       --       --          --          

1 MAP:             flat (no two positions differ by more than 1 dB at any test level) | sense -- | engage -24.00:none -12.00:none -6.00:none
2 engage drift:    null  (not a dB display)   (primary; displayLinear unset until the population decides)
   offset IQR:      null
3 displayOffsetDb: null
fixture: AudioUnit_61516462_14.16.0.json

CANDIDATE [125] Band 1 - Processor 2 - Threshold (flags ) - MDynamicsMBLarge (class bands_or_stages, 22 candidates; the others at their instantiate defaults)
probe: signed EchoJayProbe (feat/ejmap-cert), team 8BT5F9B887, cdhash 7b4d5551560419225f50677353c7e6577542be67
host: EJ Map 0.1.0 / arm64 / 48k (native)
threshold: [125] Band 1 - Processor 2 - Threshold unit 'dB' (class bands_or_stages) | positions 16 (16 evenly spaced), one process each, levels quiet to loud
links as instantiated (recorded, not written): [100] Band 1 - General parameters - Link channels = '100.0%', [135] Band 2 - General parameters - Link channels = '100.0%', [170] Band 3 - General parameters - Link channels = '100.0%', [205] Band 4 - General parameters - Link channels = '100.0%', [240] Band 5 - General parameters - Link channels = '100.0%', [275] Band 6 - General parameters - Link channels = '100.0%'
ratio: 16 controls hold the ratio role | auto make-up disabled: no
default-threshold reference ('-24.1 dB', spec 4.7 check only):  -24.00 out-in 0.00  -12.00 out-in 0.00  -6.00 out-in -2.99  (default gain is information only)
linear reference (soft end): none
writes landed by: instack 16
processes: 445 run, 0 retried, 0 position(s) failed
write verify: 16 landed, 0 write_unlanded (skipped), in-stack read already matched on 16 of 16, pump slices total 16, longest confirm 3.1 ms, re-rendered 0
hold doubled at positions: none
still moving AFTER doubling (reading not used): none

pos   norm      display        red@-24  red@-12  red@-6    T(peak)   T-display
  0  0.0000    -80.0 dB          --       --       --          --          
  1  0.0667    -44.8 dB          --       --       --          --          
  2  0.1333    -33.9 dB          --       --       --          --          
  3  0.2000    -27.3 dB          --       --       --          --          
  4  0.2667    -22.5 dB          --       --       --          --          
  5  0.3333    -18.7 dB          --       --       --          --          
  6  0.4000    -15.7 dB          --       --       --          --          
  7  0.4667    -13.0 dB          --       --       --          --          
  8  0.5333    -10.8 dB          --       --       --          --          
  9  0.6000    -8.76 dB          --       --       --          --          
 10  0.6667    -6.96 dB          --       --       --          --          
 11  0.7333    -5.32 dB          --       --       --          --          
 12  0.8000    -3.83 dB          --       --       --          --          
 13  0.8667    -2.46 dB          --       --       --          --          
 14  0.9333    -1.19 dB          --       --       --          --          
 15  1.0000    0.00 dB           --       --       --          --          

1 MAP:             flat (no two positions differ by more than 1 dB at any test level) | sense -- | engage -24.00:none -12.00:none -6.00:none
2 engage drift:    null  (not a dB display)   (primary; displayLinear unset until the population decides)
   offset IQR:      null
3 displayOffsetDb: null
fixture: AudioUnit_61516462_14.16.0.json

CANDIDATE [150] Band 2 - Gate - Threshold (flags ) - MDynamicsMBLarge (class bands_or_stages, 22 candidates; the others at their instantiate defaults)
probe: signed EchoJayProbe (feat/ejmap-cert), team 8BT5F9B887, cdhash 7b4d5551560419225f50677353c7e6577542be67
host: EJ Map 0.1.0 / arm64 / 48k (native)
threshold: [150] Band 2 - Gate - Threshold unit 'dB' (class bands_or_stages) | positions 16 (16 evenly spaced), one process each, levels quiet to loud
links as instantiated (recorded, not written): [100] Band 1 - General parameters - Link channels = '100.0%', [135] Band 2 - General parameters - Link channels = '100.0%', [170] Band 3 - General parameters - Link channels = '100.0%', [205] Band 4 - General parameters - Link channels = '100.0%', [240] Band 5 - General parameters - Link channels = '100.0%', [275] Band 6 - General parameters - Link channels = '100.0%'
ratio: 16 controls hold the ratio role | auto make-up disabled: no
default-threshold reference ('-28.0 dB', spec 4.7 check only):  -24.00 out-in 0.00  -12.00 out-in 0.00  -6.00 out-in -2.99  (default gain is information only)
linear reference (soft end): none
writes landed by: instack 16
processes: 445 run, 0 retried, 0 position(s) failed
write verify: 16 landed, 0 write_unlanded (skipped), in-stack read already matched on 16 of 16, pump slices total 16, longest confirm 3.2 ms, re-rendered 0
hold doubled at positions: none
still moving AFTER doubling (reading not used): none

pos   norm      display        red@-24  red@-12  red@-6    T(peak)   T-display
  0  0.0000    -80.0 dB          --       --       --          --          
  1  0.0667    -44.8 dB          --       --       --          --          
  2  0.1333    -33.9 dB          --       --       --          --          
  3  0.2000    -27.3 dB          --       --       --          --          
  4  0.2667    -22.5 dB          --       --       --          --          
  5  0.3333    -18.7 dB          --       --       --          --          
  6  0.4000    -15.7 dB          --       --       --          --          
  7  0.4667    -13.0 dB          --       --       --          --          
  8  0.5333    -10.8 dB          --       --       --          --          
  9  0.6000    -8.76 dB          --       --       --          --          
 10  0.6667    -6.96 dB          --       --       --          --          
 11  0.7333    -5.32 dB          --       --       --          --          
 12  0.8000    -3.83 dB          --       --       --          --          
 13  0.8667    -2.46 dB          --       --       --          --          
 14  0.9333    -1.19 dB          --       --       --          --          
 15  1.0000    0.00 dB           --       --       --          --          

1 MAP:             flat (no two positions differ by more than 1 dB at any test level) | sense -- | engage -24.00:none -12.00:none -6.00:none
2 engage drift:    null  (not a dB display)   (primary; displayLinear unset until the population decides)
   offset IQR:      null
3 displayOffsetDb: null
fixture: AudioUnit_61516462_14.16.0.json

CANDIDATE [155] Band 2 - Processor 1 - Threshold (flags ) - MDynamicsMBLarge (class bands_or_stages, 22 candidates; the others at their instantiate defaults)
probe: signed EchoJayProbe (feat/ejmap-cert), team 8BT5F9B887, cdhash 7b4d5551560419225f50677353c7e6577542be67
host: EJ Map 0.1.0 / arm64 / 48k (native)
threshold: [155] Band 2 - Processor 1 - Threshold unit 'dB' (class bands_or_stages) | positions 16 (16 evenly spaced), one process each, levels quiet to loud
links as instantiated (recorded, not written): [100] Band 1 - General parameters - Link channels = '100.0%', [135] Band 2 - General parameters - Link channels = '100.0%', [170] Band 3 - General parameters - Link channels = '100.0%', [205] Band 4 - General parameters - Link channels = '100.0%', [240] Band 5 - General parameters - Link channels = '100.0%', [275] Band 6 - General parameters - Link channels = '100.0%'
ratio: 16 controls hold the ratio role | auto make-up disabled: no
default-threshold reference ('-20.0 dB', spec 4.7 check only):  -24.00 out-in -0.00  -12.00 out-in 0.00  -6.00 out-in -35.78  (default gain is information only)
linear reference: each position's own gain at -48, checked against -54 (must differ by 6 dB within 0.1): -0.58 0.00 0.00 0.00 0.00 0.00 0.00 0.00 0.00 0.00 0.00 0.00 0.00 0.00 0.00 0.00
writes landed by: instack 16
processes: 445 run, 0 retried, 0 position(s) failed
write verify: 16 landed, 0 write_unlanded (skipped), in-stack read already matched on 16 of 16, pump slices total 16, longest confirm 3.1 ms, re-rendered 0
hold doubled at positions: 11
still moving AFTER doubling (reading not used): none

pos   norm      display        red@-24  red@-12  red@-6    T(peak)   T-display
  0  0.0000    -80.0 dB          --       --       --          --          
  1  0.0667    -44.8 dB        3.25     4.65     7.56          --          
  2  0.1333    -33.9 dB        0.32     3.21     6.21          --          
  3  0.2000    -27.3 dB       -0.00     1.80     4.91          --          
  4  0.2667    -22.5 dB          --       --     3.71          --          
  5  0.3333    -18.7 dB       -0.00    -0.00     2.60          --          
  6  0.4000    -15.7 dB       -0.00    -0.00     1.58          --          
  7  0.4667    -13.0 dB       -0.00    -0.00     1.35          --          
  8  0.5333    -10.8 dB       -0.00    -0.00     1.35          --          
  9  0.6000    -8.76 dB       -0.00    -0.00     1.35          --          
 10  0.6667    -6.96 dB       -0.00    -0.00     1.35          --          
 11  0.7333    -5.32 dB          --    -0.00     1.35          --          
 12  0.8000    -3.83 dB       -0.00    -0.00     1.35          --          
 13  0.8667    -2.46 dB       -0.00    -0.00     1.35          --          
 14  0.9333    -1.19 dB       -0.00    -0.00     1.35          --          
 15  1.0000    0.00 dB        -0.00    -0.00       --          --          

1 MAP:             certified (ratio unknown (no ratio control): no dB-equivalent map) | sense lower_is_harder | engage -24.00:1 -12.00:3 -6.00:14
2 engage drift:    1.33  -12.00:-9.24  -24.00:-10.57  -6.00:null   (primary; displayLinear unset until the population decides)
   offset IQR:      null
3 displayOffsetDb: null
reference silent or off-tone at default, NOT a licence question (another candidate produced the tone): output at -6.00 is 0.0% the input's tone; sweep written with its data's result 'certified'

CANDIDATE [160] Band 2 - Processor 2 - Threshold (flags ) - MDynamicsMBLarge (class bands_or_stages, 22 candidates; the others at their instantiate defaults)
probe: signed EchoJayProbe (feat/ejmap-cert), team 8BT5F9B887, cdhash 7b4d5551560419225f50677353c7e6577542be67
host: EJ Map 0.1.0 / arm64 / 48k (native)
threshold: [160] Band 2 - Processor 2 - Threshold unit 'dB' (class bands_or_stages) | positions 16 (16 evenly spaced), one process each, levels quiet to loud
links as instantiated (recorded, not written): [100] Band 1 - General parameters - Link channels = '100.0%', [135] Band 2 - General parameters - Link channels = '100.0%', [170] Band 3 - General parameters - Link channels = '100.0%', [205] Band 4 - General parameters - Link channels = '100.0%', [240] Band 5 - General parameters - Link channels = '100.0%', [275] Band 6 - General parameters - Link channels = '100.0%'
ratio: 16 controls hold the ratio role | auto make-up disabled: no
default-threshold reference ('-24.1 dB', spec 4.7 check only):  -24.00 out-in 0.00  -12.00 out-in 0.00  -6.00 out-in -2.99  (default gain is information only)
linear reference (soft end): none
writes landed by: instack 16
processes: 445 run, 0 retried, 0 position(s) failed
write verify: 16 landed, 0 write_unlanded (skipped), in-stack read already matched on 16 of 16, pump slices total 16, longest confirm 3.0 ms, re-rendered 0
hold doubled at positions: none
still moving AFTER doubling (reading not used): none

pos   norm      display        red@-24  red@-12  red@-6    T(peak)   T-display
  0  0.0000    -80.0 dB          --       --       --          --          
  1  0.0667    -44.8 dB          --       --       --          --          
  2  0.1333    -33.9 dB          --       --       --          --          
  3  0.2000    -27.3 dB          --       --       --          --          
  4  0.2667    -22.5 dB          --       --       --          --          
  5  0.3333    -18.7 dB          --       --       --          --          
  6  0.4000    -15.7 dB          --       --       --          --          
  7  0.4667    -13.0 dB          --       --       --          --          
  8  0.5333    -10.8 dB          --       --       --          --          
  9  0.6000    -8.76 dB          --       --       --          --          
 10  0.6667    -6.96 dB          --       --       --          --          
 11  0.7333    -5.32 dB          --       --       --          --          
 12  0.8000    -3.83 dB          --       --       --          --          
 13  0.8667    -2.46 dB          --       --       --          --          
 14  0.9333    -1.19 dB          --       --       --          --          
 15  1.0000    0.00 dB           --       --       --          --          

1 MAP:             unreadable (the ends agree within 1 dB at every level but positions between them differ by 1.78 dB: the response is not across the sweep) | sense -- | engage -24.00:none -12.00:none -6.00:none
2 engage drift:    null  (not a dB display)   (primary; displayLinear unset until the population decides)
   offset IQR:      null
3 displayOffsetDb: null
fixture: AudioUnit_61516462_14.16.0.json

CANDIDATE [185] Band 3 - Gate - Threshold (flags ) - MDynamicsMBLarge (class bands_or_stages, 22 candidates; the others at their instantiate defaults)
probe: signed EchoJayProbe (feat/ejmap-cert), team 8BT5F9B887, cdhash 7b4d5551560419225f50677353c7e6577542be67
host: EJ Map 0.1.0 / arm64 / 48k (native)
threshold: [185] Band 3 - Gate - Threshold unit 'dB' (class bands_or_stages) | positions 16 (16 evenly spaced), one process each, levels quiet to loud
links as instantiated (recorded, not written): [100] Band 1 - General parameters - Link channels = '100.0%', [135] Band 2 - General parameters - Link channels = '100.0%', [170] Band 3 - General parameters - Link channels = '100.0%', [205] Band 4 - General parameters - Link channels = '100.0%', [240] Band 5 - General parameters - Link channels = '100.0%', [275] Band 6 - General parameters - Link channels = '100.0%'
ratio: 16 controls hold the ratio role | auto make-up disabled: no
default-threshold reference ('-28.0 dB', spec 4.7 check only):  -24.00 out-in 0.00  -12.00 out-in 0.00  -6.00 out-in -2.99  (default gain is information only)
linear reference (soft end): none
writes landed by: instack 16
processes: 445 run, 0 retried, 0 position(s) failed
write verify: 16 landed, 0 write_unlanded (skipped), in-stack read already matched on 16 of 16, pump slices total 16, longest confirm 3.1 ms, re-rendered 0
hold doubled at positions: none
still moving AFTER doubling (reading not used): none

pos   norm      display        red@-24  red@-12  red@-6    T(peak)   T-display
  0  0.0000    -80.0 dB          --       --       --          --          
  1  0.0667    -44.8 dB          --       --       --          --          
  2  0.1333    -33.9 dB          --       --       --          --          
  3  0.2000    -27.3 dB          --       --       --          --          
  4  0.2667    -22.5 dB          --       --       --          --          
  5  0.3333    -18.7 dB          --       --       --          --          
  6  0.4000    -15.7 dB          --       --       --          --          
  7  0.4667    -13.0 dB          --       --       --          --          
  8  0.5333    -10.8 dB          --       --       --          --          
  9  0.6000    -8.76 dB          --       --       --          --          
 10  0.6667    -6.96 dB          --       --       --          --          
 11  0.7333    -5.32 dB          --       --       --          --          
 12  0.8000    -3.83 dB          --       --       --          --          
 13  0.8667    -2.46 dB          --       --       --          --          
 14  0.9333    -1.19 dB          --       --       --          --          
 15  1.0000    0.00 dB           --       --       --          --          

1 MAP:             flat (no two positions differ by more than 1 dB at any test level) | sense -- | engage -24.00:none -12.00:none -6.00:none
2 engage drift:    null  (not a dB display)   (primary; displayLinear unset until the population decides)
   offset IQR:      null
3 displayOffsetDb: null
fixture: AudioUnit_61516462_14.16.0.json

CANDIDATE [190] Band 3 - Processor 1 - Threshold (flags ) - MDynamicsMBLarge (class bands_or_stages, 22 candidates; the others at their instantiate defaults)
probe: signed EchoJayProbe (feat/ejmap-cert), team 8BT5F9B887, cdhash 7b4d5551560419225f50677353c7e6577542be67
host: EJ Map 0.1.0 / arm64 / 48k (native)
threshold: [190] Band 3 - Processor 1 - Threshold unit 'dB' (class bands_or_stages) | positions 16 (16 evenly spaced), one process each, levels quiet to loud
links as instantiated (recorded, not written): [100] Band 1 - General parameters - Link channels = '100.0%', [135] Band 2 - General parameters - Link channels = '100.0%', [170] Band 3 - General parameters - Link channels = '100.0%', [205] Band 4 - General parameters - Link channels = '100.0%', [240] Band 5 - General parameters - Link channels = '100.0%', [275] Band 6 - General parameters - Link channels = '100.0%'
ratio: 16 controls hold the ratio role | auto make-up disabled: no
default-threshold reference ('-20.0 dB', spec 4.7 check only):  -24.00 out-in -0.00  -12.00 out-in 0.00  -6.00 out-in -2.99  (default gain is information only)
linear reference: each position's own gain at -48, checked against -54 (must differ by 6 dB within 0.1): -0.57 0.00 0.00 0.00 0.00 0.00 0.00 0.00 0.00 0.00 0.00 0.00 0.00 0.00 0.00 0.00
writes landed by: instack 16
processes: 445 run, 0 retried, 0 position(s) failed
write verify: 16 landed, 0 write_unlanded (skipped), in-stack read already matched on 16 of 16, pump slices total 16, longest confirm 3.1 ms, re-rendered 0
hold doubled at positions: none
still moving AFTER doubling (reading not used): none

pos   norm      display        red@-24  red@-12  red@-6    T(peak)   T-display
  0  0.0000    -80.0 dB          --       --       --          --          
  1  0.0667    -44.8 dB        3.19     4.58     7.53          --          
  2  0.1333    -33.9 dB        0.29     3.16     6.19          --          
  3  0.2000    -27.3 dB       -0.00     1.76     4.91          --          
  4  0.2667    -22.5 dB       -0.00     0.44     3.71          --          
  5  0.3333    -18.7 dB       -0.00    -0.00     2.60          --          
  6  0.4000    -15.7 dB       -0.00    -0.00     1.58          --          
  7  0.4667    -13.0 dB       -0.00    -0.00     1.39          --          
  8  0.5333    -10.8 dB       -0.00    -0.00     1.39          --          
  9  0.6000    -8.76 dB       -0.00    -0.00     1.39          --          
 10  0.6667    -6.96 dB       -0.00    -0.00     1.39          --          
 11  0.7333    -5.32 dB       -0.00    -0.00     1.39          --          
 12  0.8000    -3.83 dB       -0.00    -0.00     1.39          --          
 13  0.8667    -2.46 dB       -0.00       --     3.08          --          
 14  0.9333    -1.19 dB       -0.00    -0.00     1.39          --          
 15  1.0000    0.00 dB        -0.00    -0.00     1.39          --          

1 MAP:             nonmonotonic (reduction falls by more than 0.5 dB walking from the softer end (position 12 at -6.00)) | sense lower_is_harder | engage -24.00:1 -12.00:3 -6.00:15
2 engage drift:    1.32  -12.00:-9.38  -24.00:-10.70  -6.00:null   (primary; displayLinear unset until the population decides)
   offset IQR:      null
3 displayOffsetDb: null
fixture: AudioUnit_61516462_14.16.0.json

CANDIDATE [195] Band 3 - Processor 2 - Threshold (flags ) - MDynamicsMBLarge (class bands_or_stages, 22 candidates; the others at their instantiate defaults)
probe: signed EchoJayProbe (feat/ejmap-cert), team 8BT5F9B887, cdhash 7b4d5551560419225f50677353c7e6577542be67
host: EJ Map 0.1.0 / arm64 / 48k (native)
threshold: [195] Band 3 - Processor 2 - Threshold unit 'dB' (class bands_or_stages) | positions 16 (16 evenly spaced), one process each, levels quiet to loud
links as instantiated (recorded, not written): [100] Band 1 - General parameters - Link channels = '100.0%', [135] Band 2 - General parameters - Link channels = '100.0%', [170] Band 3 - General parameters - Link channels = '100.0%', [205] Band 4 - General parameters - Link channels = '100.0%', [240] Band 5 - General parameters - Link channels = '100.0%', [275] Band 6 - General parameters - Link channels = '100.0%'
ratio: 16 controls hold the ratio role | auto make-up disabled: no
default-threshold reference ('-24.1 dB', spec 4.7 check only):  -24.00 out-in 0.00  -12.00 out-in 0.00  -6.00 out-in -2.99  (default gain is information only)
linear reference (soft end): none
writes landed by: instack 16
processes: 445 run, 0 retried, 0 position(s) failed
write verify: 16 landed, 0 write_unlanded (skipped), in-stack read already matched on 16 of 16, pump slices total 16, longest confirm 3.1 ms, re-rendered 0
hold doubled at positions: none
still moving AFTER doubling (reading not used): none

pos   norm      display        red@-24  red@-12  red@-6    T(peak)   T-display
  0  0.0000    -80.0 dB          --       --       --          --          
  1  0.0667    -44.8 dB          --       --       --          --          
  2  0.1333    -33.9 dB          --       --       --          --          
  3  0.2000    -27.3 dB          --       --       --          --          
  4  0.2667    -22.5 dB          --       --       --          --          
  5  0.3333    -18.7 dB          --       --       --          --          
  6  0.4000    -15.7 dB          --       --       --          --          
  7  0.4667    -13.0 dB          --       --       --          --          
  8  0.5333    -10.8 dB          --       --       --          --          
  9  0.6000    -8.76 dB          --       --       --          --          
 10  0.6667    -6.96 dB          --       --       --          --          
 11  0.7333    -5.32 dB          --       --       --          --          
 12  0.8000    -3.83 dB          --       --       --          --          
 13  0.8667    -2.46 dB          --       --       --          --          
 14  0.9333    -1.19 dB          --       --       --          --          
 15  1.0000    0.00 dB           --       --       --          --          

1 MAP:             flat (no two positions differ by more than 1 dB at any test level) | sense -- | engage -24.00:none -12.00:none -6.00:none
2 engage drift:    null  (not a dB display)   (primary; displayLinear unset until the population decides)
   offset IQR:      null
3 displayOffsetDb: null
fixture: AudioUnit_61516462_14.16.0.json

CANDIDATE [220] Band 4 - Gate - Threshold (flags ) - MDynamicsMBLarge (class bands_or_stages, 22 candidates; the others at their instantiate defaults)
probe: signed EchoJayProbe (feat/ejmap-cert), team 8BT5F9B887, cdhash 7b4d5551560419225f50677353c7e6577542be67
host: EJ Map 0.1.0 / arm64 / 48k (native)
threshold: [220] Band 4 - Gate - Threshold unit 'dB' (class bands_or_stages) | positions 16 (16 evenly spaced), one process each, levels quiet to loud
links as instantiated (recorded, not written): [100] Band 1 - General parameters - Link channels = '100.0%', [135] Band 2 - General parameters - Link channels = '100.0%', [170] Band 3 - General parameters - Link channels = '100.0%', [205] Band 4 - General parameters - Link channels = '100.0%', [240] Band 5 - General parameters - Link channels = '100.0%', [275] Band 6 - General parameters - Link channels = '100.0%'
ratio: 16 controls hold the ratio role | auto make-up disabled: no
default-threshold reference ('-28.0 dB', spec 4.7 check only):  -24.00 out-in 0.00  -12.00 out-in 0.00  -6.00 out-in -2.99  (default gain is information only)
linear reference (soft end): none
writes landed by: instack 16
processes: 445 run, 0 retried, 0 position(s) failed
write verify: 16 landed, 0 write_unlanded (skipped), in-stack read already matched on 16 of 16, pump slices total 16, longest confirm 3.1 ms, re-rendered 0
hold doubled at positions: none
still moving AFTER doubling (reading not used): none

pos   norm      display        red@-24  red@-12  red@-6    T(peak)   T-display
  0  0.0000    -80.0 dB          --       --       --          --          
  1  0.0667    -44.8 dB          --       --       --          --          
  2  0.1333    -33.9 dB          --       --       --          --          
  3  0.2000    -27.3 dB          --       --       --          --          
  4  0.2667    -22.5 dB          --       --       --          --          
  5  0.3333    -18.7 dB          --       --       --          --          
  6  0.4000    -15.7 dB          --       --       --          --          
  7  0.4667    -13.0 dB          --       --       --          --          
  8  0.5333    -10.8 dB          --       --       --          --          
  9  0.6000    -8.76 dB          --       --       --          --          
 10  0.6667    -6.96 dB          --       --       --          --          
 11  0.7333    -5.32 dB          --       --       --          --          
 12  0.8000    -3.83 dB          --       --       --          --          
 13  0.8667    -2.46 dB          --       --       --          --          
 14  0.9333    -1.19 dB          --       --       --          --          
 15  1.0000    0.00 dB           --       --       --          --          

1 MAP:             flat (no two positions differ by more than 1 dB at any test level) | sense -- | engage -24.00:none -12.00:none -6.00:none
2 engage drift:    null  (not a dB display)   (primary; displayLinear unset until the population decides)
   offset IQR:      null
3 displayOffsetDb: null
fixture: AudioUnit_61516462_14.16.0.json

CANDIDATE [225] Band 4 - Processor 1 - Threshold (flags ) - MDynamicsMBLarge (class bands_or_stages, 22 candidates; the others at their instantiate defaults)
probe: signed EchoJayProbe (feat/ejmap-cert), team 8BT5F9B887, cdhash 7b4d5551560419225f50677353c7e6577542be67
host: EJ Map 0.1.0 / arm64 / 48k (native)
threshold: [225] Band 4 - Processor 1 - Threshold unit 'dB' (class bands_or_stages) | positions 16 (16 evenly spaced), one process each, levels quiet to loud
links as instantiated (recorded, not written): [100] Band 1 - General parameters - Link channels = '100.0%', [135] Band 2 - General parameters - Link channels = '100.0%', [170] Band 3 - General parameters - Link channels = '100.0%', [205] Band 4 - General parameters - Link channels = '100.0%', [240] Band 5 - General parameters - Link channels = '100.0%', [275] Band 6 - General parameters - Link channels = '100.0%'
ratio: 16 controls hold the ratio role | auto make-up disabled: no
default-threshold reference ('-20.0 dB', spec 4.7 check only):  -24.00 out-in 0.00  -12.00 out-in 0.00  -6.00 out-in -2.99  (default gain is information only)
linear reference (soft end): none
writes landed by: instack 16
processes: 445 run, 0 retried, 0 position(s) failed
write verify: 16 landed, 0 write_unlanded (skipped), in-stack read already matched on 16 of 16, pump slices total 16, longest confirm 3.2 ms, re-rendered 0
hold doubled at positions: none
still moving AFTER doubling (reading not used): none

pos   norm      display        red@-24  red@-12  red@-6    T(peak)   T-display
  0  0.0000    -80.0 dB          --       --       --          --          
  1  0.0667    -44.8 dB          --       --       --          --          
  2  0.1333    -33.9 dB          --       --       --          --          
  3  0.2000    -27.3 dB          --       --       --          --          
  4  0.2667    -22.5 dB          --       --       --          --          
  5  0.3333    -18.7 dB          --       --       --          --          
  6  0.4000    -15.7 dB          --       --       --          --          
  7  0.4667    -13.0 dB          --       --       --          --          
  8  0.5333    -10.8 dB          --       --       --          --          
  9  0.6000    -8.76 dB          --       --       --          --          
 10  0.6667    -6.96 dB          --       --       --          --          
 11  0.7333    -5.32 dB          --       --       --          --          
 12  0.8000    -3.83 dB          --       --       --          --          
 13  0.8667    -2.46 dB          --       --       --          --          
 14  0.9333    -1.19 dB          --       --       --          --          
 15  1.0000    0.00 dB           --       --       --          --          

1 MAP:             flat (no two positions differ by more than 1 dB at any test level) | sense -- | engage -24.00:none -12.00:none -6.00:none
2 engage drift:    null  (not a dB display)   (primary; displayLinear unset until the population decides)
   offset IQR:      null
3 displayOffsetDb: null
fixture: AudioUnit_61516462_14.16.0.json

CANDIDATE [230] Band 4 - Processor 2 - Threshold (flags ) - MDynamicsMBLarge (class bands_or_stages, 22 candidates; the others at their instantiate defaults)
probe: signed EchoJayProbe (feat/ejmap-cert), team 8BT5F9B887, cdhash 7b4d5551560419225f50677353c7e6577542be67
host: EJ Map 0.1.0 / arm64 / 48k (native)
threshold: [230] Band 4 - Processor 2 - Threshold unit 'dB' (class bands_or_stages) | positions 16 (16 evenly spaced), one process each, levels quiet to loud
links as instantiated (recorded, not written): [100] Band 1 - General parameters - Link channels = '100.0%', [135] Band 2 - General parameters - Link channels = '100.0%', [170] Band 3 - General parameters - Link channels = '100.0%', [205] Band 4 - General parameters - Link channels = '100.0%', [240] Band 5 - General parameters - Link channels = '100.0%', [275] Band 6 - General parameters - Link channels = '100.0%'
ratio: 16 controls hold the ratio role | auto make-up disabled: no
default-threshold reference ('-24.1 dB', spec 4.7 check only):  -24.00 out-in 0.00  -12.00 out-in 0.00  -6.00 out-in -2.99  (default gain is information only)
linear reference (soft end): none
writes landed by: instack 16
processes: 445 run, 0 retried, 0 position(s) failed
write verify: 16 landed, 0 write_unlanded (skipped), in-stack read already matched on 16 of 16, pump slices total 16, longest confirm 3.1 ms, re-rendered 0
hold doubled at positions: none
still moving AFTER doubling (reading not used): none

pos   norm      display        red@-24  red@-12  red@-6    T(peak)   T-display
  0  0.0000    -80.0 dB          --       --       --          --          
  1  0.0667    -44.8 dB          --       --       --          --          
  2  0.1333    -33.9 dB          --       --       --          --          
  3  0.2000    -27.3 dB          --       --       --          --          
  4  0.2667    -22.5 dB          --       --       --          --          
  5  0.3333    -18.7 dB          --       --       --          --          
  6  0.4000    -15.7 dB          --       --       --          --          
  7  0.4667    -13.0 dB          --       --       --          --          
  8  0.5333    -10.8 dB          --       --       --          --          
  9  0.6000    -8.76 dB          --       --       --          --          
 10  0.6667    -6.96 dB          --       --       --          --          
 11  0.7333    -5.32 dB          --       --       --          --          
 12  0.8000    -3.83 dB          --       --       --          --          
 13  0.8667    -2.46 dB          --       --       --          --          
 14  0.9333    -1.19 dB          --       --       --          --          
 15  1.0000    0.00 dB           --       --       --          --          

1 MAP:             flat (no two positions differ by more than 1 dB at any test level) | sense -- | engage -24.00:none -12.00:none -6.00:none
2 engage drift:    null  (not a dB display)   (primary; displayLinear unset until the population decides)
   offset IQR:      null
3 displayOffsetDb: null
fixture: AudioUnit_61516462_14.16.0.json

CANDIDATE [255] Band 5 - Gate - Threshold (flags ) - MDynamicsMBLarge (class bands_or_stages, 22 candidates; the others at their instantiate defaults)
probe: signed EchoJayProbe (feat/ejmap-cert), team 8BT5F9B887, cdhash 7b4d5551560419225f50677353c7e6577542be67
host: EJ Map 0.1.0 / arm64 / 48k (native)
threshold: [255] Band 5 - Gate - Threshold unit 'dB' (class bands_or_stages) | positions 16 (16 evenly spaced), one process each, levels quiet to loud
links as instantiated (recorded, not written): [100] Band 1 - General parameters - Link channels = '100.0%', [135] Band 2 - General parameters - Link channels = '100.0%', [170] Band 3 - General parameters - Link channels = '100.0%', [205] Band 4 - General parameters - Link channels = '100.0%', [240] Band 5 - General parameters - Link channels = '100.0%', [275] Band 6 - General parameters - Link channels = '100.0%'
ratio: 16 controls hold the ratio role | auto make-up disabled: no
default-threshold reference ('-28.0 dB', spec 4.7 check only):  -24.00 out-in 0.00  -12.00 out-in 0.00  -6.00 out-in -2.99  (default gain is information only)
linear reference (soft end): none
writes landed by: instack 16
processes: 445 run, 0 retried, 0 position(s) failed
write verify: 16 landed, 0 write_unlanded (skipped), in-stack read already matched on 16 of 16, pump slices total 16, longest confirm 3.2 ms, re-rendered 0
hold doubled at positions: none
still moving AFTER doubling (reading not used): none

pos   norm      display        red@-24  red@-12  red@-6    T(peak)   T-display
  0  0.0000    -80.0 dB          --       --       --          --          
  1  0.0667    -44.8 dB          --       --       --          --          
  2  0.1333    -33.9 dB          --       --       --          --          
  3  0.2000    -27.3 dB          --       --       --          --          
  4  0.2667    -22.5 dB          --       --       --          --          
  5  0.3333    -18.7 dB          --       --       --          --          
  6  0.4000    -15.7 dB          --       --       --          --          
  7  0.4667    -13.0 dB          --       --       --          --          
  8  0.5333    -10.8 dB          --       --       --          --          
  9  0.6000    -8.76 dB          --       --       --          --          
 10  0.6667    -6.96 dB          --       --       --          --          
 11  0.7333    -5.32 dB          --       --       --          --          
 12  0.8000    -3.83 dB          --       --       --          --          
 13  0.8667    -2.46 dB          --       --       --          --          
 14  0.9333    -1.19 dB          --       --       --          --          
 15  1.0000    0.00 dB           --       --       --          --          

1 MAP:             flat (no two positions differ by more than 1 dB at any test level) | sense -- | engage -24.00:none -12.00:none -6.00:none
2 engage drift:    null  (not a dB display)   (primary; displayLinear unset until the population decides)
   offset IQR:      null
3 displayOffsetDb: null
fixture: AudioUnit_61516462_14.16.0.json

CANDIDATE [260] Band 5 - Processor 1 - Threshold (flags ) - MDynamicsMBLarge (class bands_or_stages, 22 candidates; the others at their instantiate defaults)
probe: signed EchoJayProbe (feat/ejmap-cert), team 8BT5F9B887, cdhash 7b4d5551560419225f50677353c7e6577542be67
host: EJ Map 0.1.0 / arm64 / 48k (native)
threshold: [260] Band 5 - Processor 1 - Threshold unit 'dB' (class bands_or_stages) | positions 16 (16 evenly spaced), one process each, levels quiet to loud
links as instantiated (recorded, not written): [100] Band 1 - General parameters - Link channels = '100.0%', [135] Band 2 - General parameters - Link channels = '100.0%', [170] Band 3 - General parameters - Link channels = '100.0%', [205] Band 4 - General parameters - Link channels = '100.0%', [240] Band 5 - General parameters - Link channels = '100.0%', [275] Band 6 - General parameters - Link channels = '100.0%'
ratio: 16 controls hold the ratio role | auto make-up disabled: no
default-threshold reference ('-12.0 dB', spec 4.7 check only):  -24.00 out-in 0.00  -12.00 out-in 0.00  -6.00 out-in -2.99  (default gain is information only)
linear reference (soft end): none
writes landed by: instack 16
processes: 445 run, 0 retried, 0 position(s) failed
write verify: 16 landed, 0 write_unlanded (skipped), in-stack read already matched on 16 of 16, pump slices total 16, longest confirm 3.1 ms, re-rendered 0
hold doubled at positions: none
still moving AFTER doubling (reading not used): none

pos   norm      display        red@-24  red@-12  red@-6    T(peak)   T-display
  0  0.0000    -80.0 dB          --       --       --          --          
  1  0.0667    -44.8 dB          --       --       --          --          
  2  0.1333    -33.9 dB          --       --       --          --          
  3  0.2000    -27.3 dB          --       --       --          --          
  4  0.2667    -22.5 dB          --       --       --          --          
  5  0.3333    -18.7 dB          --       --       --          --          
  6  0.4000    -15.7 dB          --       --       --          --          
  7  0.4667    -13.0 dB          --       --       --          --          
  8  0.5333    -10.8 dB          --       --       --          --          
  9  0.6000    -8.76 dB          --       --       --          --          
 10  0.6667    -6.96 dB          --       --       --          --          
 11  0.7333    -5.32 dB          --       --       --          --          
 12  0.8000    -3.83 dB          --       --       --          --          
 13  0.8667    -2.46 dB          --       --       --          --          
 14  0.9333    -1.19 dB          --       --       --          --          
 15  1.0000    0.00 dB           --       --       --          --          

1 MAP:             flat (no two positions differ by more than 1 dB at any test level) | sense -- | engage -24.00:none -12.00:none -6.00:none
2 engage drift:    null  (not a dB display)   (primary; displayLinear unset until the population decides)
   offset IQR:      null
3 displayOffsetDb: null
fixture: AudioUnit_61516462_14.16.0.json

CANDIDATE [265] Band 5 - Processor 2 - Threshold (flags ) - MDynamicsMBLarge (class bands_or_stages, 22 candidates; the others at their instantiate defaults)
probe: signed EchoJayProbe (feat/ejmap-cert), team 8BT5F9B887, cdhash 7b4d5551560419225f50677353c7e6577542be67
host: EJ Map 0.1.0 / arm64 / 48k (native)
threshold: [265] Band 5 - Processor 2 - Threshold unit 'dB' (class bands_or_stages) | positions 16 (16 evenly spaced), one process each, levels quiet to loud
links as instantiated (recorded, not written): [100] Band 1 - General parameters - Link channels = '100.0%', [135] Band 2 - General parameters - Link channels = '100.0%', [170] Band 3 - General parameters - Link channels = '100.0%', [205] Band 4 - General parameters - Link channels = '100.0%', [240] Band 5 - General parameters - Link channels = '100.0%', [275] Band 6 - General parameters - Link channels = '100.0%'
ratio: 16 controls hold the ratio role | auto make-up disabled: no
default-threshold reference ('-24.1 dB', spec 4.7 check only):  -24.00 out-in 0.00  -12.00 out-in 0.00  -6.00 out-in -2.99  (default gain is information only)
linear reference (soft end): none
writes landed by: instack 16
processes: 445 run, 0 retried, 0 position(s) failed
write verify: 16 landed, 0 write_unlanded (skipped), in-stack read already matched on 16 of 16, pump slices total 16, longest confirm 3.1 ms, re-rendered 0
hold doubled at positions: none
still moving AFTER doubling (reading not used): none

pos   norm      display        red@-24  red@-12  red@-6    T(peak)   T-display
  0  0.0000    -80.0 dB          --       --       --          --          
  1  0.0667    -44.8 dB          --       --       --          --          
  2  0.1333    -33.9 dB          --       --       --          --          
  3  0.2000    -27.3 dB          --       --       --          --          
  4  0.2667    -22.5 dB          --       --       --          --          
  5  0.3333    -18.7 dB          --       --       --          --          
  6  0.4000    -15.7 dB          --       --       --          --          
  7  0.4667    -13.0 dB          --       --       --          --          
  8  0.5333    -10.8 dB          --       --       --          --          
  9  0.6000    -8.76 dB          --       --       --          --          
 10  0.6667    -6.96 dB          --       --       --          --          
 11  0.7333    -5.32 dB          --       --       --          --          
 12  0.8000    -3.83 dB          --       --       --          --          
 13  0.8667    -2.46 dB          --       --       --          --          
 14  0.9333    -1.19 dB          --       --       --          --          
 15  1.0000    0.00 dB           --       --       --          --          

1 MAP:             unreadable (the ends agree within 1 dB at every level but positions between them differ by 1.78 dB: the response is not across the sweep) | sense -- | engage -24.00:none -12.00:none -6.00:none
2 engage drift:    null  (not a dB display)   (primary; displayLinear unset until the population decides)
   offset IQR:      null
3 displayOffsetDb: null
fixture: AudioUnit_61516462_14.16.0.json

CANDIDATE [290] Band 6 - Gate - Threshold (flags ) - MDynamicsMBLarge (class bands_or_stages, 22 candidates; the others at their instantiate defaults)
probe: signed EchoJayProbe (feat/ejmap-cert), team 8BT5F9B887, cdhash 7b4d5551560419225f50677353c7e6577542be67
host: EJ Map 0.1.0 / arm64 / 48k (native)
threshold: [290] Band 6 - Gate - Threshold unit 'dB' (class bands_or_stages) | positions 16 (16 evenly spaced), one process each, levels quiet to loud
links as instantiated (recorded, not written): [100] Band 1 - General parameters - Link channels = '100.0%', [135] Band 2 - General parameters - Link channels = '100.0%', [170] Band 3 - General parameters - Link channels = '100.0%', [205] Band 4 - General parameters - Link channels = '100.0%', [240] Band 5 - General parameters - Link channels = '100.0%', [275] Band 6 - General parameters - Link channels = '100.0%'
ratio: 16 controls hold the ratio role | auto make-up disabled: no
default-threshold reference ('-28.0 dB', spec 4.7 check only):  -24.00 out-in 0.00  -12.00 out-in 0.00  -6.00 out-in -2.99  (default gain is information only)
linear reference (soft end): none
writes landed by: instack 16
processes: 445 run, 0 retried, 0 position(s) failed
write verify: 16 landed, 0 write_unlanded (skipped), in-stack read already matched on 16 of 16, pump slices total 16, longest confirm 3.1 ms, re-rendered 0
hold doubled at positions: none
still moving AFTER doubling (reading not used): none

pos   norm      display        red@-24  red@-12  red@-6    T(peak)   T-display
  0  0.0000    -80.0 dB          --       --       --          --          
  1  0.0667    -44.8 dB          --       --       --          --          
  2  0.1333    -33.9 dB          --       --       --          --          
  3  0.2000    -27.3 dB          --       --       --          --          
  4  0.2667    -22.5 dB          --       --       --          --          
  5  0.3333    -18.7 dB          --       --       --          --          
  6  0.4000    -15.7 dB          --       --       --          --          
  7  0.4667    -13.0 dB          --       --       --          --          
  8  0.5333    -10.8 dB          --       --       --          --          
  9  0.6000    -8.76 dB          --       --       --          --          
 10  0.6667    -6.96 dB          --       --       --          --          
 11  0.7333    -5.32 dB          --       --       --          --          
 12  0.8000    -3.83 dB          --       --       --          --          
 13  0.8667    -2.46 dB          --       --       --          --          
 14  0.9333    -1.19 dB          --       --       --          --          
 15  1.0000    0.00 dB           --       --       --          --          

1 MAP:             unreadable (the ends agree within 1 dB at every level but positions between them differ by 1.78 dB: the response is not across the sweep) | sense -- | engage -24.00:none -12.00:none -6.00:none
2 engage drift:    null  (not a dB display)   (primary; displayLinear unset until the population decides)
   offset IQR:      null
3 displayOffsetDb: null
fixture: AudioUnit_61516462_14.16.0.json

CANDIDATE [295] Band 6 - Processor 1 - Threshold (flags ) - MDynamicsMBLarge (class bands_or_stages, 22 candidates; the others at their instantiate defaults)
probe: signed EchoJayProbe (feat/ejmap-cert), team 8BT5F9B887, cdhash 7b4d5551560419225f50677353c7e6577542be67
host: EJ Map 0.1.0 / arm64 / 48k (native)
threshold: [295] Band 6 - Processor 1 - Threshold unit 'dB' (class bands_or_stages) | positions 16 (16 evenly spaced), one process each, levels quiet to loud
links as instantiated (recorded, not written): [100] Band 1 - General parameters - Link channels = '100.0%', [135] Band 2 - General parameters - Link channels = '100.0%', [170] Band 3 - General parameters - Link channels = '100.0%', [205] Band 4 - General parameters - Link channels = '100.0%', [240] Band 5 - General parameters - Link channels = '100.0%', [275] Band 6 - General parameters - Link channels = '100.0%'
ratio: 16 controls hold the ratio role | auto make-up disabled: no
default-threshold reference ('-12.0 dB', spec 4.7 check only):  -24.00 out-in 0.00  -12.00 out-in 0.00  -6.00 out-in -2.99  (default gain is information only)
linear reference (soft end): none
writes landed by: instack 16
processes: 445 run, 0 retried, 0 position(s) failed
write verify: 16 landed, 0 write_unlanded (skipped), in-stack read already matched on 16 of 16, pump slices total 16, longest confirm 3.1 ms, re-rendered 0
hold doubled at positions: none
still moving AFTER doubling (reading not used): none

pos   norm      display        red@-24  red@-12  red@-6    T(peak)   T-display
  0  0.0000    -80.0 dB          --       --       --          --          
  1  0.0667    -44.8 dB          --       --       --          --          
  2  0.1333    -33.9 dB          --       --       --          --          
  3  0.2000    -27.3 dB          --       --       --          --          
  4  0.2667    -22.5 dB          --       --       --          --          
  5  0.3333    -18.7 dB          --       --       --          --          
  6  0.4000    -15.7 dB          --       --       --          --          
  7  0.4667    -13.0 dB          --       --       --          --          
  8  0.5333    -10.8 dB          --       --       --          --          
  9  0.6000    -8.76 dB          --       --       --          --          
 10  0.6667    -6.96 dB          --       --       --          --          
 11  0.7333    -5.32 dB          --       --       --          --          
 12  0.8000    -3.83 dB          --       --       --          --          
 13  0.8667    -2.46 dB          --       --       --          --          
 14  0.9333    -1.19 dB          --       --       --          --          
 15  1.0000    0.00 dB           --       --       --          --          

1 MAP:             unreadable (the ends agree within 1 dB at every level but positions between them differ by 1.78 dB: the response is not across the sweep) | sense -- | engage -24.00:none -12.00:none -6.00:none
2 engage drift:    null  (not a dB display)   (primary; displayLinear unset until the population decides)
   offset IQR:      null
3 displayOffsetDb: null
fixture: AudioUnit_61516462_14.16.0.json

CANDIDATE [300] Band 6 - Processor 2 - Threshold (flags ) - MDynamicsMBLarge (class bands_or_stages, 22 candidates; the others at their instantiate defaults)
probe: signed EchoJayProbe (feat/ejmap-cert), team 8BT5F9B887, cdhash 7b4d5551560419225f50677353c7e6577542be67
host: EJ Map 0.1.0 / arm64 / 48k (native)
threshold: [300] Band 6 - Processor 2 - Threshold unit 'dB' (class bands_or_stages) | positions 16 (16 evenly spaced), one process each, levels quiet to loud
links as instantiated (recorded, not written): [100] Band 1 - General parameters - Link channels = '100.0%', [135] Band 2 - General parameters - Link channels = '100.0%', [170] Band 3 - General parameters - Link channels = '100.0%', [205] Band 4 - General parameters - Link channels = '100.0%', [240] Band 5 - General parameters - Link channels = '100.0%', [275] Band 6 - General parameters - Link channels = '100.0%'
ratio: 16 controls hold the ratio role | auto make-up disabled: no
default-threshold reference ('-24.1 dB', spec 4.7 check only):  -24.00 out-in 0.00  -12.00 out-in 0.00  -6.00 out-in -2.99  (default gain is information only)
linear reference (soft end): none
writes landed by: instack 16
processes: 445 run, 0 retried, 0 position(s) failed
write verify: 16 landed, 0 write_unlanded (skipped), in-stack read already matched on 16 of 16, pump slices total 16, longest confirm 3.1 ms, re-rendered 0
hold doubled at positions: none
still moving AFTER doubling (reading not used): none

pos   norm      display        red@-24  red@-12  red@-6    T(peak)   T-display
  0  0.0000    -80.0 dB          --       --       --          --          
  1  0.0667    -44.8 dB          --       --       --          --          
  2  0.1333    -33.9 dB          --       --       --          --          
  3  0.2000    -27.3 dB          --       --       --          --          
  4  0.2667    -22.5 dB          --       --       --          --          
  5  0.3333    -18.7 dB          --       --       --          --          
  6  0.4000    -15.7 dB          --       --       --          --          
  7  0.4667    -13.0 dB          --       --       --          --          
  8  0.5333    -10.8 dB          --       --       --          --          
  9  0.6000    -8.76 dB          --       --       --          --          
 10  0.6667    -6.96 dB          --       --       --          --          
 11  0.7333    -5.32 dB          --       --       --          --          
 12  0.8000    -3.83 dB          --       --       --          --          
 13  0.8667    -2.46 dB          --       --       --          --          
 14  0.9333    -1.19 dB          --       --       --          --          
 15  1.0000    0.00 dB           --       --       --          --          

1 MAP:             flat (no two positions differ by more than 1 dB at any test level) | sense -- | engage -24.00:none -12.00:none -6.00:none
2 engage drift:    null  (not a dB display)   (primary; displayLinear unset until the population decides)
   offset IQR:      null
3 displayOffsetDb: null
fixture: AudioUnit_61516462_14.16.0.json

--- exit=0   14:27:44   ilok=[0x00130000 / 1]
=== [19] SPL IRON   14:27:44   ilok=[0x00130000 / 1]   power='AC Power'
  sweeping SPL IRON candidate [22] Threshold L (unseen version 1.6.1: defaults sampled first) - 1 reference + 41 position processes
  soft end has no linear anchor (the soft end is not linear: its gain spans 1.07 dB across the levels, 11.0% of the 9.74 dB response (bar 8.3%)): re-sweeping with the quiet-level reference
  sweeping SPL IRON candidate [22] Threshold L (unseen version 1.6.1: defaults sampled first) - 1 reference + 41 position processes
  sweeping SPL IRON candidate [34] Threshold R (unseen version 1.6.1: defaults sampled first) - 1 reference + 41 position processes
  soft end has no linear anchor (the soft end is not linear: its gain spans 1.07 dB across the levels, 11.0% of the 9.74 dB response (bar 8.3%)): re-sweeping with the quiet-level reference
  sweeping SPL IRON candidate [34] Threshold R (unseen version 1.6.1: defaults sampled first) - 1 reference + 41 position processes
CANDIDATE [22] Threshold L (flags ) - SPL IRON (class channels_lr, 2 candidates; the others at their instantiate defaults)
probe: signed EchoJayProbe (feat/ejmap-cert), team 8BT5F9B887, cdhash 7b4d5551560419225f50677353c7e6577542be67
host: EJ Map 0.1.0 / arm64 / 48k (native)
threshold: [22] Threshold L unit '' (class channels_lr) | positions 41 (every step), one process each, levels quiet to loud
links as instantiated (recorded, not written): [8] Link = 'On', [9] SC Link = 'Off'
ratio: no control holds the ratio role | auto make-up disabled: no
default-threshold reference ('0.0', spec 4.7 check only):  -24.00 out-in 1.87  -12.00 out-in 1.39  -6.00 out-in 0.79  (default gain is information only)
linear reference: each position's own gain at -48, checked against -54 (must differ by 6 dB within 0.1): 0.00 0.00 0.00 0.00 0.00 0.00 0.00 -0.01 -0.01 -0.02 0.00 0.00 0.00 0.00 0.00 -0.00 -0.03 -0.05 -0.04 -0.03 -0.05 -0.06 -0.06 -0.05 -0.02 -0.00 0.00 0.00 0.00 0.00 0.00 0.00 -0.00 -0.01 -0.01 -0.02 -0.02 -0.02 -0.03 -0.03 -0.03
writes landed by: instack 41
processes: 171 run, 0 retried, 0 position(s) failed
write verify: 41 landed, 0 write_unlanded (skipped), in-stack read already matched on 41 of 41, pump slices total 41, longest confirm 3.1 ms, re-rendered 0
hold doubled at positions: none
still moving AFTER doubling (reading not used): none

pos   norm      display        red@-24  red@-12  red@-6    T(peak)   T-display
  0  0.0000    0.0             0.17     0.64     1.24          --          
  1  0.0250    +1.0            0.17     0.64     1.24          --          
  2  0.0500    +2.0            0.17     0.65     1.25          --          
  3  0.0750    +3.0            0.17     0.66     1.28          --          
  4  0.1000    +4.0            0.18     0.68     1.30          --          
  5  0.1250    +5.0            0.19     0.71     1.35          --          
  6  0.1500    +6.0            0.20     0.73     1.39          --          
  7  0.1750    +7.0            0.21     0.76     1.45          --          
  8  0.2000    +8.0            0.20     0.79     1.53          --          
  9  0.2250    +9.0            0.20     0.87     1.70          --          
 10  0.2500    +10.0           0.22     0.99     1.95          --          
 11  0.2750    +11.0           0.27     1.16     2.29          --          
 12  0.3000    +12.0           0.34     1.36     2.99          --          
 13  0.3250    +13.0           0.40     1.55     3.63          --          
 14  0.3500    +14.0           0.46     1.77     4.14          --          
 15  0.3750    +15.0           0.52     2.09     4.60          --          
 16  0.4000    +16.0           0.55     2.43     5.00          --          
 17  0.4250    +17.0           0.58     2.75     5.38          --          
 18  0.4500    +18.0           0.64     3.12     5.78          --          
 19  0.4750    +19.0           0.67     3.42     6.13          --          
 20  0.5000    +20.0           0.72     3.68     6.49          --          
 21  0.5250    +21.0           0.78     3.98     6.86          --          
 22  0.5500    +22.0           0.83     4.22     7.13          --          
 23  0.5750    +23.0           0.90     4.50     7.46          --          
 24  0.6000    +24.0           0.97     4.79     7.78          --          
 25  0.6250    +25.0           1.04     5.06     8.09          --          
 26  0.6500    +26.0           1.11     5.33     8.41          --          
 27  0.6750    +27.0           1.19     5.61     8.74          --          
 28  0.7000    +28.0           1.28     5.90     9.08          --          
 29  0.7250    +29.0           1.36     6.16     9.38          --          
 30  0.7500    +30.0           1.45     6.40     9.68          --          
 31  0.7750    +31.0           1.57     6.64    10.00          --          
 32  0.8000    +32.0           1.69     6.82    10.24          --          
 33  0.8250    +33.0           1.79     6.94    10.41          --          
 34  0.8500    +34.0           1.84     7.00    10.50          --          
 35  0.8750    +35.0           1.89     7.06    10.59          --          
 36  0.9000    +36.0           1.90     7.08    10.62          --          
 37  0.9250    +37.0           1.92     7.11    10.66          --          
 38  0.9500    +38.0           1.94     7.13    10.70          --          
 39  0.9750    +39.0           1.95     7.15    10.71          --          
 40  1.0000    +40.0           1.95     7.15    10.72          --          

1 MAP:             certified (ratio unknown (no ratio control): no dB-equivalent map) | sense higher_is_harder | engage -24.00:15 -12.00:0 -6.00:0
2 engage drift:    null  (not a dB display)   (primary; displayLinear unset until the population decides)
   offset IQR:      null
3 displayOffsetDb: null
fixture: AudioUnit_6175631b_1.6.1.json

CANDIDATE [34] Threshold R (flags ) - SPL IRON (class channels_lr, 2 candidates; the others at their instantiate defaults)
probe: signed EchoJayProbe (feat/ejmap-cert), team 8BT5F9B887, cdhash 7b4d5551560419225f50677353c7e6577542be67
host: EJ Map 0.1.0 / arm64 / 48k (native)
threshold: [34] Threshold R unit '' (class channels_lr) | positions 41 (every step), one process each, levels quiet to loud
links as instantiated (recorded, not written): [8] Link = 'On', [9] SC Link = 'Off'
ratio: no control holds the ratio role | auto make-up disabled: no
default-threshold reference ('0.0', spec 4.7 check only):  -24.00 out-in 1.87  -12.00 out-in 1.39  -6.00 out-in 0.79  (default gain is information only)
linear reference: each position's own gain at -48, checked against -54 (must differ by 6 dB within 0.1): 0.00 0.00 0.00 0.00 0.00 0.00 0.00 -0.01 -0.01 -0.02 0.00 0.00 0.00 0.00 0.00 -0.00 -0.03 -0.05 -0.04 -0.03 -0.05 -0.06 -0.06 -0.05 -0.02 -0.00 0.00 0.00 0.00 0.00 0.00 0.00 -0.00 -0.01 -0.01 -0.02 -0.02 -0.02 -0.03 -0.03 -0.03
writes landed by: instack 41
processes: 171 run, 0 retried, 0 position(s) failed
write verify: 41 landed, 0 write_unlanded (skipped), in-stack read already matched on 41 of 41, pump slices total 41, longest confirm 3.1 ms, re-rendered 0
hold doubled at positions: none
still moving AFTER doubling (reading not used): none

pos   norm      display        red@-24  red@-12  red@-6    T(peak)   T-display
  0  0.0000    0.0             0.17     0.64     1.24          --          
  1  0.0250    +1.0            0.17     0.64     1.24          --          
  2  0.0500    +2.0            0.17     0.65     1.25          --          
  3  0.0750    +3.0            0.17     0.66     1.28          --          
  4  0.1000    +4.0            0.18     0.68     1.30          --          
  5  0.1250    +5.0            0.19     0.71     1.35          --          
  6  0.1500    +6.0            0.20     0.73     1.39          --          
  7  0.1750    +7.0            0.21     0.76     1.45          --          
  8  0.2000    +8.0            0.20     0.79     1.53          --          
  9  0.2250    +9.0            0.20     0.87     1.70          --          
 10  0.2500    +10.0           0.22     0.99     1.95          --          
 11  0.2750    +11.0           0.27     1.16     2.29          --          
 12  0.3000    +12.0           0.34     1.36     2.99          --          
 13  0.3250    +13.0           0.40     1.55     3.63          --          
 14  0.3500    +14.0           0.46     1.77     4.14          --          
 15  0.3750    +15.0           0.52     2.09     4.60          --          
 16  0.4000    +16.0           0.55     2.43     5.00          --          
 17  0.4250    +17.0           0.58     2.75     5.38          --          
 18  0.4500    +18.0           0.64     3.12     5.78          --          
 19  0.4750    +19.0           0.67     3.42     6.13          --          
 20  0.5000    +20.0           0.72     3.68     6.49          --          
 21  0.5250    +21.0           0.78     3.98     6.86          --          
 22  0.5500    +22.0           0.83     4.22     7.13          --          
 23  0.5750    +23.0           0.90     4.50     7.46          --          
 24  0.6000    +24.0           0.97     4.79     7.78          --          
 25  0.6250    +25.0           1.04     5.06     8.09          --          
 26  0.6500    +26.0           1.11     5.33     8.41          --          
 27  0.6750    +27.0           1.19     5.61     8.74          --          
 28  0.7000    +28.0           1.28     5.90     9.08          --          
 29  0.7250    +29.0           1.36     6.16     9.38          --          
 30  0.7500    +30.0           1.45     6.40     9.68          --          
 31  0.7750    +31.0           1.57     6.64    10.00          --          
 32  0.8000    +32.0           1.69     6.82    10.24          --          
 33  0.8250    +33.0           1.79     6.94    10.41          --          
 34  0.8500    +34.0           1.84     7.00    10.50          --          
 35  0.8750    +35.0           1.89     7.06    10.59          --          
 36  0.9000    +36.0           1.90     7.08    10.62          --          
 37  0.9250    +37.0           1.92     7.11    10.66          --          
 38  0.9500    +38.0           1.94     7.13    10.70          --          
 39  0.9750    +39.0           1.95     7.15    10.71          --          
 40  1.0000    +40.0           1.95     7.15    10.72          --          

1 MAP:             certified (ratio unknown (no ratio control): no dB-equivalent map) | sense higher_is_harder | engage -24.00:15 -12.00:0 -6.00:0
2 engage drift:    null  (not a dB display)   (primary; displayLinear unset until the population decides)
   offset IQR:      null
3 displayOffsetDb: null
fixture: AudioUnit_6175631b_1.6.1.json

--- exit=0   14:29:20   ilok=[0x00130000 / 1]
=== [20] Lindell 254E   14:29:21   ilok=[0x00130000 / 1]   power='AC Power'
  sweeping Lindell 254E (unseen version 1.2.2: defaults sampled first) - 1 reference + 16 position processes
  soft end has no linear anchor (the soft end is not linear: its gain spans 2.95 dB across the levels, 15.8% of the 18.74 dB response (bar 8.3%)): re-sweeping with the quiet-level reference
  sweeping Lindell 254E candidate [7] Threshold (unseen version 1.2.2: defaults sampled first) - 1 reference + 16 position processes
EJ Map threshold sweep - Lindell 254E -> AudioUnit_6f457233_1.2.2.json  (DISCOVERED: mapped (server map state 3); no fixture existed)
probe: signed EchoJayProbe (feat/ejmap-cert), team 8BT5F9B887, cdhash 7b4d5551560419225f50677353c7e6577542be67
host: EJ Map 0.1.0 / arm64 / 48k (native)
threshold: [7] Threshold unit 'dBu' (class single_threshold) | positions 16 (16 evenly spaced), one process each, levels quiet to loud
ratio: [6] ran at '3:1' -> 3 | auto make-up disabled: no
default-threshold reference ('-4dBu', spec 4.7 check only):  -24.00 out-in 1.89  -12.00 out-in -4.02  -6.00 out-in -7.87  (default gain is information only)
linear reference: each position's own gain at -48, checked against -54 (must differ by 6 dB within 0.1): 0.00 0.00 0.00 0.00 0.00 0.00 0.00 0.00 0.00 0.00 0.00 0.00 0.00 0.00 0.00 0.00
writes landed by: instack 16
processes: 37 run, 0 retried, 0 position(s) failed
write verify: 16 landed, 0 write_unlanded (skipped), in-stack read already matched on 16 of 16, pump slices total 16, longest confirm 3.1 ms, re-rendered 0
hold doubled at positions: 0,1
still moving AFTER doubling (reading not used): none

pos   norm      display        red@-24  red@-12  red@-6    T(peak)   T-display
  0  0.0000    -20dBu          8.83    17.17    21.70       -37.2          
  1  0.0667    -18dBu          7.57    15.70    20.18       -35.4          
  2  0.1333    -16dBu          6.12    14.23    18.69       -33.2          
  3  0.2000    -14dBu          5.10    12.79    17.22       -31.7          
  4  0.2667    -12dBu          4.27    11.37    15.75       -29.7          
  5  0.3333    -10dBu          3.63     9.99    14.30       -28.2          
  6  0.4000    -8dBu           2.95     8.65    12.87       -26.7          
  7  0.4667    -6dBu           1.91     7.35    11.46       -23.2          
  8  0.5333    -4dBu           0.38     6.14    10.08       -21.2          
  9  0.6000    -2dBu           0.00     5.10     8.74       -19.4          
 10  0.6667    0dBu           -0.00     4.27     7.48       -17.8          
 11  0.7333    2dBu           -0.00     3.63     6.30       -16.4          
 12  0.8000    4dBu           -0.00     2.95     5.24       -15.1          
 13  0.8667    6dBu           -0.00     1.91     4.35       -13.7          
 14  0.9333    8dBu           -0.00     0.38     3.65       -11.5          
 15  1.0000    10dBu          -0.00     0.00     2.95       -10.4          

1 MAP:             certified | sense lower_is_harder | engage -24.00:7 -12.00:13 -6.00:15
2 engage drift:    null  (not a dB display)   (primary; displayLinear unset until the population decides)
   offset IQR:      null
3 displayOffsetDb: null
fixture: AudioUnit_6f457233_1.2.2.json
--- exit=0   14:29:47   ilok=[0x00130000 / 1]
=== [21] Lindell 354E   14:29:47   ilok=[0x00130000 / 1]   power='AC Power'
  sweeping Lindell 354E candidate [6] Low Threshold (unseen version 1.0.4: defaults sampled first) - 1 reference + 16 position processes
  sweeping Lindell 354E candidate [15] Mid Threshold (unseen version 1.0.4: defaults sampled first) - 1 reference + 16 position processes
  soft end has no linear anchor (the soft end is not linear: its gain spans 2.67 dB across the levels, 17.0% of the 15.71 dB response (bar 8.3%)): re-sweeping with the quiet-level reference
  sweeping Lindell 354E candidate [15] Mid Threshold (unseen version 1.0.4: defaults sampled first) - 1 reference + 16 position processes
  sweeping Lindell 354E candidate [24] High Threshold (unseen version 1.0.4: defaults sampled first) - 1 reference + 16 position processes
CANDIDATE [6] Low Threshold (flags ) - Lindell 354E (class bands_or_stages, 3 candidates; the others at their instantiate defaults)
probe: signed EchoJayProbe (feat/ejmap-cert), team 8BT5F9B887, cdhash 7b4d5551560419225f50677353c7e6577542be67
host: EJ Map 0.1.0 / arm64 / 48k (native)
threshold: [6] Low Threshold unit 'dB' (class bands_or_stages) | positions 16 (16 evenly spaced), one process each, levels quiet to loud
links as instantiated (recorded, not written): [34] Link = 'Off'
ratio: 3 controls hold the ratio role | auto make-up disabled: no
default-threshold reference ('-4.0dB', spec 4.7 check only):  -24.00 out-in 2.24  -12.00 out-in -3.22  -6.00 out-in -6.90  (default gain is information only)
linear reference (soft end): none
writes landed by: instack 16
processes: 71 run, 0 retried, 0 position(s) failed
write verify: 16 landed, 0 write_unlanded (skipped), in-stack read already matched on 16 of 16, pump slices total 16, longest confirm 3.1 ms, re-rendered 0
hold doubled at positions: none
still moving AFTER doubling (reading not used): none

pos   norm      display        red@-24  red@-12  red@-6    T(peak)   T-display
  0  0.0000    -20.0dB           --       --       --          --          
  1  0.0667    -18.0dB           --       --       --          --          
  2  0.1333    -16.0dB           --       --       --          --          
  3  0.2000    -14.0dB           --       --       --          --          
  4  0.2667    -12.0dB           --       --       --          --          
  5  0.3333    -10.0dB           --       --       --          --          
  6  0.4000    -8.0dB            --       --       --          --          
  7  0.4667    -6.0dB            --       --       --          --          
  8  0.5333    -4.0dB            --       --       --          --          
  9  0.6000    -2.0dB            --       --       --          --          
 10  0.6667    0.0dB             --       --       --          --          
 11  0.7333    2.0dB             --       --       --          --          
 12  0.8000    4.0dB             --       --       --          --          
 13  0.8667    6.0dB             --       --       --          --          
 14  0.9333    8.0dB             --       --       --          --          
 15  1.0000    10.0dB            --       --       --          --          

1 MAP:             flat (no two positions differ by more than 1 dB at any test level) | sense -- | engage -24.00:none -12.00:none -6.00:none
2 engage drift:    null  (not a dB display)   (primary; displayLinear unset until the population decides)
   offset IQR:      null
3 displayOffsetDb: null
fixture: AudioUnit_6f457234_1.0.4.json

CANDIDATE [15] Mid Threshold (flags ) - Lindell 354E (class bands_or_stages, 3 candidates; the others at their instantiate defaults)
probe: signed EchoJayProbe (feat/ejmap-cert), team 8BT5F9B887, cdhash 7b4d5551560419225f50677353c7e6577542be67
host: EJ Map 0.1.0 / arm64 / 48k (native)
threshold: [15] Mid Threshold unit 'dB' (class bands_or_stages) | positions 16 (16 evenly spaced), one process each, levels quiet to loud
links as instantiated (recorded, not written): [34] Link = 'Off'
ratio: 3 controls hold the ratio role | auto make-up disabled: no
default-threshold reference ('-4.0dB', spec 4.7 check only):  -24.00 out-in 2.23  -12.00 out-in -3.22  -6.00 out-in -6.90  (default gain is information only)
linear reference: each position's own gain at -48, checked against -54 (must differ by 6 dB within 0.1): 0.00 0.00 0.00 0.00 0.00 0.00 0.00 0.00 0.00 0.00 0.00 0.00 0.00 0.00 0.00 0.00
writes landed by: instack 16
processes: 71 run, 0 retried, 0 position(s) failed
write verify: 16 landed, 0 write_unlanded (skipped), in-stack read already matched on 16 of 16, pump slices total 16, longest confirm 3.1 ms, re-rendered 0
hold doubled at positions: none
still moving AFTER doubling (reading not used): none

pos   norm      display        red@-24  red@-12  red@-6    T(peak)   T-display
  0  0.0000    -20.0dB         7.41    14.35    18.37          --          
  1  0.0667    -18.0dB         6.34    13.27    17.32          --          
  2  0.1333    -16.0dB         5.35    12.14    16.23          --          
  3  0.2000    -14.0dB         4.47    11.00    15.09          --          
  4  0.2667    -12.0dB         3.77     9.84    13.93          --          
  5  0.3333    -10.0dB         3.21     8.68    12.73          --          
  6  0.4000    -8.0dB          2.50     7.53    11.53          --          
  7  0.4667    -6.0dB          1.37     6.40    10.31          --          
  8  0.5333    -4.0dB          0.04     5.35     9.10          --          
  9  0.6000    -2.0dB         -0.00     4.47     7.92          --          
 10  0.6667    0.0dB          -0.00     3.77     6.79          --          
 11  0.7333    2.0dB          -0.00     3.21     5.74          --          
 12  0.8000    4.0dB          -0.00     2.50     4.80          --          
 13  0.8667    6.0dB          -0.00     1.37     4.03          --          
 14  0.9333    8.0dB          -0.00     0.04     3.40          --          
 15  1.0000    10.0dB         -0.00    -0.00     2.67          --          

1 MAP:             certified (ratio unknown (no ratio control): no dB-equivalent map) | sense lower_is_harder | engage -24.00:7 -12.00:13 -6.00:15
2 engage drift:    2.36  -12.00:19.54  -24.00:19.54  -6.00:21.90   (primary; displayLinear unset until the population decides)
   offset IQR:      null
3 displayOffsetDb: null
fixture: AudioUnit_6f457234_1.0.4.json

CANDIDATE [24] High Threshold (flags ) - Lindell 354E (class bands_or_stages, 3 candidates; the others at their instantiate defaults)
probe: signed EchoJayProbe (feat/ejmap-cert), team 8BT5F9B887, cdhash 7b4d5551560419225f50677353c7e6577542be67
host: EJ Map 0.1.0 / arm64 / 48k (native)
threshold: [24] High Threshold unit 'dB' (class bands_or_stages) | positions 16 (16 evenly spaced), one process each, levels quiet to loud
links as instantiated (recorded, not written): [34] Link = 'Off'
ratio: 3 controls hold the ratio role | auto make-up disabled: no
default-threshold reference ('-4.0dB', spec 4.7 check only):  -24.00 out-in 2.24  -12.00 out-in -3.22  -6.00 out-in -6.90  (default gain is information only)
linear reference (soft end): none
writes landed by: instack 16
processes: 71 run, 0 retried, 0 position(s) failed
write verify: 16 landed, 0 write_unlanded (skipped), in-stack read already matched on 16 of 16, pump slices total 16, longest confirm 3.1 ms, re-rendered 0
hold doubled at positions: none
still moving AFTER doubling (reading not used): none

pos   norm      display        red@-24  red@-12  red@-6    T(peak)   T-display
  0  0.0000    -20.0dB           --       --       --          --          
  1  0.0667    -18.0dB           --       --       --          --          
  2  0.1333    -16.0dB           --       --       --          --          
  3  0.2000    -14.0dB           --       --       --          --          
  4  0.2667    -12.0dB           --       --       --          --          
  5  0.3333    -10.0dB           --       --       --          --          
  6  0.4000    -8.0dB            --       --       --          --          
  7  0.4667    -6.0dB            --       --       --          --          
  8  0.5333    -4.0dB            --       --       --          --          
  9  0.6000    -2.0dB            --       --       --          --          
 10  0.6667    0.0dB             --       --       --          --          
 11  0.7333    2.0dB             --       --       --          --          
 12  0.8000    4.0dB             --       --       --          --          
 13  0.8667    6.0dB             --       --       --          --          
 14  0.9333    8.0dB             --       --       --          --          
 15  1.0000    10.0dB            --       --       --          --          

1 MAP:             flat (no two positions differ by more than 1 dB at any test level) | sense -- | engage -24.00:none -12.00:none -6.00:none
2 engage drift:    null  (not a dB display)   (primary; displayLinear unset until the population decides)
   offset IQR:      null
3 displayOffsetDb: null
fixture: AudioUnit_6f457234_1.0.4.json

--- exit=0   14:30:40   ilok=[0x00130000 / 1]
=== [22] SSL Native Bus Compressor 2   14:30:40   ilok=[0x00130000 / 1]   power='AC Power'
  sweeping SSL Native Bus Compressor 2 (unseen version 1.3.4: defaults sampled first) - 1 reference + 16 position processes
  soft end has no linear anchor (the soft end is not linear: its gain spans 1.83 dB across the levels, 9.3% of the 19.78 dB response (bar 8.3%)): re-sweeping with the quiet-level reference
  sweeping SSL Native Bus Compressor 2 candidate [2] Threshold (unseen version 1.3.4: defaults sampled first) - 1 reference + 16 position processes
EJ Map threshold sweep - SSL Native Bus Compressor 2 -> AudioUnit_7c646904_1.3.4.json  (DISCOVERED: mapped (server map state 3); no fixture existed)
probe: signed EchoJayProbe (feat/ejmap-cert), team 8BT5F9B887, cdhash 7b4d5551560419225f50677353c7e6577542be67
host: EJ Map 0.1.0 / arm64 / 48k (native)
threshold: [2] Threshold unit '' (class single_threshold) | positions 16 (16 evenly spaced), one process each, levels quiet to loud
ratio: [0] ran at '2:1' -> 2 | auto make-up disabled: no
default-threshold reference ('20.0', spec 4.7 check only):  -24.00 out-in -0.32  -12.00 out-in -1.20  -6.00 out-in -2.23  (default gain is information only)
linear reference: each position's own gain at -48, checked against -54 (must differ by 6 dB within 0.1): -0.88 -0.69 -0.53 -0.41 -0.31 -0.23 -0.17 -0.13 -0.10 -0.07 -0.05 -0.04 -0.03 -0.02 -0.02 -0.01
writes landed by: instack 16
processes: 37 run, 0 retried, 0 position(s) failed
write verify: 16 landed, 0 write_unlanded (skipped), in-stack read already matched on 16 of 16, pump slices total 16, longest confirm 3.1 ms, re-rendered 0
hold doubled at positions: 8,9,10,11
still moving AFTER doubling (reading not used): none

pos   norm      display        red@-24  red@-12  red@-6    T(peak)   T-display
  0  0.0000    -20.0             --       --       --          --          
  1  0.0667    -17.3             --       --       --          --          
  2  0.1333    -14.7             --       --       --          --          
  3  0.2000    -12.0             --       --       --          --          
  4  0.2667    -9.3              --       --       --          --          
  5  0.3333    -6.7              --       --       --          --          
  6  0.4000    -4.0              --       --       --          --          
  7  0.4667    -1.3              --       --       --          --          
  8  0.5333    1.3             1.89     6.11     8.71       -24.2          
  9  0.6000    4.0             1.46     5.08     7.42       -22.2          
 10  0.6667    6.7             1.12     4.16     6.23       -20.3          
 11  0.7333    9.3             0.86     3.38     5.20       -18.8          
 12  0.8000    12.0            0.65     2.38     4.19       -16.8          
 13  0.8667    14.7            0.48     1.85     3.37       -14.2          
 14  0.9333    17.3            0.36     1.43     2.69       -13.1          
 15  1.0000    20.0            0.27     1.09     2.10       -12.2          

1 MAP:             certified | sense lower_is_harder | engage -24.00:12 -12.00:15 -6.00:15
2 engage drift:    null  (not a dB display)   (primary; displayLinear unset until the population decides)
   offset IQR:      null
3 displayOffsetDb: null
fixture: AudioUnit_7c646904_1.3.4.json
--- exit=0   14:31:21   ilok=[0x00130000 / 1]
PILE DONE 14:31:21
