TONECHECK-ALL: ~/scratch/proj/cert  iLok ABSENT  no review_picks.json

=== tone checks: C6-SideChain (m)
  no measured rule: 6 candidates, 1 certified: no channel pair, no master, no Main/Aux
CANDIDATE [10] Band 1 Threshold - re-derived
host: EJ Map 0.1.0 / arm64 / 48k (native)
threshold: [10] Band 1 Threshold unit 'dB' (class bands_or_stages) | positions 16 (16 evenly spaced), one process each, levels quiet to loud
ratio: no control holds the ratio role | auto make-up disabled: no
default-threshold reference ('0.0', spec 4.7 check only):  -60.00 out-in -0.00  -58.00 out-in -0.00  -56.00 out-in 0.00  -54.00 out-in -0.00  -52.00 out-in -0.00  -50.00 out-in 0.00  -48.00 out-in -0.00  -46.00 out-in 0.00  -44.00 out-in -0.00  -42.00 out-in -0.00  -40.00 out-in 0.00  -38.00 out-in -0.00  -36.00 out-in -0.00  -34.00 out-in -0.00  -32.00 out-in -0.01  -30.00 out-in -0.01  -28.00 out-in -0.01  -26.00 out-in -0.03  -24.00 out-in -0.04  -22.00 out-in -0.06  -20.00 out-in -0.09  -18.00 out-in -0.13  -16.00 out-in -0.19  -14.00 out-in -0.28  -12.00 out-in -0.40  -10.00 out-in -0.56  -8.00 out-in -0.77  -6.00 out-in -1.04  -4.00 out-in -1.38  -2.00 out-in -1.77  0.00 out-in -2.22  (default gain is information only)
linear reference: each position's own gain at its quiet rung's upper level, checked against the lower (must differ by 6 dB within 0.1): -0.00 -0.00 -0.00 -0.00 -0.00 -0.00 -0.00 -0.00 -0.00 -0.00 -0.00 -0.00 -0.00 -0.00 -0.00 -0.00
reference ladder: 0 position(s) below the first rung
writes landed by: instack 1 pump 15
write verify: 16 landed, 0 write_unlanded (skipped), in-stack read already matched on 1 of 16, pump slices total 154, longest confirm 30.3 ms, re-rendered 0
hold doubled at positions: none
still moving AFTER doubling (reading not used): none

pos   norm      display        red@-24  red@-12  red@-6    T(peak)   T-display
  0  0.0000    -80.0           0.04     0.40     1.04          --          
  1  0.0667    -74.7           0.04     0.40     1.04          --          
  2  0.1333    -69.3           0.04     0.40     1.04          --          
  3  0.2000    -64.0           0.04     0.40     1.04          --          
  4  0.2667    -58.7           0.04     0.40     1.04          --          
  5  0.3333    -53.3           0.04     0.40     1.04          --          
  6  0.4000    -48.0           0.04     0.40     1.04          --          
  7  0.4667    -42.7           0.04     0.40     1.04          --          
  8  0.5333    -37.3           0.04     0.40     1.04          --          
  9  0.6000    -32.0           0.04     0.40     1.04          --          
 10  0.6667    -26.7           0.04     0.40     1.04          --          
 11  0.7333    -21.3           0.04     0.40     1.04          --          
 12  0.8000    -16.0           0.04     0.40     1.04          --          
 13  0.8667    -10.7           0.04     0.40     1.04          --          
 14  0.9333    -5.3            0.04     0.40     1.04          --          
 15  1.0000    0.0             0.04     0.40     1.04          --          

1 MAP:             flat (no two positions differ by more than 1 dB at any test level) | sense -- | engage -60.00:none -58.00:none -56.00:none -54.00:none -52.00:none -50.00:none -48.00:none -46.00:none -44.00:none -42.00:none -40.00:none -38.00:none -36.00:none -34.00:none -32.00:none -30.00:none -28.00:none -26.00:none -24.00:none -22.00:none -20.00:none -18.00:none -16.00:none -14.00:none -12.00:none -10.00:none -8.00:none -6.00:none -4.00:none -2.00:none 0.00:none
2 engage drift:    null  (not a dB display)   (primary; displayLinear unset until the population decides)
   offset IQR:      null
3 displayOffsetDb: null
fixture: AudioUnit_49306263_15.0.70.rederived.json

CANDIDATE [20] Band 2 Threshold - re-derived
host: EJ Map 0.1.0 / arm64 / 48k (native)
threshold: [20] Band 2 Threshold unit 'dB' (class bands_or_stages) | positions 16 (16 evenly spaced), one process each, levels quiet to loud
ratio: no control holds the ratio role | auto make-up disabled: no
default-threshold reference ('0.0', spec 4.7 check only):  -60.00 out-in -0.00  -58.00 out-in -0.00  -56.00 out-in 0.00  -54.00 out-in -0.00  -52.00 out-in -0.00  -50.00 out-in 0.00  -48.00 out-in -0.00  -46.00 out-in 0.00  -44.00 out-in -0.00  -42.00 out-in -0.00  -40.00 out-in 0.00  -38.00 out-in -0.00  -36.00 out-in -0.00  -34.00 out-in -0.00  -32.00 out-in -0.01  -30.00 out-in -0.01  -28.00 out-in -0.01  -26.00 out-in -0.03  -24.00 out-in -0.04  -22.00 out-in -0.06  -20.00 out-in -0.09  -18.00 out-in -0.13  -16.00 out-in -0.19  -14.00 out-in -0.28  -12.00 out-in -0.40  -10.00 out-in -0.56  -8.00 out-in -0.77  -6.00 out-in -1.04  -4.00 out-in -1.38  -2.00 out-in -1.77  0.00 out-in -2.22  (default gain is information only)
linear reference: each position's own gain at its quiet rung's upper level, checked against the lower (must differ by 6 dB within 0.1): -0.00 -0.00 -0.00 -0.00 -0.00 -0.00 -0.00 -0.00 -0.00 -0.00 -0.00 -0.00 -0.00 -0.00 -0.00 -0.00
reference ladder: 0 position(s) below the first rung
writes landed by: instack 1 pump 15
write verify: 16 landed, 0 write_unlanded (skipped), in-stack read already matched on 1 of 16, pump slices total 161, longest confirm 30.5 ms, re-rendered 0
hold doubled at positions: none
still moving AFTER doubling (reading not used): none

pos   norm      display        red@-24  red@-12  red@-6    T(peak)   T-display
  0  0.0000    -80.0           0.04     0.40     1.04          --          
  1  0.0667    -74.7           0.04     0.40     1.04          --          
  2  0.1333    -69.3           0.04     0.40     1.04          --          
  3  0.2000    -64.0           0.04     0.40     1.04          --          
  4  0.2667    -58.7           0.04     0.40     1.04          --          
  5  0.3333    -53.3           0.04     0.40     1.04          --          
  6  0.4000    -48.0           0.04     0.40     1.04          --          
  7  0.4667    -42.7           0.04     0.40     1.04          --          
  8  0.5333    -37.3           0.04     0.40     1.04          --          
  9  0.6000    -32.0           0.04     0.40     1.04          --          
 10  0.6667    -26.7           0.04     0.40     1.04          --          
 11  0.7333    -21.3           0.04     0.40     1.04          --          
 12  0.8000    -16.0           0.04     0.40     1.04          --          
 13  0.8667    -10.7           0.04     0.40     1.04          --          
 14  0.9333    -5.3            0.04     0.40     1.04          --          
 15  1.0000    0.0             0.04     0.40     1.04          --          

1 MAP:             flat (no two positions differ by more than 1 dB at any test level) | sense -- | engage -60.00:none -58.00:none -56.00:none -54.00:none -52.00:none -50.00:none -48.00:none -46.00:none -44.00:none -42.00:none -40.00:none -38.00:none -36.00:none -34.00:none -32.00:none -30.00:none -28.00:none -26.00:none -24.00:none -22.00:none -20.00:none -18.00:none -16.00:none -14.00:none -12.00:none -10.00:none -8.00:none -6.00:none -4.00:none -2.00:none 0.00:none
2 engage drift:    null  (not a dB display)   (primary; displayLinear unset until the population decides)
   offset IQR:      null
3 displayOffsetDb: null
fixture: AudioUnit_49306263_15.0.70.rederived.json

CANDIDATE [28] Band 3 Threshold - re-derived
host: EJ Map 0.1.0 / arm64 / 48k (native)
threshold: [28] Band 3 Threshold unit 'dB' (class bands_or_stages) | positions 16 (16 evenly spaced), one process each, levels quiet to loud
ratio: no control holds the ratio role | auto make-up disabled: no
default-threshold reference ('0.0', spec 4.7 check only):  -60.00 out-in -0.00  -58.00 out-in -0.00  -56.00 out-in 0.00  -54.00 out-in -0.00  -52.00 out-in -0.00  -50.00 out-in 0.00  -48.00 out-in -0.00  -46.00 out-in 0.00  -44.00 out-in -0.00  -42.00 out-in -0.00  -40.00 out-in 0.00  -38.00 out-in -0.00  -36.00 out-in -0.00  -34.00 out-in -0.00  -32.00 out-in -0.01  -30.00 out-in -0.01  -28.00 out-in -0.01  -26.00 out-in -0.03  -24.00 out-in -0.04  -22.00 out-in -0.06  -20.00 out-in -0.09  -18.00 out-in -0.13  -16.00 out-in -0.19  -14.00 out-in -0.28  -12.00 out-in -0.40  -10.00 out-in -0.56  -8.00 out-in -0.77  -6.00 out-in -1.04  -4.00 out-in -1.38  -2.00 out-in -1.77  0.00 out-in -2.22  (default gain is information only)
linear reference: each position's own gain at its quiet rung's upper level, checked against the lower (must differ by 6 dB within 0.1): -0.81 -0.41 -0.17 -0.06 -0.02 -0.01 -0.01 -0.08 -0.05 -0.03 -0.02 -0.01 -0.06 -0.03 -0.02 -0.01 -0.01 -0.08 -0.05 -0.03 -0.02 -0.01 -0.01 -0.00 -0.00 -0.00 -0.00 -0.00 -0.00
reference ladder: 14 position(s) below the first rung (3@-84 4@-84 5@-84 6@-84 7@-72 8@-72 9@-72 10@-72 11@-72 12@-60 13@-60 14@-60 15@-60 16@-60)
writes landed by: instack 1 pump 28
write verify: 29 landed, 0 write_unlanded (skipped), in-stack read already matched on 1 of 29, pump slices total 297, longest confirm 30.4 ms, re-rendered 0
hold doubled at positions: none
still moving AFTER doubling (reading not used): none

pos   norm      display        red@-24  red@-12  red@-6    T(peak)   T-display
  0  0.0000    -80.0             --       --       --          --          
  1  0.0667    -74.7             --       --       --          --          
  2  0.1333    -69.3             --       --       --          --          
  3  0.2000    -64.0           7.38     7.47     7.48          --          
  4  0.2667    -58.7           7.35     7.50     7.53          --          
  5  0.3000    -56.0           7.28     7.50     7.53          --          
  6  0.3167    -54.7           7.24     7.49     7.53          --          
  7  0.3333    -53.3           7.08     7.37     7.42          --          
  8  0.3667    -50.7           7.00     7.38     7.45          --          
  9  0.4000    -48.0           6.84     7.36     7.45          --          
 10  0.4333    -45.3           6.62     7.31     7.44          --          
 11  0.4667    -42.7           6.33     7.24     7.40          --          
 12  0.5000    -40.0           5.87     7.05     7.27          --          
 13  0.5333    -37.3           5.43     6.93     7.22          --          
 14  0.5667    -34.7           4.90     6.75     7.14          --          
 15  0.6000    -32.0           4.26     6.49     7.01          --          
 16  0.6167    -30.7           3.93     6.34     6.92          --          
 17  0.6333    -29.3           3.46     6.04     6.71          --          
 18  0.6667    -26.7           2.82     5.67     6.51          --          
 19  0.7000    -24.0           2.18     5.17     6.22          --          
 20  0.7333    -21.3           1.60     4.57     5.82          --          
 21  0.7667    -18.7           1.14     3.93     5.34          --          
 22  0.8000    -16.0           0.77     3.22     4.75          --          
 23  0.8333    -13.3           0.49     2.53     4.09          --          
 24  0.8667    -10.7           0.31     1.92     3.41          --          
 25  0.9000    -8.0            0.19     1.37     2.71          --          
 26  0.9333    -5.3            0.11     0.94     2.05          --          
 27  0.9667    -2.7            0.07     0.63     1.50          --          
 28  1.0000    0.0             0.04     0.40     1.04          --          

1 MAP:             certified (ratio unknown (no ratio control): no dB-equivalent map) | sense lower_is_harder | engage -60.00:8 -58.00:9 -56.00:9 -54.00:10 -52.00:11 -50.00:11 -48.00:12 -46.00:13 -44.00:14 -42.00:15 -40.00:16 -38.00:17 -36.00:18 -34.00:19 -32.00:19 -30.00:20 -28.00:21 -26.00:22 -24.00:22 -22.00:23 -20.00:24 -18.00:25 -16.00:25 -14.00:26 -12.00:27 -10.00:28 -8.00:28 -6.00:28 -4.00:28 -2.00:28 0.00:28
2 engage drift:    3.65  -10.00:10.53  -12.00:10.34  -14.00:10.17  -16.00:9.94  -18.00:10.52  -2.00:7.55  -20.00:10.34  -22.00:10.16  -24.00:9.92  -26.00:10.47  -28.00:10.29  -30.00:10.09  -32.00:9.80  -34.00:10.21  -36.00:9.92  -38.00:9.11  -4.00:8.33  -40.00:10.37  -42.00:10.42  -44.00:10.20  -46.00:9.92  -48.00:9.12  -50.00:9.67  -52.00:10.27  -54.00:10.05  -56.00:9.80  -58.00:10.21  -6.00:9.15  -60.00:9.87  -8.00:9.94  0.00:6.89   (primary; displayLinear unset until the population decides)
   offset IQR:      null
3 displayOffsetDb: null
fixture: AudioUnit_49306263_15.0.70.rederived.json

CANDIDATE [36] Band 4 Threshold - re-derived
host: EJ Map 0.1.0 / arm64 / 48k (native)
threshold: [36] Band 4 Threshold unit 'dB' (class bands_or_stages) | positions 16 (16 evenly spaced), one process each, levels quiet to loud
ratio: no control holds the ratio role | auto make-up disabled: no
default-threshold reference ('0.0', spec 4.7 check only):  -60.00 out-in -0.00  -58.00 out-in -0.00  -56.00 out-in 0.00  -54.00 out-in -0.00  -52.00 out-in -0.00  -50.00 out-in 0.00  -48.00 out-in -0.00  -46.00 out-in 0.00  -44.00 out-in -0.00  -42.00 out-in -0.00  -40.00 out-in 0.00  -38.00 out-in -0.00  -36.00 out-in -0.00  -34.00 out-in -0.00  -32.00 out-in -0.01  -30.00 out-in -0.01  -28.00 out-in -0.01  -26.00 out-in -0.03  -24.00 out-in -0.04  -22.00 out-in -0.06  -20.00 out-in -0.09  -18.00 out-in -0.13  -16.00 out-in -0.19  -14.00 out-in -0.28  -12.00 out-in -0.40  -10.00 out-in -0.56  -8.00 out-in -0.77  -6.00 out-in -1.04  -4.00 out-in -1.38  -2.00 out-in -1.77  0.00 out-in -2.22  (default gain is information only)
linear reference: each position's own gain at its quiet rung's upper level, checked against the lower (must differ by 6 dB within 0.1): -0.04 -0.03 -0.02 -0.01 -0.00 -0.00 -0.00 -0.00 -0.00 -0.00 -0.00 -0.00 -0.00 -0.00 -0.00 -0.00
reference ladder: 0 position(s) below the first rung
writes landed by: instack 1 pump 15
write verify: 16 landed, 0 write_unlanded (skipped), in-stack read already matched on 1 of 16, pump slices total 164, longest confirm 30.4 ms, re-rendered 0
hold doubled at positions: none
still moving AFTER doubling (reading not used): none

pos   norm      display        red@-24  red@-12  red@-6    T(peak)   T-display
  0  0.0000    -80.0           0.12     0.49     1.15          --          
  1  0.0667    -74.7           0.14     0.52     1.18          --          
  2  0.1333    -69.3           0.16     0.54     1.20          --          
  3  0.2000    -64.0           0.15     0.55     1.21          --          
  4  0.2667    -58.7           0.13     0.55     1.22          --          
  5  0.3333    -53.3           0.10     0.53     1.21          --          
  6  0.4000    -48.0           0.07     0.50     1.19          --          
  7  0.4667    -42.7           0.05     0.47     1.16          --          
  8  0.5333    -37.3           0.04     0.44     1.13          --          
  9  0.6000    -32.0           0.04     0.42     1.09          --          
 10  0.6667    -26.7           0.04     0.40     1.06          --          
 11  0.7333    -21.3           0.04     0.40     1.05          --          
 12  0.8000    -16.0           0.04     0.40     1.04          --          
 13  0.8667    -10.7           0.04     0.40     1.04          --          
 14  0.9333    -5.3            0.04     0.40     1.04          --          
 15  1.0000    0.0             0.04     0.40     1.04          --          

1 MAP:             flat (no two positions differ by more than 1 dB at any test level) | sense -- | engage -60.00:none -58.00:none -56.00:none -54.00:none -52.00:none -50.00:none -48.00:none -46.00:none -44.00:none -42.00:none -40.00:none -38.00:none -36.00:none -34.00:none -32.00:none -30.00:none -28.00:none -26.00:none -24.00:none -22.00:none -20.00:none -18.00:none -16.00:none -14.00:none -12.00:none -10.00:none -8.00:none -6.00:none -4.00:none -2.00:none 0.00:none
2 engage drift:    null  (not a dB display)   (primary; displayLinear unset until the population decides)
   offset IQR:      null
3 displayOffsetDb: null
fixture: AudioUnit_49306263_15.0.70.rederived.json

CANDIDATE [44] Band 5 Threshold - re-derived
host: EJ Map 0.1.0 / arm64 / 48k (native)
threshold: [44] Band 5 Threshold unit 'dB' (class bands_or_stages) | positions 16 (16 evenly spaced), one process each, levels quiet to loud
ratio: no control holds the ratio role | auto make-up disabled: no
default-threshold reference ('0.0', spec 4.7 check only):  -60.00 out-in -0.00  -58.00 out-in -0.00  -56.00 out-in 0.00  -54.00 out-in -0.00  -52.00 out-in -0.00  -50.00 out-in 0.00  -48.00 out-in -0.00  -46.00 out-in 0.00  -44.00 out-in -0.00  -42.00 out-in -0.00  -40.00 out-in 0.00  -38.00 out-in -0.00  -36.00 out-in -0.00  -34.00 out-in -0.00  -32.00 out-in -0.01  -30.00 out-in -0.01  -28.00 out-in -0.01  -26.00 out-in -0.03  -24.00 out-in -0.04  -22.00 out-in -0.06  -20.00 out-in -0.09  -18.00 out-in -0.13  -16.00 out-in -0.19  -14.00 out-in -0.28  -12.00 out-in -0.40  -10.00 out-in -0.56  -8.00 out-in -0.77  -6.00 out-in -1.04  -4.00 out-in -1.38  -2.00 out-in -1.77  0.00 out-in -2.22  (default gain is information only)
linear reference: each position's own gain at its quiet rung's upper level, checked against the lower (must differ by 6 dB within 0.1): -0.00 -0.00 -0.00 -0.00 -0.00 -0.00 -0.00 -0.00 -0.00 -0.00 -0.00 -0.00 -0.00 -0.00 -0.00 -0.00
reference ladder: 0 position(s) below the first rung
writes landed by: instack 1 pump 15
write verify: 16 landed, 0 write_unlanded (skipped), in-stack read already matched on 1 of 16, pump slices total 159, longest confirm 30.4 ms, re-rendered 0
hold doubled at positions: none
still moving AFTER doubling (reading not used): none

pos   norm      display        red@-24  red@-12  red@-6    T(peak)   T-display
  0  0.0000    -80.0           0.04     0.40     1.04          --          
  1  0.0667    -74.7           0.04     0.40     1.04          --          
  2  0.1333    -69.3           0.04     0.40     1.04          --          
  3  0.2000    -64.0           0.04     0.40     1.04          --          
  4  0.2667    -58.7           0.04     0.40     1.04          --          
  5  0.3333    -53.3           0.04     0.40     1.04          --          
  6  0.4000    -48.0           0.04     0.40     1.04          --          
  7  0.4667    -42.7           0.04     0.40     1.04          --          
  8  0.5333    -37.3           0.04     0.40     1.04          --          
  9  0.6000    -32.0           0.04     0.40     1.04          --          
 10  0.6667    -26.7           0.04     0.40     1.04          --          
 11  0.7333    -21.3           0.04     0.40     1.04          --          
 12  0.8000    -16.0           0.04     0.40     1.04          --          
 13  0.8667    -10.7           0.04     0.40     1.04          --          
 14  0.9333    -5.3            0.04     0.40     1.04          --          
 15  1.0000    0.0             0.04     0.40     1.04          --          

1 MAP:             flat (no two positions differ by more than 1 dB at any test level) | sense -- | engage -60.00:none -58.00:none -56.00:none -54.00:none -52.00:none -50.00:none -48.00:none -46.00:none -44.00:none -42.00:none -40.00:none -38.00:none -36.00:none -34.00:none -32.00:none -30.00:none -28.00:none -26.00:none -24.00:none -22.00:none -20.00:none -18.00:none -16.00:none -14.00:none -12.00:none -10.00:none -8.00:none -6.00:none -4.00:none -2.00:none 0.00:none
2 engage drift:    null  (not a dB display)   (primary; displayLinear unset until the population decides)
   offset IQR:      null
3 displayOffsetDb: null
fixture: AudioUnit_49306263_15.0.70.rederived.json

CANDIDATE [52] Band 6 Threshold - re-derived
host: EJ Map 0.1.0 / arm64 / 48k (native)
threshold: [52] Band 6 Threshold unit 'dB' (class bands_or_stages) | positions 16 (16 evenly spaced), one process each, levels quiet to loud
ratio: no control holds the ratio role | auto make-up disabled: no
default-threshold reference ('0.0', spec 4.7 check only):  -60.00 out-in -0.00  -58.00 out-in -0.00  -56.00 out-in 0.00  -54.00 out-in -0.00  -52.00 out-in -0.00  -50.00 out-in 0.00  -48.00 out-in -0.00  -46.00 out-in 0.00  -44.00 out-in -0.00  -42.00 out-in -0.00  -40.00 out-in 0.00  -38.00 out-in -0.00  -36.00 out-in -0.00  -34.00 out-in -0.00  -32.00 out-in -0.01  -30.00 out-in -0.01  -28.00 out-in -0.01  -26.00 out-in -0.03  -24.00 out-in -0.04  -22.00 out-in -0.06  -20.00 out-in -0.09  -18.00 out-in -0.13  -16.00 out-in -0.19  -14.00 out-in -0.28  -12.00 out-in -0.40  -10.00 out-in -0.56  -8.00 out-in -0.77  -6.00 out-in -1.04  -4.00 out-in -1.38  -2.00 out-in -1.77  0.00 out-in -2.22  (default gain is information only)
linear reference: each position's own gain at its quiet rung's upper level, checked against the lower (must differ by 6 dB within 0.1): -0.00 -0.00 -0.00 -0.00 -0.00 -0.00 -0.00 -0.00 -0.00 -0.00 -0.00 -0.00 -0.00 -0.00 -0.00 -0.00
reference ladder: 0 position(s) below the first rung
writes landed by: instack 1 pump 15
write verify: 16 landed, 0 write_unlanded (skipped), in-stack read already matched on 1 of 16, pump slices total 159, longest confirm 30.3 ms, re-rendered 0
hold doubled at positions: none
still moving AFTER doubling (reading not used): none

pos   norm      display        red@-24  red@-12  red@-6    T(peak)   T-display
  0  0.0000    -80.0           0.04     0.40     1.04          --          
  1  0.0667    -74.7           0.04     0.40     1.04          --          
  2  0.1333    -69.3           0.04     0.40     1.04          --          
  3  0.2000    -64.0           0.04     0.40     1.04          --          
  4  0.2667    -58.7           0.04     0.40     1.04          --          
  5  0.3333    -53.3           0.04     0.40     1.04          --          
  6  0.4000    -48.0           0.04     0.40     1.04          --          
  7  0.4667    -42.7           0.04     0.40     1.04          --          
  8  0.5333    -37.3           0.04     0.40     1.04          --          
  9  0.6000    -32.0           0.04     0.40     1.04          --          
 10  0.6667    -26.7           0.04     0.40     1.04          --          
 11  0.7333    -21.3           0.04     0.40     1.04          --          
 12  0.8000    -16.0           0.04     0.40     1.04          --          
 13  0.8667    -10.7           0.04     0.40     1.04          --          
 14  0.9333    -5.3            0.04     0.40     1.04          --          
 15  1.0000    0.0             0.04     0.40     1.04          --          

1 MAP:             flat (no two positions differ by more than 1 dB at any test level) | sense -- | engage -60.00:none -58.00:none -56.00:none -54.00:none -52.00:none -50.00:none -48.00:none -46.00:none -44.00:none -42.00:none -40.00:none -38.00:none -36.00:none -34.00:none -32.00:none -30.00:none -28.00:none -26.00:none -24.00:none -22.00:none -20.00:none -18.00:none -16.00:none -14.00:none -12.00:none -10.00:none -8.00:none -6.00:none -4.00:none -2.00:none 0.00:none
2 engage drift:    null  (not a dB display)   (primary; displayLinear unset until the population decides)
   offset IQR:      null
3 displayOffsetDb: null
fixture: AudioUnit_49306263_15.0.70.rederived.json

  -> multiband: multiband: profiling not built yet (Band 1, Band 2, Band 3, Band 4, Band 5, Band 6; 6 threshold candidates)

=== tone checks: MaxxVolume (m)
  no measured rule: 2 candidates, 2 certified: no channel pair, no master, no Main/Aux
CANDIDATE [0] Low Level Thresh - re-derived
host: EJ Map 0.1.0 / arm64 / 48k (native)
threshold: [0] Low Level Thresh unit 'dB' (class bands_or_stages) | positions 16 (16 evenly spaced), one process each, levels quiet to loud
ratio: no control holds the ratio role | auto make-up disabled: no
default-threshold reference ('-96.0', spec 4.7 check only):  -60.00 out-in 0.60  -58.00 out-in 0.48  -56.00 out-in 0.39  -54.00 out-in 0.31  -52.00 out-in 0.25  -50.00 out-in 0.20  -48.00 out-in 0.16  -46.00 out-in 0.12  -44.00 out-in 0.10  -42.00 out-in 0.07  -40.00 out-in 0.06  -38.00 out-in 0.05  -36.00 out-in 0.04  -34.00 out-in 0.03  -32.00 out-in 0.02  -30.00 out-in 0.02  -28.00 out-in 0.01  -26.00 out-in 0.01  -24.00 out-in 0.01  -22.00 out-in 0.01  -20.00 out-in 0.00  -18.00 out-in 0.00  -16.00 out-in 0.00  -14.00 out-in -0.00  -12.00 out-in 0.00  -10.00 out-in 0.00  -8.00 out-in -0.00  -6.00 out-in 0.00  -4.00 out-in -0.00  -2.00 out-in -0.00  0.00 out-in 0.00  (default gain is information only)
linear reference: each position's own gain at its quiet rung's upper level, checked against the lower (must differ by 6 dB within 0.1): -2.41 -1.95 -1.00 -0.40 -0.15 -0.06 -0.04 -0.03 -0.03 -0.09 -0.07 -0.05 -0.04 -0.03 -0.09 -0.07 -0.06 -0.04 -0.03 -0.03 -0.08 -0.07 -0.05 -0.03 -0.03 -0.02 -0.02 -0.01 -0.01 -0.01 -0.00 0.00
reference ladder: 15 position(s) below the first rung (5@-84 6@-84 7@-84 8@-84 9@-72 10@-72 11@-72 12@-72 13@-72 14@-60 15@-60 16@-60 17@-60 18@-60 19@-60)
writes landed by: instack 1 pump 31
write verify: 32 landed, 0 write_unlanded (skipped), in-stack read already matched on 1 of 32, pump slices total 96, longest confirm 25.8 ms, re-rendered 0
hold doubled at positions: none
still moving AFTER doubling (reading not used): none

pos   norm      display        red@-24  red@-12  red@-6    T(peak)   T-display
  0  0.0000    -96.0             --       --       --          --          
  1  0.0667    -85.5             --       --       --          --          
  2  0.1333    -75.5             --       --       --          --          
  3  0.2000    -66.0             --       --       --          --          
  4  0.2667    -57.0             --       --       --          --          
  5  0.3333    -48.6          12.89    14.32    14.59          --          
  6  0.3556    -45.9          12.34    14.15    14.52          --          
  7  0.3778    -43.3          11.68    13.93    14.41          --          
  8  0.3889    -42.0          11.31    13.79    14.34          --          
  9  0.4000    -40.7          10.76    13.48    14.11          --          
 10  0.4222    -38.2           9.94    13.14    13.93          --          
 11  0.4444    -35.8           9.06    12.71    13.70          --          
 12  0.4667    -33.4           8.11    12.18    13.38          --          
 13  0.4889    -31.1           7.18    11.57    13.00          --          
 14  0.5111    -28.9           6.14    10.75    12.40          --          
 15  0.5333    -26.7           5.29    10.01    11.88          --          
 16  0.5556    -24.6           4.51     9.21    11.29          --          
 17  0.5778    -22.6           3.82     8.40    10.63          --          
 18  0.6000    -20.6           3.19     7.53     9.88          --          
 19  0.6222    -18.7           2.64     6.69     9.10          --          
 20  0.6444    -16.9           2.06     5.75     8.17          --          
 21  0.6667    -15.2           1.70     5.02     7.38          --          
 22  0.7000    -12.7           1.24     3.97     6.16          --          
 23  0.7333    -10.4           0.90     3.06     4.99          --          
 24  0.7556    -9.0            0.72     2.54     4.27          --          
 25  0.7778    -7.7            0.57     2.08     3.61          --          
 26  0.8000    -6.4            0.44     1.66     2.95          --          
 27  0.8222    -5.3            0.35     1.32     2.40          --          
 28  0.8444    -4.2            0.26     1.01     1.87          --          
 29  0.8667    -3.3            0.19     0.76     1.45          --          
 30  0.9333    -1.0            0.05     0.21     0.42          --          
 31  1.0000    0.0             0.00     0.00     0.00          --          

1 MAP:             certified (ratio unknown (no ratio control): no dB-equivalent map) | sense lower_is_harder | engage -60.00:9 -58.00:10 -56.00:11 -54.00:12 -52.00:13 -50.00:13 -48.00:14 -46.00:15 -44.00:16 -42.00:17 -40.00:18 -38.00:19 -36.00:19 -34.00:21 -32.00:21 -30.00:22 -28.00:23 -26.00:24 -24.00:25 -22.00:26 -20.00:27 -18.00:28 -16.00:28 -14.00:29 -12.00:29 -10.00:29 -8.00:29 -6.00:29 -4.00:30 -2.00:30 0.00:30
2 engage drift:    22.00  -10.00:8.08  -12.00:9.69  -14.00:11.21  -16.00:12.58  -18.00:13.92  -2.00:1.23  -20.00:15.05  -22.00:16.07  -24.00:16.96  -26.00:17.66  -28.00:18.21  -30.00:18.49  -32.00:18.58  -34.00:18.91  -36.00:19.83  -38.00:20.50  -4.00:3.05  -40.00:20.52  -42.00:20.47  -44.00:20.35  -46.00:20.04  -48.00:19.30  -50.00:21.01  -52.00:21.39  -54.00:21.13  -56.00:20.80  -58.00:20.39  -6.00:4.71  -60.00:19.46  -8.00:6.41  0.00:-0.60   (primary; displayLinear unset until the population decides)
   offset IQR:      null
3 displayOffsetDb: null
fixture: AudioUnit_43507d63_15.0.70.rederived.json

CANDIDATE [4] High Level Thresh - re-derived
host: EJ Map 0.1.0 / arm64 / 48k (native)
threshold: [4] High Level Thresh unit 'dB' (class bands_or_stages) | positions 16 (16 evenly spaced), one process each, levels quiet to loud
ratio: no control holds the ratio role | auto make-up disabled: no
default-threshold reference ('0.0', spec 4.7 check only):  -60.00 out-in 0.00  -58.00 out-in -0.00  -56.00 out-in 0.00  -54.00 out-in 0.00  -52.00 out-in -0.00  -50.00 out-in 0.00  -48.00 out-in -0.00  -46.00 out-in -0.00  -44.00 out-in 0.00  -42.00 out-in -0.00  -40.00 out-in 0.00  -38.00 out-in 0.00  -36.00 out-in -0.00  -34.00 out-in 0.00  -32.00 out-in 0.00  -30.00 out-in -0.00  -28.00 out-in 0.00  -26.00 out-in -0.00  -24.00 out-in -0.00  -22.00 out-in 0.00  -20.00 out-in -0.00  -18.00 out-in 0.00  -16.00 out-in 0.00  -14.00 out-in -0.00  -12.00 out-in 0.00  -10.00 out-in 0.00  -8.00 out-in -0.00  -6.00 out-in 0.00  -4.00 out-in -0.00  -2.00 out-in -0.00  0.00 out-in 0.00  (default gain is information only)
linear reference: each position's own gain at its quiet rung's upper level, checked against the lower (must differ by 6 dB within 0.1): -0.07 -0.05 -0.04 -0.03 -0.08 -0.06 -0.05 -0.04 -0.03 -0.09 -0.07 -0.05 -0.04 -0.03 -0.10 -0.08 -0.06 -0.05 -0.04 -0.03 -0.02 -0.02 -0.01 -0.01 -0.01 -0.00 -0.00 0.00
reference ladder: 14 position(s) below the first rung (0@-84 1@-84 2@-84 3@-84 4@-72 5@-72 6@-72 7@-72 8@-72 9@-60 10@-60 11@-60 12@-60 13@-60)
writes landed by: instack 1 pump 27
write verify: 28 landed, 0 write_unlanded (skipped), in-stack read already matched on 1 of 28, pump slices total 126, longest confirm 30.8 ms, re-rendered 0
hold doubled at positions: none
still moving AFTER doubling (reading not used): none

pos   norm      display        red@-24  red@-12  red@-6    T(peak)   T-display
  0  0.0000    -48.0          24.37    35.97    41.90          --          
  1  0.0333    -45.3          21.88    33.34    39.25          --          
  2  0.0667    -42.8          19.62    30.91    36.79          --          
  3  0.1000    -40.2          17.32    28.40    34.23          --          
  4  0.1333    -37.8          15.16    25.96    31.74          --          
  5  0.1667    -35.3          13.15    23.61    29.32          --          
  6  0.2000    -33.0          11.40    21.47    27.09          --          
  7  0.2333    -30.7           9.75    19.35    24.88          --          
  8  0.2667    -28.5           8.30    17.37    22.76          --          
  9  0.3000    -26.4           6.89    15.39    20.63          --          
 10  0.3333    -24.3           5.77    13.62    18.68          --          
 11  0.3667    -22.3           4.80    11.99    16.84          --          
 12  0.4000    -20.4           3.99    10.49    15.11          --          
 13  0.4333    -18.5           3.27     9.07    13.41          --          
 14  0.4667    -16.7           2.53     7.64    11.68          --          
 15  0.5000    -15.0           2.07     6.54    10.26          --          
 16  0.5333    -13.4           1.69     5.56     8.95          --          
 17  0.5667    -11.8           1.36     4.64     7.68          --          
 18  0.6000    -10.3           1.09     3.85     6.53          --          
 19  0.6333    -8.9            0.87     3.16     5.49          --          
 20  0.6667    -7.6            0.69     2.57     4.57          --          
 21  0.7000    -6.4            0.54     2.07     3.75          --          
 22  0.7333    -5.2            0.41     1.60     2.96          --          
 23  0.7667    -4.2            0.31     1.24     2.34          --          
 24  0.8000    -3.2            0.23     0.91     1.74          --          
 25  0.8667    -1.6            0.11     0.42     0.83          --          
 26  0.9333    -0.5            0.03     0.13     0.25          --          
 27  1.0000    0.0             0.00     0.00     0.00          --          

1 MAP:             certified (ratio unknown (no ratio control): no dB-equivalent map) | sense lower_is_harder | engage -60.00:3 -58.00:4 -56.00:5 -54.00:6 -52.00:7 -50.00:8 -48.00:8 -46.00:10 -44.00:11 -42.00:12 -40.00:13 -38.00:13 -36.00:14 -34.00:15 -32.00:17 -30.00:18 -28.00:19 -26.00:20 -24.00:21 -22.00:22 -20.00:23 -18.00:23 -16.00:24 -14.00:24 -12.00:24 -10.00:25 -8.00:25 -6.00:25 -4.00:25 -2.00:25 0.00:25
2 engage drift:    23.51  -10.00:8.49  -12.00:10.02  -14.00:11.64  -16.00:13.16  -18.00:14.51  -2.00:1.35  -20.00:15.81  -22.00:16.96  -24.00:17.96  -26.00:18.78  -28.00:19.45  -30.00:19.99  -32.00:20.34  -34.00:20.21  -36.00:19.68  -38.00:21.68  -4.00:3.18  -40.00:22.23  -42.00:22.25  -44.00:22.18  -46.00:21.91  -48.00:22.34  -50.00:23.00  -52.00:22.86  -54.00:22.61  -56.00:22.31  -58.00:21.11  -6.00:4.99  -60.00:22.66  -8.00:6.77  0.00:-0.50   (primary; displayLinear unset until the population decides)
   offset IQR:      null
3 displayOffsetDb: null
fixture: AudioUnit_43507d63_15.0.70.rederived.json

  -> needs_review: 2 threshold candidates (a channel strip or multiband): no rule decides it, nobody picks

=== tone checks: Auto-Tune Vocal Compressor
  no measured rule: 4 candidates, 1 certified: no channel pair, no master, no Main/Aux
CANDIDATE [18] Mod Comp 1 Thresh dB - re-derived
host: EJ Map 0.1.0 / arm64 / 48k (native)
threshold: [18] Mod Comp 1 Thresh dB unit '' (class bands_or_stages) | positions 16 (16 evenly spaced), one process each, levels quiet to loud
ratio: 6 controls hold the ratio role | auto make-up disabled: no
default-threshold reference ('0.0', spec 4.7 check only):  -60.00 out-in -0.00  -58.00 out-in 0.00  -56.00 out-in 0.00  -54.00 out-in -0.00  -52.00 out-in 0.00  -50.00 out-in -0.00  -48.00 out-in -0.00  -46.00 out-in 0.00  -44.00 out-in -0.00  -42.00 out-in -0.00  -40.00 out-in 0.00  -38.00 out-in -0.00  -36.00 out-in 0.00  -34.00 out-in 0.00  -32.00 out-in -0.00  -30.00 out-in 0.00  -28.00 out-in -0.00  -26.00 out-in -0.00  -24.00 out-in 0.00  -22.00 out-in -0.00  -20.00 out-in 0.00  -18.00 out-in 0.00  -16.00 out-in -0.00  -14.00 out-in 0.00  -12.00 out-in 0.00  -10.00 out-in -0.00  -8.00 out-in 0.00  -6.00 out-in -0.00  -4.00 out-in -0.03  -2.00 out-in -0.30  0.00 out-in -0.94  (default gain is information only)
linear reference: each position's own gain at its quiet rung's upper level, checked against the lower (must differ by 6 dB within 0.1): -0.00 -0.00 -0.03 0.00 0.00 0.00 0.00 0.00 -0.03 -0.00 -0.00 -0.00 -0.00 -0.00 -0.00 -0.00 -0.00 -0.00 -0.00 -0.00 -0.00 -0.00 -0.00 -0.00 -0.00 -0.00 -0.00 -0.00 -0.00 -0.00
reference ladder: 8 position(s) below the first rung (0@-72 1@-72 2@-60 3@-60 4@-60 5@-60 6@-60 7@-60)
writes landed by: instack 30
write verify: 30 landed, 0 write_unlanded (skipped), in-stack read already matched on 30 of 30, pump slices total 30, longest confirm 2.6 ms, re-rendered 0
hold doubled at positions: none
still moving AFTER doubling (reading not used): none

pos   norm      display        red@-24  red@-12  red@-6    T(peak)   T-display
  0  0.0000    -60.0          23.98    31.98    35.98          --          
  1  0.0333    -58.0          22.65    30.65    34.65          --          
  2  0.0667    -56.0          21.29    29.29    33.29          --          
  3  0.1000    -54.0          19.98    27.98    31.99          --          
  4  0.1333    -52.0          18.65    26.65    30.65          --          
  5  0.1667    -50.0          17.32    25.32    29.32          --          
  6  0.2000    -48.0          15.99    23.98    27.99          --          
  7  0.2333    -46.0          14.65    22.65    26.65          --          
  8  0.2667    -44.0          13.28    21.28    25.28          --          
  9  0.3000    -42.0          11.98    19.98    23.98          --          
 10  0.3333    -40.0          10.65    18.65    22.65          --          
 11  0.3667    -38.0           9.32    17.32    21.32          --          
 12  0.4000    -36.0           7.99    15.98    19.98          --          
 13  0.4333    -34.0           6.65    14.65    18.65          --          
 14  0.4667    -32.0           5.32    13.32    17.32          --          
 15  0.5000    -30.0           3.99    11.98    15.98          --          
 16  0.5333    -28.0           2.69    10.65    14.65          --          
 17  0.5667    -26.0           1.63     9.32    13.32          --          
 18  0.6000    -24.0           0.83     7.99    11.98          --          
 19  0.6333    -22.0           0.30     6.65    10.65          --          
 20  0.6667    -20.0           0.03     5.32     9.32          --          
 21  0.7000    -18.0          -0.00     3.99     7.99          --          
 22  0.7333    -16.0          -0.00     2.69     6.65          --          
 23  0.7667    -14.0          -0.00     1.63     5.32          --          
 24  0.8000    -12.0          -0.00     0.83     3.99          --          
 25  0.8333    -10.0          -0.00     0.30     2.69          --          
 26  0.8667    -8.0           -0.00     0.03     1.63          --          
 27  0.9000    -6.0           -0.00    -0.00     0.83          --          
 28  0.9333    -4.0           -0.00    -0.00     0.30          --          
 29  1.0000    0.0            -0.00    -0.00    -0.00          --          

1 MAP:             certified (ratio unknown (no ratio control): no dB-equivalent map) | sense lower_is_harder | engage -60.00:0 -58.00:1 -56.00:2 -54.00:3 -52.00:4 -50.00:5 -48.00:6 -46.00:7 -44.00:8 -42.00:9 -40.00:10 -38.00:11 -36.00:12 -34.00:13 -32.00:14 -30.00:15 -28.00:16 -26.00:17 -24.00:18 -22.00:19 -20.00:20 -18.00:21 -16.00:22 -14.00:23 -12.00:24 -10.00:25 -8.00:26 -6.00:27 -4.00:28 -2.00:28 0.00:29
2 engage drift:    null  (not a dB display)   (primary; displayLinear unset until the population decides)
   offset IQR:      null
3 displayOffsetDb: null
fixture: AudioUnit_7663717a_1.5.0.rederived.json

CANDIDATE [30] Mod Comp 2 Thresh dB - re-derived
host: EJ Map 0.1.0 / arm64 / 48k (native)
threshold: [30] Mod Comp 2 Thresh dB unit '' (class bands_or_stages) | positions 16 (16 evenly spaced), one process each, levels quiet to loud
ratio: 6 controls hold the ratio role | auto make-up disabled: no
default-threshold reference ('0.0', spec 4.7 check only):  -60.00 out-in -0.00  -58.00 out-in 0.00  -56.00 out-in 0.00  -54.00 out-in -0.00  -52.00 out-in 0.00  -50.00 out-in -0.00  -48.00 out-in -0.00  -46.00 out-in 0.00  -44.00 out-in -0.00  -42.00 out-in -0.00  -40.00 out-in 0.00  -38.00 out-in -0.00  -36.00 out-in 0.00  -34.00 out-in 0.00  -32.00 out-in -0.00  -30.00 out-in 0.00  -28.00 out-in -0.00  -26.00 out-in -0.00  -24.00 out-in 0.00  -22.00 out-in -0.00  -20.00 out-in 0.00  -18.00 out-in 0.00  -16.00 out-in -0.00  -14.00 out-in 0.00  -12.00 out-in 0.00  -10.00 out-in -0.00  -8.00 out-in 0.00  -6.00 out-in -0.00  -4.00 out-in -0.03  -2.00 out-in -0.30  0.00 out-in -0.94  (default gain is information only)
linear reference: each position's own gain at its quiet rung's upper level, checked against the lower (must differ by 6 dB within 0.1): -- -0.00 -0.00 -0.00 -0.00 -0.00 -0.00 -0.00 -0.00 -0.00 -0.00 -0.00 -- -0.00 -0.00 -0.00
reference ladder: 0 position(s) below the first rung
writes landed by: instack 16
write verify: 16 landed, 0 write_unlanded (skipped), in-stack read already matched on 16 of 16, pump slices total 16, longest confirm 2.6 ms, re-rendered 0
hold doubled at positions: none
still moving AFTER doubling (reading not used): none

pos   norm      display        red@-24  red@-12  red@-6    T(peak)   T-display
  0  0.0000    -60.0             --       --       --          --          
  1  0.0667    -56.0          -0.00    -0.00    -0.00          --          
  2  0.1333    -52.0          -0.00    -0.00    -0.00          --          
  3  0.2000    -48.0          -0.00    -0.00    -0.00          --          
  4  0.2667    -44.0          -0.00    -0.00    -0.00          --          
  5  0.3333    -40.0          -0.00    -0.00    -0.00          --          
  6  0.4000    -36.0          -0.00    -0.00    -0.00          --          
  7  0.4667    -32.0          -0.00    -0.00    -0.00          --          
  8  0.5333    -28.0          -0.00    -0.00    -0.00          --          
  9  0.6000    -24.0          -0.00    -0.00    -0.00          --          
 10  0.6667    -20.0          -0.00    -0.00    -0.00          --          
 11  0.7333    -16.0          -0.00    -0.00    -0.00          --          
 12  0.8000    -12.0             --       --       --          --          
 13  0.8667    -8.0           -0.00    -0.00    -0.00          --          
 14  0.9333    -4.0           -0.00    -0.00    -0.00          --          
 15  1.0000    0.0            -0.00    -0.00    -0.00          --          

1 MAP:             flat (no two positions differ by more than 1 dB at any test level) | sense -- | engage -60.00:none -58.00:none -56.00:none -54.00:none -52.00:none -50.00:none -48.00:none -46.00:none -44.00:none -42.00:none -40.00:none -38.00:none -36.00:none -34.00:none -32.00:none -30.00:none -28.00:none -26.00:none -24.00:none -22.00:none -20.00:none -18.00:none -16.00:none -14.00:none -12.00:none -10.00:none -8.00:none -6.00:none -4.00:none -2.00:none 0.00:none
2 engage drift:    null  (not a dB display)   (primary; displayLinear unset until the population decides)
   offset IQR:      null
3 displayOffsetDb: null
fixture: AudioUnit_7663717a_1.5.0.rederived.json

CANDIDATE [46] Opt B Comp 1 Threshold dB - re-derived
host: EJ Map 0.1.0 / arm64 / 48k (native)
threshold: [46] Opt B Comp 1 Threshold dB unit '' (class bands_or_stages) | positions 16 (16 evenly spaced), one process each, levels quiet to loud
ratio: 6 controls hold the ratio role | auto make-up disabled: no
default-threshold reference ('0.0', spec 4.7 check only):  -60.00 out-in -0.00  -58.00 out-in 0.00  -56.00 out-in 0.00  -54.00 out-in -0.00  -52.00 out-in 0.00  -50.00 out-in -0.00  -48.00 out-in -0.00  -46.00 out-in 0.00  -44.00 out-in -0.00  -42.00 out-in -0.00  -40.00 out-in 0.00  -38.00 out-in -0.00  -36.00 out-in 0.00  -34.00 out-in 0.00  -32.00 out-in -0.00  -30.00 out-in 0.00  -28.00 out-in -0.00  -26.00 out-in -0.00  -24.00 out-in 0.00  -22.00 out-in -0.00  -20.00 out-in 0.00  -18.00 out-in 0.00  -16.00 out-in -0.00  -14.00 out-in 0.00  -12.00 out-in 0.00  -10.00 out-in -0.00  -8.00 out-in 0.00  -6.00 out-in -0.00  -4.00 out-in -0.03  -2.00 out-in -0.30  0.00 out-in -0.94  (default gain is information only)
linear reference: each position's own gain at its quiet rung's upper level, checked against the lower (must differ by 6 dB within 0.1): -0.00 -0.00 -- -0.00 -- -0.00 -0.00 -0.00 -0.00 -0.00 -0.00 -0.00 -0.00 -0.00 -0.00 -0.00
reference ladder: 0 position(s) below the first rung
writes landed by: instack 16
write verify: 16 landed, 0 write_unlanded (skipped), in-stack read already matched on 16 of 16, pump slices total 16, longest confirm 2.4 ms, re-rendered 0
hold doubled at positions: none
still moving AFTER doubling (reading not used): none

pos   norm      display        red@-24  red@-12  red@-6    T(peak)   T-display
  0  0.0000    -60.0          -0.00    -0.00    -0.00          --          
  1  0.0667    -56.0          -0.00    -0.00    -0.00          --          
  2  0.1333    -52.0             --       --       --          --          
  3  0.2000    -48.0          -0.00    -0.00    -0.00          --          
  4  0.2667    -44.0             --       --       --          --          
  5  0.3333    -40.0          -0.00    -0.00    -0.00          --          
  6  0.4000    -36.0          -0.00    -0.00    -0.00          --          
  7  0.4667    -32.0          -0.00    -0.00    -0.00          --          
  8  0.5333    -28.0          -0.00    -0.00    -0.00          --          
  9  0.6000    -24.0          -0.00    -0.00    -0.00          --          
 10  0.6667    -20.0          -0.00    -0.00    -0.00          --          
 11  0.7333    -16.0          -0.00    -0.00    -0.00          --          
 12  0.8000    -12.0          -0.00    -0.00    -0.00          --          
 13  0.8667    -8.0           -0.00    -0.00    -0.00          --          
 14  0.9333    -4.0           -0.00    -0.00    -0.00          --          
 15  1.0000    0.0            -0.00    -0.00    -0.00          --          

1 MAP:             flat (no two positions differ by more than 1 dB at any test level) | sense -- | engage -60.00:none -58.00:none -56.00:none -54.00:none -52.00:none -50.00:none -48.00:none -46.00:none -44.00:none -42.00:none -40.00:none -38.00:none -36.00:none -34.00:none -32.00:none -30.00:none -28.00:none -26.00:none -24.00:none -22.00:none -20.00:none -18.00:none -16.00:none -14.00:none -12.00:none -10.00:none -8.00:none -6.00:none -4.00:none -2.00:none 0.00:none
2 engage drift:    null  (not a dB display)   (primary; displayLinear unset until the population decides)
   offset IQR:      null
3 displayOffsetDb: null
fixture: AudioUnit_7663717a_1.5.0.rederived.json

CANDIDATE [52] Opt B Comp 2 Threshold dB - re-derived
host: EJ Map 0.1.0 / arm64 / 48k (native)
threshold: [52] Opt B Comp 2 Threshold dB unit '' (class bands_or_stages) | positions 16 (16 evenly spaced), one process each, levels quiet to loud
ratio: 6 controls hold the ratio role | auto make-up disabled: no
default-threshold reference ('0.0', spec 4.7 check only):  -60.00 out-in -0.00  -58.00 out-in 0.00  -56.00 out-in 0.00  -54.00 out-in -0.00  -52.00 out-in 0.00  -50.00 out-in -0.00  -48.00 out-in -0.00  -46.00 out-in 0.00  -44.00 out-in -0.00  -42.00 out-in -0.00  -40.00 out-in 0.00  -38.00 out-in -0.00  -36.00 out-in 0.00  -34.00 out-in 0.00  -32.00 out-in -0.00  -30.00 out-in 0.00  -28.00 out-in -0.00  -26.00 out-in -0.00  -24.00 out-in 0.00  -22.00 out-in -0.00  -20.00 out-in 0.00  -18.00 out-in 0.00  -16.00 out-in -0.00  -14.00 out-in 0.00  -12.00 out-in 0.00  -10.00 out-in -0.00  -8.00 out-in 0.00  -6.00 out-in -0.00  -4.00 out-in -0.03  -2.00 out-in -0.30  0.00 out-in -0.94  (default gain is information only)
linear reference: each position's own gain at its quiet rung's upper level, checked against the lower (must differ by 6 dB within 0.1): -0.00 -0.00 -0.00 -0.00 -0.00 -0.00 -0.00 -0.00 -0.00 -0.00 -0.00 -0.00 -0.00 -0.00 -0.00 -0.00
reference ladder: 0 position(s) below the first rung
writes landed by: instack 16
write verify: 16 landed, 0 write_unlanded (skipped), in-stack read already matched on 16 of 16, pump slices total 16, longest confirm 2.4 ms, re-rendered 0
hold doubled at positions: none
still moving AFTER doubling (reading not used): none

pos   norm      display        red@-24  red@-12  red@-6    T(peak)   T-display
  0  0.0000    -60.0          -0.00    -0.00    -0.00          --          
  1  0.0667    -56.0          -0.00    -0.00    -0.00          --          
  2  0.1333    -52.0          -0.00    -0.00    -0.00          --          
  3  0.2000    -48.0          -0.00    -0.00    -0.00          --          
  4  0.2667    -44.0          -0.00    -0.00    -0.00          --          
  5  0.3333    -40.0          -0.00    -0.00    -0.00          --          
  6  0.4000    -36.0          -0.00    -0.00    -0.00          --          
  7  0.4667    -32.0          -0.00    -0.00    -0.00          --          
  8  0.5333    -28.0          -0.00    -0.00    -0.00          --          
  9  0.6000    -24.0          -0.00    -0.00    -0.00          --          
 10  0.6667    -20.0          -0.00    -0.00    -0.00          --          
 11  0.7333    -16.0          -0.00    -0.00    -0.00          --          
 12  0.8000    -12.0          -0.00    -0.00    -0.00          --          
 13  0.8667    -8.0           -0.00    -0.00    -0.00          --          
 14  0.9333    -4.0           -0.00    -0.00    -0.00          --          
 15  1.0000    0.0            -0.00    -0.00    -0.00          --          

1 MAP:             flat (no two positions differ by more than 1 dB at any test level) | sense -- | engage -60.00:none -58.00:none -56.00:none -54.00:none -52.00:none -50.00:none -48.00:none -46.00:none -44.00:none -42.00:none -40.00:none -38.00:none -36.00:none -34.00:none -32.00:none -30.00:none -28.00:none -26.00:none -24.00:none -22.00:none -20.00:none -18.00:none -16.00:none -14.00:none -12.00:none -10.00:none -8.00:none -6.00:none -4.00:none -2.00:none 0.00:none
2 engage drift:    null  (not a dB display)   (primary; displayLinear unset until the population decides)
   offset IQR:      null
3 displayOffsetDb: null
fixture: AudioUnit_7663717a_1.5.0.rederived.json

  -> needs_review: 4 threshold candidates (a channel strip or multiband): no rule decides it, nobody picks

=== tone checks: SSL G3 MultiBusComp
  no measured rule: 3 candidates, 1 certified: no channel pair, no master, no Main/Aux
CANDIDATE [1] High Threshold - re-derived
host: EJ Map 0.1.0 / arm64 / 48k (native)
threshold: [1] High Threshold unit '' (class bands_or_stages) | positions 16 (16 evenly spaced), one process each, levels quiet to loud
links as instantiated (recorded, not written): [0] Low-Mid Band Link = 'Off', [40] Mid-High Band Link = 'Off'
ratio: 3 controls hold the ratio role | auto make-up disabled: no
default-threshold reference ('0.0', spec 4.7 check only):  -60.00 out-in -0.01  -58.00 out-in -0.01  -56.00 out-in -0.01  -54.00 out-in -0.01  -52.00 out-in -0.01  -50.00 out-in -0.02  -48.00 out-in -0.02  -46.00 out-in -0.03  -44.00 out-in -0.04  -42.00 out-in -0.04  -40.00 out-in -0.05  -38.00 out-in -0.07  -36.00 out-in -0.09  -34.00 out-in -0.11  -32.00 out-in -0.14  -30.00 out-in -0.17  -28.00 out-in -0.22  -26.00 out-in -0.27  -24.00 out-in -0.34  -22.00 out-in -0.43  -20.00 out-in -0.53  -18.00 out-in -0.66  -16.00 out-in -0.82  -14.00 out-in -1.01  -12.00 out-in -1.24  -10.00 out-in -1.51  -8.00 out-in -1.84  -6.00 out-in -2.22  -4.00 out-in -2.66  -2.00 out-in -3.17  0.00 out-in -3.75  (default gain is information only)
linear reference: each position's own gain at its quiet rung's upper level, checked against the lower (must differ by 6 dB within 0.1): -0.01 -0.01 -0.01 -0.01 -0.01 -0.01 -0.01 -0.01 -0.01 -0.01 -0.01 -0.01 -0.01 -0.01 -0.01 -0.01
reference ladder: 0 position(s) below the first rung
writes landed by: instack 16
write verify: 16 landed, 0 write_unlanded (skipped), in-stack read already matched on 16 of 16, pump slices total 16, longest confirm 3.1 ms, re-rendered 0
hold doubled at positions: none
still moving AFTER doubling (reading not used): none

pos   norm      display        red@-24  red@-12  red@-6    T(peak)   T-display
  0  0.0000    -40.0           0.32     1.24     2.24          --          
  1  0.0667    -37.3           0.32     1.24     2.24          --          
  2  0.1333    -34.7           0.32     1.24     2.24          --          
  3  0.2000    -32.0           0.32     1.24     2.24          --          
  4  0.2667    -29.3           0.32     1.24     2.24          --          
  5  0.3333    -26.7           0.32     1.24     2.24          --          
  6  0.4000    -24.0           0.32     1.24     2.24          --          
  7  0.4667    -21.3           0.32     1.24     2.24          --          
  8  0.5333    -18.7           0.32     1.24     2.24          --          
  9  0.6000    -16.0           0.32     1.24     2.24          --          
 10  0.6667    -13.3           0.32     1.24     2.24          --          
 11  0.7333    -10.7           0.32     1.24     2.24          --          
 12  0.8000    -8.0            0.32     1.24     2.24          --          
 13  0.8667    -5.3            0.32     1.24     2.24          --          
 14  0.9333    -2.7            0.32     1.24     2.24          --          
 15  1.0000    0.0             0.32     1.24     2.24          --          

1 MAP:             flat (no two positions differ by more than 1 dB at any test level) | sense -- | engage -60.00:none -58.00:none -56.00:none -54.00:none -52.00:none -50.00:none -48.00:none -46.00:none -44.00:none -42.00:none -40.00:none -38.00:none -36.00:none -34.00:none -32.00:none -30.00:none -28.00:none -26.00:none -24.00:none -22.00:none -20.00:none -18.00:none -16.00:none -14.00:none -12.00:none -10.00:none -8.00:none -6.00:none -4.00:none -2.00:none 0.00:none
2 engage drift:    null  (not a dB display)   (primary; displayLinear unset until the population decides)
   offset IQR:      null
3 displayOffsetDb: null
fixture: AudioUnit_75154755_1.0.12.rederived.json

CANDIDATE [16] Low Threshold - re-derived
host: EJ Map 0.1.0 / arm64 / 48k (native)
threshold: [16] Low Threshold unit '' (class bands_or_stages) | positions 16 (16 evenly spaced), one process each, levels quiet to loud
links as instantiated (recorded, not written): [0] Low-Mid Band Link = 'Off', [40] Mid-High Band Link = 'Off'
ratio: 3 controls hold the ratio role | auto make-up disabled: no
default-threshold reference ('0.0', spec 4.7 check only):  -60.00 out-in -0.01  -58.00 out-in -0.01  -56.00 out-in -0.01  -54.00 out-in -0.01  -52.00 out-in -0.01  -50.00 out-in -0.02  -48.00 out-in -0.02  -46.00 out-in -0.03  -44.00 out-in -0.04  -42.00 out-in -0.04  -40.00 out-in -0.05  -38.00 out-in -0.07  -36.00 out-in -0.09  -34.00 out-in -0.11  -32.00 out-in -0.14  -30.00 out-in -0.17  -28.00 out-in -0.22  -26.00 out-in -0.27  -24.00 out-in -0.34  -22.00 out-in -0.43  -20.00 out-in -0.53  -18.00 out-in -0.66  -16.00 out-in -0.82  -14.00 out-in -1.01  -12.00 out-in -1.24  -10.00 out-in -1.51  -8.00 out-in -1.84  -6.00 out-in -2.22  -4.00 out-in -2.66  -2.00 out-in -3.17  0.00 out-in -3.75  (default gain is information only)
linear reference: each position's own gain at its quiet rung's upper level, checked against the lower (must differ by 6 dB within 0.1): -0.01 -0.01 -0.01 -0.01 -0.01 -0.01 -0.01 -0.01 -0.01 -0.01 -0.01 -0.01 -0.01 -0.01 -0.01 -0.01
reference ladder: 0 position(s) below the first rung
writes landed by: instack 16
write verify: 16 landed, 0 write_unlanded (skipped), in-stack read already matched on 16 of 16, pump slices total 16, longest confirm 3.1 ms, re-rendered 0
hold doubled at positions: none
still moving AFTER doubling (reading not used): none

pos   norm      display        red@-24  red@-12  red@-6    T(peak)   T-display
  0  0.0000    -40.0           0.32     1.24     2.24          --          
  1  0.0667    -37.3           0.32     1.24     2.24          --          
  2  0.1333    -34.7           0.32     1.24     2.24          --          
  3  0.2000    -32.0           0.32     1.24     2.24          --          
  4  0.2667    -29.3           0.32     1.24     2.24          --          
  5  0.3333    -26.7           0.32     1.24     2.24          --          
  6  0.4000    -24.0           0.32     1.24     2.24          --          
  7  0.4667    -21.3           0.32     1.24     2.24          --          
  8  0.5333    -18.7           0.32     1.24     2.24          --          
  9  0.6000    -16.0           0.32     1.24     2.24          --          
 10  0.6667    -13.3           0.32     1.24     2.24          --          
 11  0.7333    -10.7           0.32     1.24     2.24          --          
 12  0.8000    -8.0            0.32     1.24     2.24          --          
 13  0.8667    -5.3            0.32     1.24     2.24          --          
 14  0.9333    -2.7            0.32     1.24     2.24          --          
 15  1.0000    0.0             0.32     1.24     2.24          --          

1 MAP:             flat (no two positions differ by more than 1 dB at any test level) | sense -- | engage -60.00:none -58.00:none -56.00:none -54.00:none -52.00:none -50.00:none -48.00:none -46.00:none -44.00:none -42.00:none -40.00:none -38.00:none -36.00:none -34.00:none -32.00:none -30.00:none -28.00:none -26.00:none -24.00:none -22.00:none -20.00:none -18.00:none -16.00:none -14.00:none -12.00:none -10.00:none -8.00:none -6.00:none -4.00:none -2.00:none 0.00:none
2 engage drift:    null  (not a dB display)   (primary; displayLinear unset until the population decides)
   offset IQR:      null
3 displayOffsetDb: null
fixture: AudioUnit_75154755_1.0.12.rederived.json

CANDIDATE [31] Mid Threshold - re-derived
host: EJ Map 0.1.0 / arm64 / 48k (native)
threshold: [31] Mid Threshold unit '' (class bands_or_stages) | positions 16 (16 evenly spaced), one process each, levels quiet to loud
links as instantiated (recorded, not written): [0] Low-Mid Band Link = 'Off', [40] Mid-High Band Link = 'Off'
ratio: 3 controls hold the ratio role | auto make-up disabled: no
default-threshold reference ('0.0', spec 4.7 check only):  -60.00 out-in -0.01  -58.00 out-in -0.01  -56.00 out-in -0.01  -54.00 out-in -0.01  -52.00 out-in -0.01  -50.00 out-in -0.02  -48.00 out-in -0.02  -46.00 out-in -0.03  -44.00 out-in -0.04  -42.00 out-in -0.04  -40.00 out-in -0.05  -38.00 out-in -0.07  -36.00 out-in -0.09  -34.00 out-in -0.11  -32.00 out-in -0.14  -30.00 out-in -0.17  -28.00 out-in -0.22  -26.00 out-in -0.27  -24.00 out-in -0.34  -22.00 out-in -0.43  -20.00 out-in -0.53  -18.00 out-in -0.66  -16.00 out-in -0.82  -14.00 out-in -1.01  -12.00 out-in -1.24  -10.00 out-in -1.51  -8.00 out-in -1.84  -6.00 out-in -2.22  -4.00 out-in -2.66  -2.00 out-in -3.17  0.00 out-in -3.75  (default gain is information only)
linear reference: each position's own gain at its quiet rung's upper level, checked against the lower (must differ by 6 dB within 0.1): -0.07 -0.05 -0.04 -0.03 -0.10 -0.07 -0.05 -0.04 -0.03 -0.02 -0.10 -0.07 -0.05 -0.04 -0.03 -0.02 -0.02 -0.01
reference ladder: 10 position(s) below the first rung (0@-72 1@-72 2@-72 3@-72 4@-60 5@-60 6@-60 7@-60 8@-60 9@-60)
writes landed by: instack 18
write verify: 18 landed, 0 write_unlanded (skipped), in-stack read already matched on 18 of 18, pump slices total 18, longest confirm 3.1 ms, re-rendered 0
hold doubled at positions: none
still moving AFTER doubling (reading not used): none

pos   norm      display        red@-24  red@-12  red@-6    T(peak)   T-display
  0  0.0000    -40.0          10.66    18.12    22.31          --          
  1  0.0667    -37.3           9.24    16.36    20.43          --          
  2  0.1333    -34.7           7.96    14.72    18.67          --          
  3  0.1667    -33.3           7.31    13.86    17.73          --          
  4  0.2000    -32.0           6.58    12.92    16.72          --          
  5  0.2667    -29.3           5.50    11.39    15.03          --          
  6  0.3333    -26.7           4.56     9.98    13.45          --          
  7  0.4000    -24.0           3.70     8.60    11.87          --          
  8  0.4667    -21.3           2.96     7.32    10.37          --          
  9  0.5000    -20.0           2.64     6.74     9.68          --          
 10  0.5333    -18.7           2.20     6.04     8.86          --          
 11  0.6000    -16.0           1.72     5.01     7.57          --          
 12  0.6667    -13.3           1.33     4.10     6.39          --          
 13  0.7333    -10.7           1.02     3.33     5.35          --          
 14  0.8000    -8.0            0.77     2.64     4.39          --          
 15  0.8667    -5.3            0.58     2.07     3.54          --          
 16  0.9333    -2.7            0.44     1.62     2.85          --          
 17  1.0000    0.0             0.32     1.24     2.24          --          

1 MAP:             certified (ratio unknown (no ratio control): no dB-equivalent map) | sense lower_is_harder | engage -60.00:none -58.00:0 -56.00:1 -54.00:2 -52.00:3 -50.00:3 -48.00:4 -46.00:5 -44.00:6 -42.00:7 -40.00:8 -38.00:9 -36.00:10 -34.00:11 -32.00:12 -30.00:13 -28.00:13 -26.00:14 -24.00:15 -22.00:16 -20.00:17 -18.00:17 -16.00:17 -14.00:17 -12.00:17 -10.00:17 -8.00:17 -6.00:17 -4.00:17 -2.00:17 0.00:17
2 engage drift:    null  (not a dB display)   (primary; displayLinear unset until the population decides)
   offset IQR:      null
3 displayOffsetDb: null
fixture: AudioUnit_75154755_1.0.12.rederived.json

  -> multiband: multiband: profiling not built yet (Low, Mid, High; 3 threshold candidates)

=== tone checks: CLA-2A (m)
RE-DERIVED from traces (nothing measured) - CLA-2A (m) -> AudioUnit_46470363_15.0.70.rederived.json
host: EJ Map 0.1.0 / arm64 / 48k (native)
threshold: [1] Peak Reduction unit '' (class single_threshold) | positions 16 (16 evenly spaced), one process each, levels quiet to loud
ratio: no control holds the ratio role | auto make-up disabled: no
default-threshold reference ('46.00', spec 4.7 check only):  -60.00 out-in 8.44  -58.00 out-in 8.45  -56.00 out-in 8.45  -54.00 out-in 8.45  -52.00 out-in 8.45  -50.00 out-in 8.45  -48.00 out-in 8.45  -46.00 out-in 8.45  -44.00 out-in 8.45  -42.00 out-in 8.45  -40.00 out-in 8.45  -38.00 out-in 8.45  -36.00 out-in 8.46  -34.00 out-in 8.46  -32.00 out-in 8.46  -30.00 out-in 8.47  -28.00 out-in 8.47  -26.00 out-in 8.48  -24.00 out-in 8.48  -22.00 out-in 8.49  -20.00 out-in 8.50  -18.00 out-in 8.51  -16.00 out-in 8.47  -14.00 out-in 8.11  -12.00 out-in 7.20  -10.00 out-in 5.88  -8.00 out-in 4.45  -6.00 out-in 2.94  -4.00 out-in 1.44  -2.00 out-in -0.05  0.00 out-in -1.52  (default gain is information only)
linear reference: each position's own gain at its quiet rung's upper level, checked against the lower (must differ by 6 dB within 0.1): 0.00 0.00 0.00 0.00 0.00 0.00 0.00 0.00 0.00 0.00 0.00 0.00 0.00 0.00 0.00 0.00 0.00 0.00 0.00 0.00 0.00 0.00 0.00 0.00 0.00 -0.01
reference ladder: 0 position(s) below the first rung
writes landed by: instack 1 pump 25
write verify: 26 landed, 0 write_unlanded (skipped), in-stack read already matched on 1 of 26, pump slices total 159, longest confirm 30.7 ms, re-rendered 0
hold doubled at positions: none
still moving AFTER doubling (reading not used): none

pos   norm      display        red@-24  red@-12  red@-6    T(peak)   T-display
  0  0.0000    0.00           -0.04    -0.09    -0.12          --          
  1  0.0667    14.48          -0.04    -0.09    -0.12          --          
  2  0.1333    24.20          -0.04    -0.09    -0.12          --          
  3  0.2000    30.72          -0.04    -0.09    -0.12          --          
  4  0.2667    35.12          -0.04    -0.09    -0.12          --          
  5  0.3333    38.04          -0.04    -0.09    -0.12          --          
  6  0.4000    40.00          -0.04    -0.09    -0.12          --          
  7  0.4667    41.44          -0.04    -0.09     0.08          --          
  8  0.5000    42.36          -0.04    -0.09     0.66          --          
  9  0.5333    43.40          -0.04    -0.08     1.82          --          
 10  0.5667    44.64          -0.04     0.15     3.53          --          
 11  0.6000    46.08          -0.04     1.35     5.63          --          
 12  0.6222    47.16          -0.04     2.77     7.21          --          
 13  0.6444    48.36          -0.04     4.47     8.95          --          
 14  0.6667    49.72          -0.02     6.47    10.94          --          
 15  0.7000    52.00           0.14     7.80    12.31          --          
 16  0.7333    54.68           0.62     9.03    13.57          --          
 17  0.7667    57.76           1.65    10.45    14.98          --          
 18  0.8000    61.40           3.21    12.17    16.63          --          
 19  0.8333    65.64           5.14    14.15    18.65          --          
 20  0.8667    70.56           7.42    16.38    20.99          --          
 21  0.8833    73.32           8.69    17.69    22.28          --          
 22  0.9000    76.32           9.76    18.81    23.37          --          
 23  0.9333    83.04          11.40    20.47    24.92          --          
 24  0.9667    90.88          13.31    22.38    26.72          --          
 25  1.0000    100.00         15.46    24.51    28.79          --          

1 MAP:             certified (ratio unknown (no ratio control): no dB-equivalent map) | sense higher_is_harder | engage -60.00:none -58.00:none -56.00:none -54.00:none -52.00:none -50.00:none -48.00:none -46.00:none -44.00:25 -42.00:24 -40.00:24 -38.00:23 -36.00:22 -34.00:20 -32.00:20 -30.00:19 -28.00:18 -26.00:17 -24.00:16 -22.00:15 -20.00:14 -18.00:13 -16.00:13 -14.00:12 -12.00:11 -10.00:10 -8.00:9 -6.00:8 -4.00:7 -2.00:7 0.00:6
2 engage drift:    null  (not a dB display)   (primary; displayLinear unset until the population decides)
   offset IQR:      null
3 displayOffsetDb: null
fixture: AudioUnit_46470363_15.0.70.rederived.json
  -> needs_review: export written (derive-only: the tone check was not run, nothing loaded); would be tone-checked by the follow-up

=== tone checks: Vertigo VSC-2
  linked_pair: linked pair 'Threshold' (measured, not by label): both certified; their 2 dB curves agree within 0.00 dB over 17 common positions; in the first's own sweep both output channels agree within 0.00 dB over 1330 readings. 'Threshold A' is the amount; 'Threshold B' and every link/mode control stay at their instantiate values (neutral)
CANDIDATE [4] Threshold A - re-derived
host: EJ Map 0.1.0 / arm64 / 48k (native)
threshold: [4] Threshold A unit 'dB' (class bands_or_stages) | positions 16 (16 evenly spaced), one process each, levels quiet to loud
links as instantiated (recorded, not written): [1] Link = 'Stereo'
ratio: 2 controls hold the ratio role | auto make-up disabled: no
default-threshold reference ('+11.8 dB', spec 4.7 check only):  -60.00 out-in 0.02  -58.00 out-in 0.02  -56.00 out-in 0.02  -54.00 out-in 0.02  -52.00 out-in 0.02  -50.00 out-in 0.02  -48.00 out-in 0.02  -46.00 out-in 0.02  -44.00 out-in 0.02  -42.00 out-in 0.02  -40.00 out-in 0.02  -38.00 out-in 0.02  -36.00 out-in 0.02  -34.00 out-in 0.02  -32.00 out-in 0.02  -30.00 out-in 0.02  -28.00 out-in 0.02  -26.00 out-in 0.02  -24.00 out-in 0.02  -22.00 out-in 0.02  -20.00 out-in 0.02  -18.00 out-in 0.02  -16.00 out-in 0.01  -14.00 out-in 0.02  -12.00 out-in 0.02  -10.00 out-in 0.01  -8.00 out-in 0.01  -6.00 out-in 0.01  -4.00 out-in 0.01  -2.00 out-in 0.01  0.00 out-in -0.00  (default gain is information only)
linear reference: each position's own gain at its quiet rung's upper level, checked against the lower (must differ by 6 dB within 0.1): -0.00 -0.00 -0.00 -0.00 -0.00 -0.00 -0.00 -0.00 -0.00 -0.00 -0.00 -0.00 -0.00 -0.00 -0.00 -0.00 -0.00 -0.00 -0.00
reference ladder: 0 position(s) below the first rung
writes landed by: instack 19
write verify: 19 landed, 0 write_unlanded (skipped), in-stack read already matched on 19 of 19, pump slices total 19, longest confirm 2.6 ms, re-rendered 0
hold doubled at positions: none
still moving AFTER doubling (reading not used): none

pos   norm      display        red@-24  red@-12  red@-6    T(peak)   T-display
  0  0.0000    -36.4 dB       11.06    20.84    25.82          --          
  1  0.0333    -34.7 dB        9.87    19.52    24.46          --          
  2  0.0667    -33.2 dB        8.80    18.33    23.21          --          
  3  0.1333    -30.5 dB        6.96    16.19    21.01          --          
  4  0.2000    -28.0 dB        5.38    14.33    19.09          --          
  5  0.2667    -25.8 dB        3.99    12.66    17.33          --          
  6  0.3333    -23.6 dB        2.75    11.08    15.70          --          
  7  0.4000    -21.6 dB        1.61     9.59    14.12          --          
  8  0.4667    -19.5 dB        0.59     8.11    12.56          --          
  9  0.5333    -17.3 dB       -0.00     6.62    10.96          --          
 10  0.6000    -15.0 dB       -0.00     5.05     9.28          --          
 11  0.6667    -12.4 dB       -0.00     3.40     7.48          --          
 12  0.7333    -9.4 dB        -0.00     1.63     5.47          --          
 13  0.7667    -7.8 dB        -0.00     0.73     4.38          --          
 14  0.8000    -5.9 dB        -0.00    -0.00     3.21          --          
 15  0.8333    -3.9 dB        -0.00    -0.00     1.98          --          
 16  0.8667    -1.6 dB        -0.00    -0.00     0.70          --          
 17  0.9333    +4.0 dB        -0.00    -0.00     0.00          --          
 18  1.0000    +11.8 dB       -0.00    -0.00     0.00          --          

1 MAP:             certified (ratio unknown (no ratio control): no dB-equivalent map) | sense lower_is_harder | engage -60.00:none -58.00:none -56.00:none -54.00:none -52.00:none -50.00:none -48.00:none -46.00:none -44.00:none -42.00:none -40.00:0 -38.00:1 -36.00:2 -34.00:3 -32.00:4 -30.00:5 -28.00:6 -26.00:7 -24.00:8 -22.00:9 -20.00:9 -18.00:10 -16.00:11 -14.00:12 -12.00:13 -10.00:14 -8.00:15 -6.00:16 -4.00:16 -2.00:16 0.00:17
2 engage drift:    0.35  -10.00:4.73  -12.00:4.61  -14.00:4.74  -16.00:4.55  -18.00:4.45  -2.00:4.43  -20.00:4.52  -22.00:4.72  -24.00:4.68  -26.00:4.65  -28.00:4.74  -30.00:4.63  -32.00:4.66  -34.00:4.52  -36.00:4.50  -38.00:4.64  -4.00:4.61  -40.00:4.79  -42.00:null  -44.00:null  -46.00:null  -48.00:null  -50.00:null  -52.00:null  -54.00:null  -56.00:null  -58.00:null  -6.00:4.76  -60.00:null  -8.00:4.69  0.00:4.74   (primary; displayLinear unset until the population decides)
   offset IQR:      null
3 displayOffsetDb: null
fixture: AudioUnit_75545232_1.15.1.rederived.json

CANDIDATE [11] Threshold B - re-derived
host: EJ Map 0.1.0 / arm64 / 48k (native)
threshold: [11] Threshold B unit 'dB' (class bands_or_stages) | positions 16 (16 evenly spaced), one process each, levels quiet to loud
links as instantiated (recorded, not written): [1] Link = 'Stereo'
ratio: 2 controls hold the ratio role | auto make-up disabled: no
default-threshold reference ('+11.8 dB', spec 4.7 check only):  -60.00 out-in 0.02  -58.00 out-in 0.02  -56.00 out-in 0.02  -54.00 out-in 0.02  -52.00 out-in 0.02  -50.00 out-in 0.02  -48.00 out-in 0.02  -46.00 out-in 0.02  -44.00 out-in 0.02  -42.00 out-in 0.02  -40.00 out-in 0.02  -38.00 out-in 0.02  -36.00 out-in 0.02  -34.00 out-in 0.02  -32.00 out-in 0.02  -30.00 out-in 0.02  -28.00 out-in 0.02  -26.00 out-in 0.02  -24.00 out-in 0.02  -22.00 out-in 0.02  -20.00 out-in 0.02  -18.00 out-in 0.02  -16.00 out-in 0.01  -14.00 out-in 0.02  -12.00 out-in 0.02  -10.00 out-in 0.01  -8.00 out-in 0.01  -6.00 out-in 0.01  -4.00 out-in 0.01  -2.00 out-in 0.01  0.00 out-in -0.00  (default gain is information only)
linear reference: each position's own gain at its quiet rung's upper level, checked against the lower (must differ by 6 dB within 0.1): -0.00 -0.00 -0.00 -0.00 -0.00 -0.00 -0.00 -0.00 -0.00 -0.00 -0.00 -0.00 -0.00 -0.00 -0.00 -0.00 -0.00 -0.00 -0.00
reference ladder: 0 position(s) below the first rung
writes landed by: instack 19
write verify: 19 landed, 0 write_unlanded (skipped), in-stack read already matched on 19 of 19, pump slices total 19, longest confirm 2.6 ms, re-rendered 0
hold doubled at positions: none
still moving AFTER doubling (reading not used): none

pos   norm      display        red@-24  red@-12  red@-6    T(peak)   T-display
  0  0.0000    -36.4 dB       11.06    20.84    25.82          --          
  1  0.0333    -34.7 dB        9.87    19.52    24.46          --          
  2  0.0667    -33.2 dB        8.80    18.33    23.21          --          
  3  0.1333    -30.5 dB        6.96    16.19    21.01          --          
  4  0.2000    -28.0 dB        5.38    14.33    19.09          --          
  5  0.2667    -25.8 dB        3.99    12.66    17.33          --          
  6  0.3333    -23.6 dB        2.75    11.08    15.70          --          
  7  0.4000    -21.6 dB        1.61     9.59    14.12          --          
  8  0.4667    -19.5 dB        0.59     8.11    12.56          --          
  9  0.5333    -17.3 dB       -0.00     6.62    10.96          --          
 10  0.6000    -15.0 dB       -0.00     5.05     9.28          --          
 11  0.6667    -12.4 dB       -0.00     3.40     7.48          --          
 12  0.7333    -9.4 dB        -0.00     1.63     5.47          --          
 13  0.7667    -7.8 dB        -0.00     0.73     4.38          --          
 14  0.8000    -5.9 dB        -0.00    -0.00     3.21          --          
 15  0.8333    -3.9 dB        -0.00    -0.00     1.98          --          
 16  0.8667    -1.6 dB        -0.00    -0.00     0.70          --          
 17  0.9333    +4.0 dB        -0.00    -0.00     0.00          --          
 18  1.0000    +11.8 dB       -0.00    -0.00     0.00          --          

1 MAP:             certified (ratio unknown (no ratio control): no dB-equivalent map) | sense lower_is_harder | engage -60.00:none -58.00:none -56.00:none -54.00:none -52.00:none -50.00:none -48.00:none -46.00:none -44.00:none -42.00:none -40.00:0 -38.00:1 -36.00:2 -34.00:3 -32.00:4 -30.00:5 -28.00:6 -26.00:7 -24.00:8 -22.00:9 -20.00:9 -18.00:10 -16.00:11 -14.00:12 -12.00:13 -10.00:14 -8.00:15 -6.00:16 -4.00:16 -2.00:16 0.00:17
2 engage drift:    0.35  -10.00:4.73  -12.00:4.61  -14.00:4.74  -16.00:4.55  -18.00:4.45  -2.00:4.43  -20.00:4.52  -22.00:4.72  -24.00:4.68  -26.00:4.65  -28.00:4.74  -30.00:4.63  -32.00:4.66  -34.00:4.52  -36.00:4.50  -38.00:4.64  -4.00:4.61  -40.00:4.79  -42.00:null  -44.00:null  -46.00:null  -48.00:null  -50.00:null  -52.00:null  -54.00:null  -56.00:null  -58.00:null  -6.00:4.76  -60.00:null  -8.00:4.69  0.00:4.74   (primary; displayLinear unset until the population decides)
   offset IQR:      null
3 displayOffsetDb: null
fixture: AudioUnit_75545232_1.15.1.rederived.json

  -> needs_review: would export in the follow-up: the pick needs its detector measured (one load) and the tone check (derive-only ran neither)

=== tone checks: PuigChild 660 (m)
RE-DERIVED from traces (nothing measured) - PuigChild 660 (m) -> AudioUnit_4c457963_15.0.70.rederived.json
host: EJ Map 0.1.0 / arm64 / 48k (native)
threshold: [3] Threshold unit '' (class single_threshold) | positions 16 (16 evenly spaced), one process each, levels quiet to loud
ratio: no control holds the ratio role | auto make-up disabled: no
default-threshold reference ('2.2', spec 4.7 check only):  -60.00 out-in 1.90  -58.00 out-in 1.90  -56.00 out-in 1.90  -54.00 out-in 1.90  -52.00 out-in 1.90  -50.00 out-in 1.90  -48.00 out-in 1.90  -46.00 out-in 1.90  -44.00 out-in 1.90  -42.00 out-in 1.90  -40.00 out-in 1.90  -38.00 out-in 1.90  -36.00 out-in 1.90  -34.00 out-in 1.90  -32.00 out-in 1.90  -30.00 out-in 1.91  -28.00 out-in 1.91  -26.00 out-in 1.91  -24.00 out-in 1.91  -22.00 out-in 1.91  -20.00 out-in 1.90  -18.00 out-in 1.86  -16.00 out-in 1.75  -14.00 out-in 1.51  -12.00 out-in 1.05  -10.00 out-in 0.30  -8.00 out-in -0.70  -6.00 out-in -1.89  -4.00 out-in -3.22  -2.00 out-in -4.64  0.00 out-in -6.16  (default gain is information only)
linear reference: each position's own gain at its quiet rung's upper level, checked against the lower (must differ by 6 dB within 0.1): -0.00 -0.00 -0.00 -0.00 -0.00 -0.00 -0.00 -0.00 -0.00 -0.00 -0.00 -0.00 -0.00 -0.00 -0.00 -0.00 -0.00 -0.00 -0.00
reference ladder: 0 position(s) below the first rung
writes landed by: pump 19
write verify: 19 landed, 0 write_unlanded (skipped), in-stack read already matched on 0 of 19, pump slices total 204, longest confirm 30.1 ms, re-rendered 0
hold doubled at positions: none
still moving AFTER doubling (reading not used): none

pos   norm      display        red@-24  red@-12  red@-6    T(peak)   T-display
  0  0.0000    0.0            -0.02    -0.06    -0.10          --          
  1  0.0667    0.7            -0.02    -0.06    -0.09          --          
  2  0.1333    1.3            -0.02     0.02     0.85          --          
  3  0.1500    1.5            -0.02     0.12     1.49          --          
  4  0.1667    1.7            -0.01     0.26     2.17          --          
  5  0.2000    2.0            -0.01     0.58     3.17          --          
  6  0.2333    2.3            -0.01     1.00     4.09          --          
  7  0.2667    2.7            -0.01     1.65     5.19          --          
  8  0.3333    3.3             0.00     2.67     6.63          --          
  9  0.4000    4.0             0.05     3.78     8.04          --          
 10  0.4667    4.7             0.13     4.79     9.25          --          
 11  0.5333    5.3             0.23     5.58    10.16          --          
 12  0.6000    6.0             0.38     6.41    11.11          --          
 13  0.6667    6.7             0.57     7.17    11.96          --          
 14  0.7333    7.3             0.76     7.76    12.63          --          
 15  0.8000    8.0             1.02     8.41    13.35          --          
 16  0.8667    8.7             1.29     9.01    14.01          --          
 17  0.9333    9.3             1.54     9.49    14.54          --          
 18  1.0000    10.0            1.84    10.02    15.12          --          

1 MAP:             certified (ratio unknown (no ratio control): no dB-equivalent map) | sense higher_is_harder | engage -60.00:none -58.00:none -56.00:none -54.00:none -52.00:none -50.00:none -48.00:none -46.00:none -44.00:none -42.00:none -40.00:none -38.00:none -36.00:none -34.00:none -32.00:none -30.00:none -28.00:18 -26.00:16 -24.00:13 -22.00:11 -20.00:10 -18.00:9 -16.00:8 -14.00:7 -12.00:5 -10.00:4 -8.00:3 -6.00:2 -4.00:2 -2.00:2 0.00:2
2 engage drift:    null  (not a dB display)   (primary; displayLinear unset until the population decides)
   offset IQR:      null
3 displayOffsetDb: null
fixture: AudioUnit_4c457963_15.0.70.rederived.json
  -> needs_review: export written (derive-only: the tone check was not run, nothing loaded); would be tone-checked by the follow-up

=== tone checks: VBC FG-Red
RE-DERIVED from traces (nothing measured) - VBC FG-Red -> AudioUnit_645b616d_1.3.5.rederived.json
host: EJ Map 0.1.0 / arm64 / 48k (native)
threshold: [2] Threshold unit 'dB' (class single_threshold) | positions 16 (16 evenly spaced), one process each, levels quiet to loud
ratio: [1] ran at '4.0' -> 4 (RAISED from '1.0', value READ BACK after the write) | auto make-up disabled: no
default-threshold reference ('0.0dB', spec 4.7 check only):  -60.00 out-in 0.10  -58.00 out-in 0.10  -56.00 out-in 0.10  -54.00 out-in 0.10  -52.00 out-in 0.10  -50.00 out-in 0.10  -48.00 out-in 0.10  -46.00 out-in 0.10  -44.00 out-in 0.10  -42.00 out-in 0.10  -40.00 out-in 0.10  -38.00 out-in 0.10  -36.00 out-in 0.10  -34.00 out-in 0.10  -32.00 out-in 0.10  -30.00 out-in 0.10  -28.00 out-in 0.10  -26.00 out-in 0.10  -24.00 out-in 0.10  -22.00 out-in 0.10  -20.00 out-in 0.10  -18.00 out-in 0.10  -16.00 out-in 0.10  -14.00 out-in 0.10  -12.00 out-in 0.10  -10.00 out-in 0.10  -8.00 out-in 0.10  -6.00 out-in 0.10  -4.00 out-in 0.10  -2.00 out-in 0.10  0.00 out-in 0.10  (default gain is information only)
linear reference: each position's own gain at its quiet rung's upper level, checked against the lower (must differ by 6 dB within 0.1): -0.00 -0.00 -0.00 -0.00 -0.00 -0.00 -0.00 -0.00 -0.00 -0.00 0.00 -0.00 -0.00 -0.00 -0.00 -0.00 -0.00 -0.00 -0.00 -0.00 -0.00 -0.00 -0.00 -0.00 -0.00 -0.00 -0.00 -0.00 0.00 0.00
reference ladder: 2 position(s) below the first rung (28@-60 29@-60)
writes landed by: instack 30
write verify: 30 landed, 0 write_unlanded (skipped), in-stack read already matched on 30 of 30, pump slices total 30, longest confirm 2.6 ms, re-rendered 0
hold doubled at positions: none
still moving AFTER doubling (reading not used): none

pos   norm      display        red@-24  red@-12  red@-6    T(peak)   T-display
  0  0.0000    0.0dB          -0.00    -0.00    -0.00   {"above": 0.0}          
  1  0.0667    -3.3dB         -0.00    -0.00    -0.00        -3.5     -0.20
  2  0.1000    -5.0dB         -0.00    -0.00    -0.00        -5.2     -0.20
  3  0.1333    -6.7dB         -0.00    -0.00     0.52        -6.9     -0.20
  4  0.1667    -8.3dB         -0.00    -0.00     1.84        -8.6     -0.30
  5  0.2000    -10.0dB        -0.00    -0.00     3.16       -10.3     -0.30
  6  0.2333    -11.7dB        -0.00    -0.00     4.49       -12.0     -0.30
  7  0.2667    -13.3dB        -0.00     1.05     5.81       -13.7     -0.40
  8  0.3000    -15.0dB        -0.00     2.37     7.13       -15.4     -0.40
  9  0.3333    -16.7dB        -0.00     3.69     8.45       -17.1     -0.40
 10  0.3667    -18.3dB        -0.00     5.01     9.77       -18.8     -0.50
 11  0.4000    -20.0dB        -0.00     6.34    11.09       -20.4     -0.40
 12  0.4333    -21.7dB        -0.00     7.66    12.41       -22.1     -0.40
 13  0.4667    -23.3dB        -0.00     8.98    13.72       -23.7     -0.40
 14  0.5000    -25.0dB         0.79    10.30    15.04       -25.4     -0.40
 15  0.5333    -26.7dB         2.11    11.62    16.35       -27.1     -0.40
 16  0.5667    -28.3dB         3.43    12.93    17.66       -28.8     -0.50
 17  0.6000    -30.0dB         4.75    14.25    18.98       -30.5     -0.50
 18  0.6333    -31.7dB         6.07    15.56    20.28       -32.1     -0.40
 19  0.6667    -33.3dB         7.39    16.88    21.59       -33.7     -0.40
 20  0.7000    -35.0dB         8.71    18.19    22.89       -35.5     -0.50
 21  0.7333    -36.7dB        10.03    19.50    24.19       -37.1     -0.40
 22  0.7667    -38.3dB        11.35    20.81    25.49       -38.8     -0.50
 23  0.8000    -40.0dB        12.67    22.11    26.79       -40.4     -0.40
 24  0.8333    -41.7dB        13.99    23.41    28.08       -42.1     -0.40
 25  0.8667    -43.3dB        15.30    24.71    29.36       -43.7     -0.40
 26  0.9000    -45.0dB        16.62    26.01    30.65       -45.4     -0.40
 27  0.9333    -46.7dB        17.93    27.30    31.92       -47.1     -0.40
 28  0.9667    -48.3dB        19.24    28.59    33.20       -48.8     -0.50
 29  1.0000    -50.0dB        20.55    29.88    34.47       -50.5     -0.50

1 MAP:             certified | sense higher_is_harder | engage -60.00:none -58.00:none -56.00:none -54.00:none -52.00:none -50.00:none -48.00:29 -46.00:27 -44.00:26 -42.00:25 -40.00:24 -38.00:23 -36.00:21 -34.00:20 -32.00:19 -30.00:18 -28.00:17 -26.00:15 -24.00:14 -22.00:13 -20.00:12 -18.00:11 -16.00:9 -14.00:8 -12.00:7 -10.00:6 -8.00:5 -6.00:3 -4.00:2 -2.00:1 0.00:1
2 engage drift:    0.16  -10.00:-0.72  -12.00:-0.59  -14.00:-0.63  -16.00:-0.67  -18.00:-0.61  -2.00:-0.59  -20.00:-0.71  -22.00:-0.59  -24.00:-0.63  -26.00:-0.67  -28.00:-0.61  -30.00:-0.71  -32.00:-0.59  -34.00:-0.63  -36.00:-0.67  -38.00:-0.61  -4.00:-0.63  -40.00:-0.71  -42.00:-0.59  -44.00:-0.63  -46.00:-0.67  -48.00:-0.61  -50.00:null  -52.00:null  -54.00:null  -56.00:null  -58.00:null  -6.00:-0.67  -60.00:null  -8.00:-0.61  0.00:-0.56   (primary; displayLinear unset until the population decides)
   offset IQR:      0.00 dB over 29 positions (min -0.50, max -0.20)
3 displayOffsetDb: -0.40  (inside spec 7's 2 dB bar)
fixture: AudioUnit_645b616d_1.3.5.rederived.json
  -> needs_review: export written (derive-only: the tone check was not run, nothing loaded); would be tone-checked by the follow-up

=== tone checks: C1 comp-sc (s)
RE-DERIVED from traces (nothing measured) - C1 comp-sc (s) -> AudioUnit_4937727d_15.0.70.rederived.json
host: EJ Map 0.1.0 / arm64 / 48k (native)
threshold: [8] Threshold unit 'dB' (class single_threshold) | positions 16 (16 evenly spaced), one process each, levels quiet to loud
ratio: [5] ran at '4.13:1' -> 4.13 (RAISED from '1.00:1', value READ BACK after the write) | auto make-up disabled: no
default-threshold reference ('0.0', spec 4.7 check only):  -60.00 out-in 0.00  -58.00 out-in 0.00  -56.00 out-in 0.00  -54.00 out-in 0.00  -52.00 out-in 0.01  -50.00 out-in 0.01  -48.00 out-in 0.01  -46.00 out-in 0.01  -44.00 out-in 0.01  -42.00 out-in 0.02  -40.00 out-in 0.02  -38.00 out-in 0.02  -36.00 out-in 0.03  -34.00 out-in 0.04  -32.00 out-in 0.05  -30.00 out-in 0.06  -28.00 out-in 0.07  -26.00 out-in 0.09  -24.00 out-in 0.10  -22.00 out-in 0.12  -20.00 out-in 0.14  -18.00 out-in 0.16  -16.00 out-in 0.17  -14.00 out-in 0.14  -12.00 out-in 0.07  -10.00 out-in -0.05  -8.00 out-in -0.24  -6.00 out-in -0.53  -4.00 out-in -0.92  -2.00 out-in -1.46  0.00 out-in -2.14  (default gain is information only)
linear reference: each position's own gain at its quiet rung's upper level, checked against the lower (must differ by 6 dB within 0.1): -4.78 -3.77 -2.22 -0.88 -0.17 0.05 -0.09 0.06 0.05 0.05 -0.03 0.04 0.06 0.06 0.05 -0.07 0.02 0.05 0.06 0.05 0.05 0.04 0.03 0.03 0.02 0.02 0.01 0.01 0.01 0.01 0.00 0.00
reference ladder: 10 position(s) below the first rung (5@-84 6@-72 7@-72 8@-72 9@-72 10@-60 11@-60 12@-60 13@-60 14@-60)
writes landed by: instack 1 pump 31
write verify: 32 landed, 0 write_unlanded (skipped), in-stack read already matched on 1 of 32, pump slices total 123, longest confirm 17.7 ms, re-rendered 0
hold doubled at positions: none
still moving AFTER doubling (reading not used): none

pos   norm      display        red@-24  red@-12  red@-6    T(peak)   T-display
  0  0.0000    -100.0            --       --       --          --          
  1  0.0667    -93.3             --       --       --          --          
  2  0.1333    -86.7             --       --       --          --          
  3  0.2000    -80.0             --       --       --          --          
  4  0.2667    -73.3             --       --       --          --          
  5  0.3333    -66.7          28.69    30.51    30.86       -67.4     -0.70
  6  0.4000    -60.0          26.34    29.66    30.36       -60.8     -0.80
  7  0.4667    -53.3          22.91    28.30    29.63       -55.0     -1.70
  8  0.4889    -51.1          21.46    27.59    29.21       -52.8     -1.70
  9  0.5111    -48.9          19.89    26.76    28.69       -50.1     -1.20
 10  0.5333    -46.7          18.24    25.82    28.09       -47.9     -1.20
 11  0.5556    -44.4          16.47    24.72    27.38       -45.8     -1.40
 12  0.5778    -42.2          14.66    23.47    26.52       -43.6     -1.40
 13  0.6000    -40.0          12.82    22.07    25.50       -41.5     -1.50
 14  0.6222    -37.8          11.00    20.54    24.35       -39.3     -1.50
 15  0.6444    -35.6           9.21    18.90    23.03       -37.1     -1.50
 16  0.6667    -33.3           7.54    17.17    21.62       -35.0     -1.70
 17  0.6889    -31.1           6.03    15.41    20.09       -32.9     -1.80
 18  0.7111    -28.9           4.64    13.58    18.42       -30.4     -1.50
 19  0.7333    -26.7           3.44    11.74    16.67       -27.9     -1.20
 20  0.7556    -24.4           2.40     9.86    14.77       -25.7     -1.30
 21  0.7778    -22.2           1.60     8.14    12.94       -23.5     -1.30
 22  0.8000    -20.0           0.99     6.54    11.11       -21.4     -1.40
 23  0.8222    -17.8           0.55     5.09     9.34       -19.2     -1.40
 24  0.8444    -15.6           0.24     3.82     7.65       -17.0     -1.40
 25  0.8667    -13.3           0.03     2.70     6.03       -14.6     -1.30
 26  0.8889    -11.1          -0.08     1.84     4.64       -12.7     -1.60
 27  0.9111    -8.9           -0.14     1.17     3.44       -10.9     -2.00
 28  0.9333    -6.7           -0.15     0.67     2.43        -9.2     -2.50
 29  0.9556    -4.4           -0.13     0.30     1.59        -7.6     -3.20
 30  0.9778    -2.2           -0.12     0.07     0.98        -6.0     -3.80
 31  1.0000    0.0            -0.10    -0.07     0.53        -4.6     -4.60

1 MAP:             certified | sense lower_is_harder | engage -60.00:7 -58.00:8 -56.00:8 -54.00:9 -52.00:10 -50.00:11 -48.00:12 -46.00:13 -44.00:14 -42.00:15 -40.00:16 -38.00:17 -36.00:18 -34.00:18 -32.00:19 -30.00:20 -28.00:21 -26.00:22 -24.00:23 -22.00:24 -20.00:24 -18.00:25 -16.00:26 -14.00:27 -12.00:28 -10.00:29 -8.00:30 -6.00:31 -4.00:31 -2.00:31 0.00:31
2 engage drift:    3.34  -10.00:6.09  -12.00:6.04  -14.00:6.00  -16.00:5.96  -18.00:5.91  -2.00:4.78  -20.00:5.86  -22.00:6.43  -24.00:6.43  -26.00:6.46  -28.00:6.48  -30.00:6.49  -32.00:6.49  -34.00:6.52  -36.00:7.13  -38.00:7.20  -4.00:5.59  -40.00:7.15  -42.00:6.64  -44.00:6.74  -46.00:6.79  -48.00:6.85  -50.00:6.94  -52.00:6.53  -54.00:6.36  -56.00:6.37  -58.00:6.99  -6.00:6.17  -60.00:6.98  -8.00:6.13  0.00:3.86   (primary; displayLinear unset until the population decides)
   offset IQR:      0.40 dB over 27 positions (min -4.60, max -0.70)
3 displayOffsetDb: -1.50  (inside spec 7's 2 dB bar)
fixture: AudioUnit_4937727d_15.0.70.rederived.json
  -> needs_review: export written (derive-only: the tone check was not run, nothing loaded); would be tone-checked by the follow-up

=== tone checks: Renaissance Axx (m)
RE-DERIVED from traces (nothing measured) - Renaissance Axx (m) -> AudioUnit_58476963_15.0.70.rederived.json
host: EJ Map 0.1.0 / arm64 / 48k (native)
threshold: [1] Threshold unit 'dB' (class single_threshold) | positions 16 (16 evenly spaced), one process each, levels quiet to loud
ratio: no control holds the ratio role | auto make-up disabled: no
default-threshold reference ('0.0', spec 4.7 check only):  -60.00 out-in 0.00  -58.00 out-in -0.00  -56.00 out-in 0.00  -54.00 out-in 0.00  -52.00 out-in -0.00  -50.00 out-in 0.00  -48.00 out-in -0.00  -46.00 out-in -0.00  -44.00 out-in 0.00  -42.00 out-in -0.00  -40.00 out-in 0.00  -38.00 out-in 0.00  -36.00 out-in -0.00  -34.00 out-in 0.00  -32.00 out-in 0.00  -30.00 out-in -0.00  -28.00 out-in 0.00  -26.00 out-in -0.00  -24.00 out-in -0.00  -22.00 out-in 0.00  -20.00 out-in -0.00  -18.00 out-in 0.00  -16.00 out-in 0.00  -14.00 out-in -0.00  -12.00 out-in 0.00  -10.00 out-in 0.00  -8.00 out-in -0.00  -6.00 out-in 0.00  -4.00 out-in -0.00  -2.00 out-in -0.00  0.00 out-in 0.00  (default gain is information only)
linear reference: each position's own gain at its quiet rung's upper level, checked against the lower (must differ by 6 dB within 0.1): -0.26 -0.17 -0.10 -0.07 -0.05 -0.04 -0.03 -0.03 -0.08 -0.07 -0.05 -0.04 -0.03 -0.03 -0.08 -0.06 -0.05 -0.04 -0.03 -0.09 -0.07 -0.05 -0.04 -0.03 -0.03 -0.02 -0.01 -0.01 -0.01 0.00
reference ladder: 16 position(s) below the first rung (3@-84 4@-84 5@-84 6@-84 7@-84 8@-72 9@-72 10@-72 11@-72 12@-72 13@-72 14@-60 15@-60 16@-60 17@-60 18@-60)
writes landed by: instack 1 pump 29
write verify: 30 landed, 0 write_unlanded (skipped), in-stack read already matched on 1 of 30, pump slices total 316, longest confirm 30.7 ms, re-rendered 0
hold doubled at positions: none
still moving AFTER doubling (reading not used): none

pos   norm      display        red@-24  red@-12  red@-6    T(peak)   T-display
  0  0.0000    -60.0             --       --       --          --          
  1  0.0667    -56.0             --       --       --          --          
  2  0.1333    -52.0             --       --       --          --          
  3  0.2000    -48.0          24.37    35.97    41.91          --          
  4  0.2333    -46.0          22.52    34.02    39.94          --          
  5  0.2667    -44.0          20.70    32.08    37.98          --          
  6  0.3000    -42.0          18.90    30.14    36.00          --          
  7  0.3333    -40.0          17.15    28.20    34.04          --          
  8  0.3667    -38.0          15.32    26.15    31.94          --          
  9  0.4000    -36.0          13.70    24.27    30.00          --          
 10  0.4333    -34.0          12.15    22.39    28.06          --          
 11  0.4667    -32.0          10.67    20.54    26.13          --          
 12  0.5000    -30.0           9.28    18.71    24.20          --          
 13  0.5333    -28.0           7.98    16.92    22.28          --          
 14  0.5667    -26.0           6.67    15.05    20.26          --          
 15  0.6000    -24.0           5.62    13.37    18.40          --          
 16  0.6333    -22.0           4.67    11.75    16.56          --          
 17  0.6667    -20.0           3.83    10.19    14.75          --          
 18  0.7000    -18.0           3.10     8.71    12.96          --          
 19  0.7333    -16.0           2.33     7.18    11.09          --          
 20  0.7667    -14.0           1.82     5.92     9.44          --          
 21  0.8000    -12.0           1.40     4.75     7.84          --          
 22  0.8333    -10.0           1.04     3.69     6.30          --          
 23  0.8500    -9.0            0.88     3.21     5.56          --          
 24  0.8667    -8.0            0.74     2.74     4.85          --          
 25  0.8889    -6.7            0.58     2.19     3.95          --          
 26  0.9111    -5.3            0.42     1.64     3.03          --          
 27  0.9222    -4.7            0.36     1.42     2.64          --          
 28  0.9333    -4.0            0.30     1.17     2.21          --          
 29  1.0000    0.0             0.00     0.00     0.00          --          

1 MAP:             certified (ratio unknown (no ratio control): no dB-equivalent map) | sense lower_is_harder | engage -60.00:7 -58.00:9 -56.00:10 -54.00:11 -52.00:12 -50.00:13 -48.00:13 -46.00:14 -44.00:16 -42.00:17 -40.00:18 -38.00:18 -36.00:19 -34.00:20 -32.00:21 -30.00:22 -28.00:23 -26.00:24 -24.00:25 -22.00:26 -20.00:27 -18.00:28 -16.00:28 -14.00:28 -12.00:28 -10.00:28 -8.00:28 -6.00:28 -4.00:28 -2.00:28 0.00:28
2 engage drift:    23.63  -10.00:8.24  -12.00:9.92  -14.00:11.54  -16.00:13.09  -18.00:14.53  -2.00:1.26  -20.00:15.79  -22.00:16.94  -24.00:17.91  -26.00:18.73  -28.00:19.45  -30.00:20.02  -32.00:20.30  -34.00:20.38  -36.00:20.13  -38.00:21.81  -4.00:3.02  -40.00:22.30  -42.00:22.30  -44.00:22.21  -46.00:20.80  -48.00:22.55  -50.00:23.13  -52.00:23.04  -54.00:22.86  -56.00:22.63  -58.00:22.30  -6.00:4.77  -60.00:22.83  -8.00:6.52  0.00:-0.50   (primary; displayLinear unset until the population decides)
   offset IQR:      null
3 displayOffsetDb: null
fixture: AudioUnit_58476963_15.0.70.rederived.json
  -> needs_review: export written (derive-only: the tone check was not run, nothing loaded); would be tone-checked by the follow-up

=== tone checks: Lindell SBC
RE-DERIVED from traces (nothing measured) - Lindell SBC -> AudioUnit_6f747363_1.0.3.rederived.json
host: EJ Map 0.1.0 / arm64 / 48k (native)
threshold: [13] Threshold unit '' (class single_threshold) | positions 16 (16 evenly spaced), one process each, levels quiet to loud
links as instantiated (recorded, not written): [5] Link = 'Off', [10] Link HP = 'Off', [11] Link LP = 'Off'
ratio: [8] ran at '4:1' -> 4 | auto make-up disabled: no
default-threshold reference ('-1.61', spec 4.7 check only):  -60.00 out-in -0.02  -58.00 out-in -0.01  -56.00 out-in -0.01  -54.00 out-in -0.01  -52.00 out-in -0.01  -50.00 out-in -0.02  -48.00 out-in -0.01  -46.00 out-in -0.01  -44.00 out-in -0.02  -42.00 out-in -0.01  -40.00 out-in -0.01  -38.00 out-in -0.02  -36.00 out-in -0.01  -34.00 out-in -0.02  -32.00 out-in -0.02  -30.00 out-in -0.02  -28.00 out-in -0.02  -26.00 out-in -0.02  -24.00 out-in -0.07  -22.00 out-in -0.30  -20.00 out-in -0.68  -18.00 out-in -1.17  -16.00 out-in -1.73  -14.00 out-in -2.35  -12.00 out-in -3.06  -10.00 out-in -3.81  -8.00 out-in -4.59  -6.00 out-in -5.39  -4.00 out-in -6.17  -2.00 out-in -6.97  0.00 out-in -7.77  (default gain is information only)
linear reference: each position's own gain at its quiet rung's upper level, checked against the lower (must differ by 6 dB within 0.1): -0.00 -0.00 -0.00 -0.00 -0.00 -0.00 -0.00 -0.00 -0.00 -0.00 -0.00 -0.00 -0.00 -0.00 -0.00 -0.00
reference ladder: 0 position(s) below the first rung
writes landed by: instack 16
write verify: 16 landed, 0 write_unlanded (skipped), in-stack read already matched on 16 of 16, pump slices total 16, longest confirm 2.6 ms, re-rendered 0
hold doubled at positions: none
still moving AFTER doubling (reading not used): none

pos   norm      display        red@-24  red@-12  red@-6    T(peak)   T-display
  0  0.0000    10.00           0.01     0.01     0.58        -4.7          
  1  0.0667    9.20            0.01     0.05     1.05        -6.1          
  2  0.1333    8.40            0.01     0.28     1.58        -7.5          
  3  0.2000    6.93            0.01     0.64     2.18        -8.9          
  4  0.2667    4.78            0.01     1.07     2.83       -10.3          
  5  0.3333    2.97            0.01     1.55     3.52       -11.8          
  6  0.4000    1.31            0.01     2.11     4.25       -13.2          
  7  0.4667    -0.49           0.02     2.71     5.00       -14.1          
  8  0.5333    -2.73           0.13     3.38     5.75       -15.5          
  9  0.6000    -4.85           0.42     4.09     6.52       -17.0          
 10  0.6667    -6.77           0.81     4.84     7.32       -18.5          
 11  0.7333    -8.75           1.29     5.61     8.13       -19.9          
 12  0.8000    -10.92          1.87     6.44     8.99       -21.5          
 13  0.8667    -13.62          2.54     7.31     9.89       -23.5          
 14  0.9333    -16.78          3.33     8.23    10.81       -25.6          
 15  1.0000    -20.00          4.23     9.21    11.81       -28.2          

1 MAP:             certified | sense higher_is_harder | engage -60.00:none -58.00:none -56.00:none -54.00:none -52.00:none -50.00:none -48.00:none -46.00:none -44.00:none -42.00:none -40.00:none -38.00:none -36.00:15 -34.00:15 -32.00:14 -30.00:13 -28.00:12 -26.00:11 -24.00:10 -22.00:9 -20.00:8 -18.00:6 -16.00:5 -14.00:4 -12.00:3 -10.00:2 -8.00:1 -6.00:0 -4.00:0 -2.00:0 0.00:0
2 engage drift:    null  (not a dB display)   (primary; displayLinear unset until the population decides)
   offset IQR:      null
3 displayOffsetDb: null
fixture: AudioUnit_6f747363_1.0.3.rederived.json
  -> needs_review: export written (derive-only: the tone check was not run, nothing loaded); would be tone-checked by the follow-up

=== tone checks: Shadow Hills Mastering Compressor
  no measured rule: 4 candidates, 4 certified: no channel pair, no master, no Main/Aux
CANDIDATE [2] Optical Threshold 1 - re-derived
host: EJ Map 0.1.0 / arm64 / 48k (native)
threshold: [2] Optical Threshold 1 unit '' (class bands_or_stages) | positions 24 (every step), one process each, levels quiet to loud
ratio: 2 controls hold the ratio role | auto make-up disabled: no
default-threshold reference ('1', spec 4.7 check only):  -60.00 out-in 0.33  -58.00 out-in 0.33  -56.00 out-in 0.33  -54.00 out-in 0.33  -52.00 out-in 0.33  -50.00 out-in 0.33  -48.00 out-in 0.33  -46.00 out-in 0.33  -44.00 out-in 0.33  -42.00 out-in 0.33  -40.00 out-in 0.33  -38.00 out-in 0.33  -36.00 out-in 0.33  -34.00 out-in 0.33  -32.00 out-in 0.33  -30.00 out-in 0.33  -28.00 out-in 0.33  -26.00 out-in 0.33  -24.00 out-in 0.33  -22.00 out-in 0.33  -20.00 out-in 0.33  -18.00 out-in 0.33  -16.00 out-in 0.33  -14.00 out-in 0.33  -12.00 out-in 0.33  -10.00 out-in 0.33  -8.00 out-in 0.33  -6.00 out-in 0.33  -4.00 out-in 0.33  -2.00 out-in 0.32  0.00 out-in 0.32  (default gain is information only)
linear reference: each position's own gain at its quiet rung's upper level, checked against the lower (must differ by 6 dB within 0.1): -0.00 -0.00 -0.00 -0.00 -0.00 -0.00 -0.00 -0.00 -0.00 -0.00 -0.00 -0.00 -0.00 -0.00 -0.00 -0.00 -0.00 -0.00 -0.00 -0.00 -0.00 -0.00 -0.00 -0.00
reference ladder: 0 position(s) below the first rung
writes landed by: instack 24
write verify: 24 landed, 0 write_unlanded (skipped), in-stack read already matched on 24 of 24, pump slices total 24, longest confirm 2.6 ms, re-rendered 0
hold doubled at positions: none
still moving AFTER doubling (reading not used): none

pos   norm      display        red@-24  red@-12  red@-6    T(peak)   T-display
  0  0.0000    1              -0.00    -0.00     0.00          --          
  1  0.0435    2              -0.00    -0.00     0.00          --          
  2  0.0870    3              -0.00    -0.00     0.00          --          
  3  0.1304    4              -0.00    -0.00     0.00          --          
  4  0.1739    5              -0.00    -0.00     0.00          --          
  5  0.2174    6              -0.00    -0.00     0.92          --          
  6  0.2609    7              -0.00    -0.00     2.28          --          
  7  0.3043    8              -0.00     0.08     3.63          --          
  8  0.3478    9              -0.00     1.22     4.98          --          
  9  0.3913    10             -0.00     2.48     6.33          --          
 10  0.4348    11             -0.00     3.75     7.65          --          
 11  0.4783    12             -0.00     4.38     8.29          --          
 12  0.5217    13             -0.00     5.00     8.93          --          
 13  0.5652    14             -0.00     5.62     9.55          --          
 14  0.6087    15             -0.00     6.25    10.18          --          
 15  0.6522    16             -0.00     6.87    10.79          --          
 16  0.6957    17              0.06     7.48    11.41          --          
 17  0.7391    18              0.55     8.11    12.03          --          
 18  0.7826    19              1.09     8.73    12.65          --          
 19  0.8261    20              1.65     9.35    13.27          --          
 20  0.8696    21              2.24     9.97    13.88          --          
 21  0.9130    22              2.86    10.62    14.51          --          
 22  0.9565    23              3.48    11.26    15.15          --          
 23  1.0000    24              4.07    11.85    15.73          --          

1 MAP:             certified (ratio unknown (no ratio control): no dB-equivalent map) | sense higher_is_harder | engage -60.00:none -58.00:none -56.00:none -54.00:none -52.00:none -50.00:none -48.00:none -46.00:none -44.00:none -42.00:none -40.00:none -38.00:none -36.00:none -34.00:none -32.00:none -30.00:none -28.00:22 -26.00:19 -24.00:17 -22.00:15 -20.00:13 -18.00:11 -16.00:10 -14.00:9 -12.00:8 -10.00:7 -8.00:6 -6.00:5 -4.00:4 -2.00:4 0.00:3
2 engage drift:    null  (not a dB display)   (primary; displayLinear unset until the population decides)
   offset IQR:      null
3 displayOffsetDb: null
fixture: AudioUnit_704f5c43_1.5.1.rederived.json

CANDIDATE [5] Discrete Threshold 1 - re-derived
host: EJ Map 0.1.0 / arm64 / 48k (native)
threshold: [5] Discrete Threshold 1 unit '' (class bands_or_stages) | positions 24 (every step), one process each, levels quiet to loud
ratio: 2 controls hold the ratio role | auto make-up disabled: no
default-threshold reference ('1', spec 4.7 check only):  -60.00 out-in 0.33  -58.00 out-in 0.33  -56.00 out-in 0.33  -54.00 out-in 0.33  -52.00 out-in 0.33  -50.00 out-in 0.33  -48.00 out-in 0.33  -46.00 out-in 0.33  -44.00 out-in 0.33  -42.00 out-in 0.33  -40.00 out-in 0.33  -38.00 out-in 0.33  -36.00 out-in 0.33  -34.00 out-in 0.33  -32.00 out-in 0.33  -30.00 out-in 0.33  -28.00 out-in 0.33  -26.00 out-in 0.33  -24.00 out-in 0.33  -22.00 out-in 0.33  -20.00 out-in 0.33  -18.00 out-in 0.33  -16.00 out-in 0.33  -14.00 out-in 0.33  -12.00 out-in 0.33  -10.00 out-in 0.33  -8.00 out-in 0.33  -6.00 out-in 0.33  -4.00 out-in 0.33  -2.00 out-in 0.32  0.00 out-in 0.32  (default gain is information only)
linear reference: each position's own gain at its quiet rung's upper level, checked against the lower (must differ by 6 dB within 0.1): -0.00 -0.00 -0.00 -0.00 -0.00 -0.00 -0.00 -0.00 -0.00 -0.00 -0.00 -0.00 -0.00 -0.00 -0.00 -0.00 -0.00 -0.00 -0.00 0.00 0.00 0.00 0.00 -0.00
reference ladder: 5 position(s) below the first rung (19@-60 20@-60 21@-60 22@-60 23@-72)
writes landed by: instack 24
write verify: 24 landed, 0 write_unlanded (skipped), in-stack read already matched on 24 of 24, pump slices total 24, longest confirm 2.6 ms, re-rendered 0
hold doubled at positions: none
still moving AFTER doubling (reading not used): none

pos   norm      display        red@-24  red@-12  red@-6    T(peak)   T-display
  0  0.0000    1              -0.00    -0.00     0.00          --          
  1  0.0435    2              -0.00    -0.00     0.00          --          
  2  0.0870    3              -0.00    -0.00     0.00          --          
  3  0.1304    4              -0.00    -0.00     0.19          --          
  4  0.1739    5              -0.00    -0.00     0.91          --          
  5  0.2174    6              -0.00     0.10     1.94          --          
  6  0.2609    7              -0.00     0.74     3.20          --          
  7  0.3043    8              -0.00     1.69     4.67          --          
  8  0.3478    9              -0.00     2.89     6.38          --          
  9  0.3913    10             -0.00     4.30     8.18          --          
 10  0.4348    11              0.39     5.90    10.15          --          
 11  0.4783    12              1.19     7.70    12.35          --          
 12  0.5217    13              2.26     9.61    14.61          --          
 13  0.5652    14              3.55    11.74    17.01          --          
 14  0.6087    15              5.05    14.01    19.53          --          
 15  0.6522    16              6.79    16.40    22.14          --          
 16  0.6957    17              8.65    18.91    24.42          --          
 17  0.7391    18             10.69    21.55    26.29          --          
 18  0.7826    19             12.97    23.92    27.88          --          
 19  0.8261    20             15.34    25.93    29.26          --          
 20  0.8696    21             17.89    27.60    30.44          --          
 21  0.9130    22             20.58    29.05    31.35          --          
 22  0.9565    23             23.21    30.30    32.08          --          
 23  1.0000    24             25.43    31.26    32.66          --          

1 MAP:             certified (ratio unknown (no ratio control): no dB-equivalent map) | sense higher_is_harder | engage -60.00:none -58.00:23 -56.00:22 -54.00:22 -52.00:21 -50.00:20 -48.00:20 -46.00:19 -44.00:18 -42.00:17 -40.00:17 -38.00:16 -36.00:15 -34.00:14 -32.00:14 -30.00:13 -28.00:12 -26.00:11 -24.00:11 -22.00:10 -20.00:9 -18.00:8 -16.00:8 -14.00:7 -12.00:6 -10.00:5 -8.00:5 -6.00:4 -4.00:3 -2.00:3 0.00:2
2 engage drift:    null  (not a dB display)   (primary; displayLinear unset until the population decides)
   offset IQR:      null
3 displayOffsetDb: null
fixture: AudioUnit_704f5c43_1.5.1.rederived.json

CANDIDATE [14] Optical Threshold 2 - re-derived
host: EJ Map 0.1.0 / arm64 / 48k (native)
threshold: [14] Optical Threshold 2 unit '' (class bands_or_stages) | positions 24 (every step), one process each, levels quiet to loud
ratio: 2 controls hold the ratio role | auto make-up disabled: no
default-threshold reference ('1', spec 4.7 check only):  -60.00 out-in 0.33  -58.00 out-in 0.33  -56.00 out-in 0.33  -54.00 out-in 0.33  -52.00 out-in 0.33  -50.00 out-in 0.33  -48.00 out-in 0.33  -46.00 out-in 0.33  -44.00 out-in 0.33  -42.00 out-in 0.33  -40.00 out-in 0.33  -38.00 out-in 0.33  -36.00 out-in 0.33  -34.00 out-in 0.33  -32.00 out-in 0.33  -30.00 out-in 0.33  -28.00 out-in 0.33  -26.00 out-in 0.33  -24.00 out-in 0.33  -22.00 out-in 0.33  -20.00 out-in 0.33  -18.00 out-in 0.33  -16.00 out-in 0.33  -14.00 out-in 0.33  -12.00 out-in 0.33  -10.00 out-in 0.33  -8.00 out-in 0.33  -6.00 out-in 0.33  -4.00 out-in 0.33  -2.00 out-in 0.32  0.00 out-in 0.32  (default gain is information only)
linear reference: each position's own gain at its quiet rung's upper level, checked against the lower (must differ by 6 dB within 0.1): -0.00 -0.00 -0.00 -0.00 -0.00 -0.00 -0.00 -0.00 -0.00 -0.00 -0.00 -0.00 -0.00 -0.00 -0.00 -0.00 -0.00 -0.00 -0.00 -0.00 -0.00 -0.00 -0.00 -0.00
reference ladder: 0 position(s) below the first rung
writes landed by: instack 24
write verify: 24 landed, 0 write_unlanded (skipped), in-stack read already matched on 24 of 24, pump slices total 24, longest confirm 2.6 ms, re-rendered 0
hold doubled at positions: none
still moving AFTER doubling (reading not used): none

pos   norm      display        red@-24  red@-12  red@-6    T(peak)   T-display
  0  0.0000    1              -0.00    -0.00     0.00          --          
  1  0.0435    2              -0.00    -0.00     0.00          --          
  2  0.0870    3              -0.00    -0.00     0.00          --          
  3  0.1304    4              -0.00    -0.00     0.00          --          
  4  0.1739    5              -0.00    -0.00     0.00          --          
  5  0.2174    6              -0.00    -0.00     0.44          --          
  6  0.2609    7              -0.00    -0.00     0.99          --          
  7  0.3043    8              -0.00     0.04     1.45          --          
  8  0.3478    9              -0.00     0.57     1.81          --          
  9  0.3913    10             -0.00     1.06     2.10          --          
 10  0.4348    11             -0.00     1.48     2.32          --          
 11  0.4783    12             -0.00     1.65     2.40          --          
 12  0.5217    13             -0.00     1.81     2.47          --          
 13  0.5652    14             -0.00     1.94     2.54          --          
 14  0.6087    15             -0.00     2.07     2.59          --          
 15  0.6522    16             -0.00     2.17     2.63          --          
 16  0.6957    17              0.03     2.26     2.67          --          
 17  0.7391    18              0.26     2.34     2.70          --          
 18  0.7826    19              0.50     2.41     2.72          --          
 19  0.8261    20              0.73     2.46     2.73          --          
 20  0.8696    21              0.95     2.50     2.73          --          
 21  0.9130    22              1.15     2.53     2.73          --          
 22  0.9565    23              1.33     2.54     2.71          --          
 23  1.0000    24              1.48     2.54     2.69          --          

1 MAP:             certified (ratio unknown (no ratio control): no dB-equivalent map) | sense higher_is_harder | engage -60.00:none -58.00:none -56.00:none -54.00:none -52.00:none -50.00:none -48.00:none -46.00:none -44.00:none -42.00:none -40.00:none -38.00:none -36.00:none -34.00:none -32.00:none -30.00:none -28.00:23 -26.00:21 -24.00:19 -22.00:16 -20.00:14 -18.00:12 -16.00:10 -14.00:9 -12.00:8 -10.00:7 -8.00:6 -6.00:6 -4.00:5 -2.00:4 0.00:4
2 engage drift:    null  (not a dB display)   (primary; displayLinear unset until the population decides)
   offset IQR:      null
3 displayOffsetDb: null
fixture: AudioUnit_704f5c43_1.5.1.rederived.json

CANDIDATE [17] Discrete Threshold 2 - re-derived
host: EJ Map 0.1.0 / arm64 / 48k (native)
threshold: [17] Discrete Threshold 2 unit '' (class bands_or_stages) | positions 24 (every step), one process each, levels quiet to loud
ratio: 2 controls hold the ratio role | auto make-up disabled: no
default-threshold reference ('1', spec 4.7 check only):  -60.00 out-in 0.33  -58.00 out-in 0.33  -56.00 out-in 0.33  -54.00 out-in 0.33  -52.00 out-in 0.33  -50.00 out-in 0.33  -48.00 out-in 0.33  -46.00 out-in 0.33  -44.00 out-in 0.33  -42.00 out-in 0.33  -40.00 out-in 0.33  -38.00 out-in 0.33  -36.00 out-in 0.33  -34.00 out-in 0.33  -32.00 out-in 0.33  -30.00 out-in 0.33  -28.00 out-in 0.33  -26.00 out-in 0.33  -24.00 out-in 0.33  -22.00 out-in 0.33  -20.00 out-in 0.33  -18.00 out-in 0.33  -16.00 out-in 0.33  -14.00 out-in 0.33  -12.00 out-in 0.33  -10.00 out-in 0.33  -8.00 out-in 0.33  -6.00 out-in 0.33  -4.00 out-in 0.33  -2.00 out-in 0.32  0.00 out-in 0.32  (default gain is information only)
linear reference: each position's own gain at its quiet rung's upper level, checked against the lower (must differ by 6 dB within 0.1): -0.00 -0.00 -0.00 -0.00 -0.00 -0.00 -0.00 -0.00 -0.00 -0.00 -0.00 -0.00 -0.00 -0.00 -0.00 -0.00 -0.00 -0.00 -0.00 0.00 0.00 0.00 0.00 -0.00
reference ladder: 5 position(s) below the first rung (19@-60 20@-60 21@-60 22@-60 23@-72)
writes landed by: instack 24
write verify: 24 landed, 0 write_unlanded (skipped), in-stack read already matched on 24 of 24, pump slices total 24, longest confirm 2.6 ms, re-rendered 0
hold doubled at positions: none
still moving AFTER doubling (reading not used): none

pos   norm      display        red@-24  red@-12  red@-6    T(peak)   T-display
  0  0.0000    1              -0.00    -0.00     0.00          --          
  1  0.0435    2              -0.00    -0.00     0.00          --          
  2  0.0870    3              -0.00    -0.00     0.00          --          
  3  0.1304    4              -0.00    -0.00     0.09          --          
  4  0.1739    5              -0.00    -0.00     0.43          --          
  5  0.2174    6              -0.00     0.05     0.86          --          
  6  0.2609    7              -0.00     0.35     1.31          --          
  7  0.3043    8              -0.00     0.76     1.74          --          
  8  0.3478    9              -0.00     1.21     2.11          --          
  9  0.3913    10             -0.00     1.64     2.40          --          
 10  0.4348    11              0.19     2.02     2.61          --          
 11  0.4783    12              0.55     2.33     2.77          --          
 12  0.5217    13              0.98     2.56     2.86          --          
 13  0.5652    14              1.42     2.73     2.93          --          
 14  0.6087    15              1.83     2.84     2.96          --          
 15  0.6522    16              2.18     2.91     2.99          --          
 16  0.6957    17              2.45     2.95     3.00          --          
 17  0.7391    18              2.65     2.98     3.00          --          
 18  0.7826    19              2.79     2.99     3.01          --          
 19  0.8261    20              2.89     3.00     3.01          --          
 20  0.8696    21              2.94     3.00     3.01          --          
 21  0.9130    22              2.97     3.01     3.01          --          
 22  0.9565    23              2.99     3.01     3.01          --          
 23  1.0000    24              3.00     3.01     3.01          --          

1 MAP:             certified (ratio unknown (no ratio control): no dB-equivalent map) | sense higher_is_harder | engage -60.00:none -58.00:none -56.00:23 -54.00:22 -52.00:22 -50.00:21 -48.00:20 -46.00:20 -44.00:19 -42.00:18 -40.00:17 -38.00:17 -36.00:16 -34.00:15 -32.00:14 -30.00:14 -28.00:13 -26.00:12 -24.00:11 -22.00:11 -20.00:10 -18.00:9 -16.00:8 -14.00:8 -12.00:7 -10.00:6 -8.00:5 -6.00:5 -4.00:4 -2.00:3 0.00:2
2 engage drift:    null  (not a dB display)   (primary; displayLinear unset until the population decides)
   offset IQR:      null
3 displayOffsetDb: null
fixture: AudioUnit_704f5c43_1.5.1.rederived.json

  -> needs_review: 4 threshold candidates (a channel strip or multiband): no rule decides it, nobody picks

=== tone checks: C4 (s)
  no measured rule: 4 candidates, 1 certified: no channel pair, no master, no Main/Aux
CANDIDATE [14] Band 1 Thresh - re-derived
host: EJ Map 0.1.0 / arm64 / 48k (native)
threshold: [14] Band 1 Thresh unit 'dB' (class bands_or_stages) | positions 16 (16 evenly spaced), one process each, levels quiet to loud
ratio: no control holds the ratio role | auto make-up disabled: no
default-threshold reference ('-27.0', spec 4.7 check only):  -60.00 out-in -0.00  -58.00 out-in -0.00  -56.00 out-in -0.00  -54.00 out-in -0.00  -52.00 out-in -0.01  -50.00 out-in -0.01  -48.00 out-in -0.01  -46.00 out-in -0.02  -44.00 out-in -0.03  -42.00 out-in -0.05  -40.00 out-in -0.07  -38.00 out-in -0.11  -36.00 out-in -0.16  -34.00 out-in -0.24  -32.00 out-in -0.34  -30.00 out-in -0.49  -28.00 out-in -0.68  -26.00 out-in -0.93  -24.00 out-in -1.23  -22.00 out-in -1.60  -20.00 out-in -2.03  -18.00 out-in -2.51  -16.00 out-in -3.03  -14.00 out-in -3.56  -12.00 out-in -4.09  -10.00 out-in -4.60  -8.00 out-in -5.08  -6.00 out-in -5.52  -4.00 out-in -5.91  -2.00 out-in -6.26  0.00 out-in -6.55  (default gain is information only)
linear reference: each position's own gain at its quiet rung's upper level, checked against the lower (must differ by 6 dB within 0.1): -0.01 -0.01 -0.01 -0.01 -0.01 -0.01 -0.01 -0.01 -0.01 -0.01 -0.01 -0.01 -0.01 -0.01 -0.01 -0.01
reference ladder: 0 position(s) below the first rung
writes landed by: instack 1 pump 15
write verify: 16 landed, 0 write_unlanded (skipped), in-stack read already matched on 1 of 16, pump slices total 153, longest confirm 30.4 ms, re-rendered 0
hold doubled at positions: none
still moving AFTER doubling (reading not used): none

pos   norm      display        red@-24  red@-12  red@-6    T(peak)   T-display
  0  0.0000    -80.0           1.22     4.08     5.51          --          
  1  0.0667    -74.7           1.22     4.08     5.51          --          
  2  0.1333    -69.3           1.22     4.08     5.51          --          
  3  0.2000    -64.0           1.22     4.08     5.51          --          
  4  0.2667    -58.7           1.22     4.08     5.51          --          
  5  0.3333    -53.3           1.22     4.08     5.51          --          
  6  0.4000    -48.0           1.22     4.08     5.51          --          
  7  0.4667    -42.7           1.22     4.08     5.51          --          
  8  0.5333    -37.3           1.22     4.08     5.51          --          
  9  0.6000    -32.0           1.22     4.08     5.51          --          
 10  0.6667    -26.7           1.22     4.08     5.51          --          
 11  0.7333    -21.3           1.22     4.08     5.51          --          
 12  0.8000    -16.0           1.22     4.08     5.51          --          
 13  0.8667    -10.7           1.22     4.08     5.51          --          
 14  0.9333    -5.3            1.22     4.08     5.51          --          
 15  1.0000    0.0             1.22     4.08     5.51          --          

1 MAP:             flat (no two positions differ by more than 1 dB at any test level) | sense -- | engage -60.00:none -58.00:none -56.00:none -54.00:none -52.00:none -50.00:none -48.00:none -46.00:none -44.00:none -42.00:none -40.00:none -38.00:none -36.00:none -34.00:none -32.00:none -30.00:none -28.00:none -26.00:none -24.00:none -22.00:none -20.00:none -18.00:none -16.00:none -14.00:none -12.00:none -10.00:none -8.00:none -6.00:none -4.00:none -2.00:none 0.00:none
2 engage drift:    null  (not a dB display)   (primary; displayLinear unset until the population decides)
   offset IQR:      null
3 displayOffsetDb: null
fixture: AudioUnit_4e43607d_15.0.70.rederived.json

CANDIDATE [21] Band 2 Thresh - re-derived
host: EJ Map 0.1.0 / arm64 / 48k (native)
threshold: [21] Band 2 Thresh unit 'dB' (class bands_or_stages) | positions 16 (16 evenly spaced), one process each, levels quiet to loud
ratio: no control holds the ratio role | auto make-up disabled: no
default-threshold reference ('-19.2', spec 4.7 check only):  -60.00 out-in -0.00  -58.00 out-in -0.00  -56.00 out-in -0.00  -54.00 out-in -0.00  -52.00 out-in -0.01  -50.00 out-in -0.01  -48.00 out-in -0.01  -46.00 out-in -0.02  -44.00 out-in -0.03  -42.00 out-in -0.05  -40.00 out-in -0.07  -38.00 out-in -0.11  -36.00 out-in -0.16  -34.00 out-in -0.24  -32.00 out-in -0.34  -30.00 out-in -0.49  -28.00 out-in -0.68  -26.00 out-in -0.93  -24.00 out-in -1.23  -22.00 out-in -1.60  -20.00 out-in -2.03  -18.00 out-in -2.51  -16.00 out-in -3.03  -14.00 out-in -3.56  -12.00 out-in -4.09  -10.00 out-in -4.60  -8.00 out-in -5.08  -6.00 out-in -5.52  -4.00 out-in -5.91  -2.00 out-in -6.26  0.00 out-in -6.55  (default gain is information only)
linear reference: each position's own gain at its quiet rung's upper level, checked against the lower (must differ by 6 dB within 0.1): -0.81 -0.41 -0.17 -0.06 -0.02 -0.01 -0.01 -0.08 -0.05 -0.03 -0.02 -0.01 -0.06 -0.03 -0.02 -0.01 -0.01 -0.08 -0.05 -0.03 -0.02 -0.01 -0.01 -0.00 -0.00 -0.00 -0.00 -0.00 -0.00
reference ladder: 14 position(s) below the first rung (3@-84 4@-84 5@-84 6@-84 7@-72 8@-72 9@-72 10@-72 11@-72 12@-60 13@-60 14@-60 15@-60 16@-60)
writes landed by: pump 29
write verify: 29 landed, 0 write_unlanded (skipped), in-stack read already matched on 0 of 29, pump slices total 297, longest confirm 30.3 ms, re-rendered 0
hold doubled at positions: none
still moving AFTER doubling (reading not used): none

pos   norm      display        red@-24  red@-12  red@-6    T(peak)   T-display
  0  0.0000    -80.0             --       --       --          --          
  1  0.0667    -74.7             --       --       --          --          
  2  0.1333    -69.3             --       --       --          --          
  3  0.2000    -64.0           7.39     7.50     7.57          --          
  4  0.2667    -58.7           7.35     7.54     7.61          --          
  5  0.3000    -56.0           7.29     7.53     7.62          --          
  6  0.3167    -54.7           7.24     7.52     7.61          --          
  7  0.3333    -53.3           7.09     7.40     7.50          --          
  8  0.3667    -50.7           7.00     7.42     7.53          --          
  9  0.4000    -48.0           6.85     7.40     7.54          --          
 10  0.4333    -45.3           6.63     7.35     7.52          --          
 11  0.4667    -42.7           6.34     7.27     7.48          --          
 12  0.5000    -40.0           5.88     7.08     7.35          --          
 13  0.5333    -37.3           5.43     6.96     7.31          --          
 14  0.5667    -34.7           4.90     6.78     7.22          --          
 15  0.6000    -32.0           4.26     6.52     7.08          --          
 16  0.6167    -30.7           3.93     6.37     7.00          --          
 17  0.6333    -29.3           3.46     6.07     6.79          --          
 18  0.6667    -26.7           2.82     5.70     6.59          --          
 19  0.7000    -24.0           2.18     5.20     6.29          --          
 20  0.7333    -21.3           1.60     4.60     5.89          --          
 21  0.7667    -18.7           1.14     3.95     5.41          --          
 22  0.8000    -16.0           0.77     3.24     4.81          --          
 23  0.8333    -13.3           0.49     2.55     4.15          --          
 24  0.8667    -10.7           0.31     1.93     3.46          --          
 25  0.9000    -8.0            0.19     1.39     2.75          --          
 26  0.9333    -5.3            0.11     0.95     2.10          --          
 27  0.9667    -2.7            0.07     0.64     1.54          --          
 28  1.0000    0.0             0.04     0.41     1.08          --          

1 MAP:             certified (ratio unknown (no ratio control): no dB-equivalent map) | sense lower_is_harder | engage -60.00:8 -58.00:9 -56.00:9 -54.00:10 -52.00:11 -50.00:11 -48.00:12 -46.00:13 -44.00:14 -42.00:15 -40.00:16 -38.00:17 -36.00:18 -34.00:19 -32.00:19 -30.00:20 -28.00:21 -26.00:22 -24.00:22 -22.00:23 -20.00:24 -18.00:25 -16.00:26 -14.00:26 -12.00:27 -10.00:28 -8.00:28 -6.00:28 -4.00:28 -2.00:28 0.00:28
2 engage drift:    3.58  -10.00:10.72  -12.00:10.46  -14.00:10.24  -16.00:10.74  -18.00:10.56  -2.00:7.80  -20.00:10.36  -22.00:10.18  -24.00:9.92  -26.00:10.47  -28.00:10.29  -30.00:10.08  -32.00:9.80  -34.00:10.21  -36.00:9.91  -38.00:9.11  -4.00:8.56  -40.00:10.36  -42.00:10.42  -44.00:10.20  -46.00:9.92  -48.00:9.12  -50.00:9.66  -52.00:10.27  -54.00:10.05  -56.00:9.80  -58.00:10.20  -6.00:9.36  -60.00:9.87  -8.00:10.13  0.00:7.16   (primary; displayLinear unset until the population decides)
   offset IQR:      null
3 displayOffsetDb: null
fixture: AudioUnit_4e43607d_15.0.70.rederived.json

CANDIDATE [28] Band 3 Thresh - re-derived
host: EJ Map 0.1.0 / arm64 / 48k (native)
threshold: [28] Band 3 Thresh unit 'dB' (class bands_or_stages) | positions 16 (16 evenly spaced), one process each, levels quiet to loud
ratio: no control holds the ratio role | auto make-up disabled: no
default-threshold reference ('-30.1', spec 4.7 check only):  -60.00 out-in -0.00  -58.00 out-in -0.00  -56.00 out-in -0.00  -54.00 out-in -0.00  -52.00 out-in -0.01  -50.00 out-in -0.01  -48.00 out-in -0.01  -46.00 out-in -0.02  -44.00 out-in -0.03  -42.00 out-in -0.05  -40.00 out-in -0.07  -38.00 out-in -0.11  -36.00 out-in -0.16  -34.00 out-in -0.24  -32.00 out-in -0.34  -30.00 out-in -0.49  -28.00 out-in -0.68  -26.00 out-in -0.93  -24.00 out-in -1.23  -22.00 out-in -1.60  -20.00 out-in -2.03  -18.00 out-in -2.51  -16.00 out-in -3.03  -14.00 out-in -3.56  -12.00 out-in -4.09  -10.00 out-in -4.60  -8.00 out-in -5.08  -6.00 out-in -5.52  -4.00 out-in -5.91  -2.00 out-in -6.26  0.00 out-in -6.55  (default gain is information only)
linear reference: each position's own gain at its quiet rung's upper level, checked against the lower (must differ by 6 dB within 0.1): -0.05 -0.04 -0.03 -0.02 -0.01 -0.01 -0.01 -0.01 -0.01 -0.01 -0.01 -0.01 -0.01 -0.01 -0.01 -0.01
reference ladder: 0 position(s) below the first rung
writes landed by: pump 16
write verify: 16 landed, 0 write_unlanded (skipped), in-stack read already matched on 0 of 16, pump slices total 170, longest confirm 30.6 ms, re-rendered 0
hold doubled at positions: none
still moving AFTER doubling (reading not used): none

pos   norm      display        red@-24  red@-12  red@-6    T(peak)   T-display
  0  0.0000    -80.0           1.33     4.24     5.68          --          
  1  0.0667    -74.7           1.35     4.27     5.71          --          
  2  0.1333    -69.3           1.36     4.29     5.73          --          
  3  0.2000    -64.0           1.35     4.30     5.74          --          
  4  0.2667    -58.7           1.33     4.29     5.74          --          
  5  0.3333    -53.3           1.29     4.26     5.72          --          
  6  0.4000    -48.0           1.26     4.22     5.69          --          
  7  0.4667    -42.7           1.24     4.17     5.65          --          
  8  0.5333    -37.3           1.23     4.12     5.58          --          
  9  0.6000    -32.0           1.22     4.09     5.53          --          
 10  0.6667    -26.7           1.22     4.07     5.48          --          
 11  0.7333    -21.3           1.22     4.06     5.46          --          
 12  0.8000    -16.0           1.22     4.06     5.45          --          
 13  0.8667    -10.7           1.22     4.05     5.44          --          
 14  0.9333    -5.3            1.22     4.05     5.44          --          
 15  1.0000    0.0             1.22     4.05     5.44          --          

1 MAP:             flat (no two positions differ by more than 1 dB at any test level) | sense -- | engage -60.00:none -58.00:none -56.00:none -54.00:none -52.00:none -50.00:none -48.00:none -46.00:none -44.00:none -42.00:none -40.00:none -38.00:none -36.00:none -34.00:none -32.00:none -30.00:none -28.00:none -26.00:none -24.00:none -22.00:none -20.00:none -18.00:none -16.00:none -14.00:none -12.00:none -10.00:none -8.00:none -6.00:none -4.00:none -2.00:none 0.00:none
2 engage drift:    null  (not a dB display)   (primary; displayLinear unset until the population decides)
   offset IQR:      null
3 displayOffsetDb: null
fixture: AudioUnit_4e43607d_15.0.70.rederived.json

CANDIDATE [35] Band 4 Thresh - re-derived
host: EJ Map 0.1.0 / arm64 / 48k (native)
threshold: [35] Band 4 Thresh unit 'dB' (class bands_or_stages) | positions 16 (16 evenly spaced), one process each, levels quiet to loud
ratio: no control holds the ratio role | auto make-up disabled: no
default-threshold reference ('-35.3', spec 4.7 check only):  -60.00 out-in -0.00  -58.00 out-in -0.00  -56.00 out-in -0.00  -54.00 out-in -0.00  -52.00 out-in -0.01  -50.00 out-in -0.01  -48.00 out-in -0.01  -46.00 out-in -0.02  -44.00 out-in -0.03  -42.00 out-in -0.05  -40.00 out-in -0.07  -38.00 out-in -0.11  -36.00 out-in -0.16  -34.00 out-in -0.24  -32.00 out-in -0.34  -30.00 out-in -0.49  -28.00 out-in -0.68  -26.00 out-in -0.93  -24.00 out-in -1.23  -22.00 out-in -1.60  -20.00 out-in -2.03  -18.00 out-in -2.51  -16.00 out-in -3.03  -14.00 out-in -3.56  -12.00 out-in -4.09  -10.00 out-in -4.60  -8.00 out-in -5.08  -6.00 out-in -5.52  -4.00 out-in -5.91  -2.00 out-in -6.26  0.00 out-in -6.55  (default gain is information only)
linear reference: each position's own gain at its quiet rung's upper level, checked against the lower (must differ by 6 dB within 0.1): -0.01 -0.01 -0.01 -0.01 -0.01 -0.01 -0.01 -0.01 -0.01 -0.01 -0.01 -0.01 -0.01 -0.01 -0.01 -0.01
reference ladder: 0 position(s) below the first rung
writes landed by: pump 16
write verify: 16 landed, 0 write_unlanded (skipped), in-stack read already matched on 0 of 16, pump slices total 168, longest confirm 30.4 ms, re-rendered 0
hold doubled at positions: none
still moving AFTER doubling (reading not used): none

pos   norm      display        red@-24  red@-12  red@-6    T(peak)   T-display
  0  0.0000    -80.0           1.22     4.08     5.51          --          
  1  0.0667    -74.7           1.22     4.08     5.51          --          
  2  0.1333    -69.3           1.22     4.08     5.51          --          
  3  0.2000    -64.0           1.22     4.08     5.51          --          
  4  0.2667    -58.7           1.22     4.08     5.51          --          
  5  0.3333    -53.3           1.22     4.08     5.51          --          
  6  0.4000    -48.0           1.22     4.08     5.51          --          
  7  0.4667    -42.7           1.22     4.08     5.51          --          
  8  0.5333    -37.3           1.22     4.08     5.51          --          
  9  0.6000    -32.0           1.22     4.08     5.51          --          
 10  0.6667    -26.7           1.22     4.08     5.51          --          
 11  0.7333    -21.3           1.22     4.08     5.51          --          
 12  0.8000    -16.0           1.22     4.08     5.51          --          
 13  0.8667    -10.7           1.22     4.08     5.51          --          
 14  0.9333    -5.3            1.22     4.08     5.51          --          
 15  1.0000    0.0             1.22     4.08     5.51          --          

1 MAP:             flat (no two positions differ by more than 1 dB at any test level) | sense -- | engage -60.00:none -58.00:none -56.00:none -54.00:none -52.00:none -50.00:none -48.00:none -46.00:none -44.00:none -42.00:none -40.00:none -38.00:none -36.00:none -34.00:none -32.00:none -30.00:none -28.00:none -26.00:none -24.00:none -22.00:none -20.00:none -18.00:none -16.00:none -14.00:none -12.00:none -10.00:none -8.00:none -6.00:none -4.00:none -2.00:none 0.00:none
2 engage drift:    null  (not a dB display)   (primary; displayLinear unset until the population decides)
   offset IQR:      null
3 displayOffsetDb: null
fixture: AudioUnit_4e43607d_15.0.70.rederived.json

  -> multiband: multiband: profiling not built yet (Band 1, Band 2, Band 3, Band 4; 4 threshold candidates)

=== tone checks: DPR-402 (m)
RE-DERIVED from traces (nothing measured) - DPR-402 (m) -> AudioUnit_48426363_15.0.70.rederived.json
host: EJ Map 0.1.0 / arm64 / 48k (native)
threshold: [2] Threshold unit 'dB' (class single_threshold) | positions 16 (16 evenly spaced), one process each, levels quiet to loud
ratio: [3] ran at '4.0' -> 4 | auto make-up disabled: no
default-threshold reference ('Out', spec 4.7 check only):  -60.00 out-in -0.00  -58.00 out-in -0.00  -56.00 out-in -0.00  -54.00 out-in -0.00  -52.00 out-in -0.00  -50.00 out-in -0.00  -48.00 out-in -0.00  -46.00 out-in -0.00  -44.00 out-in -0.00  -42.00 out-in -0.00  -40.00 out-in -0.00  -38.00 out-in -0.00  -36.00 out-in -0.00  -34.00 out-in -0.00  -32.00 out-in -0.00  -30.00 out-in -0.00  -28.00 out-in -0.00  -26.00 out-in -0.00  -24.00 out-in -0.00  -22.00 out-in -0.00  -20.00 out-in -0.00  -18.00 out-in -0.00  -16.00 out-in -0.00  -14.00 out-in -0.00  -12.00 out-in -0.00  -10.00 out-in -0.00  -8.00 out-in -0.00  -6.00 out-in -0.00  -4.00 out-in -0.00  -2.00 out-in -0.00  0.00 out-in -0.00  (default gain is information only)
linear reference: each position's own gain at its quiet rung's upper level, checked against the lower (must differ by 6 dB within 0.1): -0.00 -0.00 -0.00 -0.00 -0.00 0.00 0.00 0.00 0.00 0.00 0.00 0.00 0.00 0.00 0.00 0.00 0.00 0.00 0.00 0.00 0.00 0.00 0.00 0.00 0.00 0.00
reference ladder: 5 position(s) below the first rung (0@-60 1@-60 2@-60 3@-60 4@-60)
writes landed by: instack 1 pump 25
write verify: 26 landed, 0 write_unlanded (skipped), in-stack read already matched on 1 of 26, pump slices total 214, longest confirm 32.6 ms, re-rendered 0
hold doubled at positions: none
still moving AFTER doubling (reading not used): none

pos   norm      display        red@-24  red@-12  red@-6    T(peak)   T-display
  0  0.0000    -50.0 dB       20.11    24.28    24.40       -49.7      0.30
  1  0.0667    -46.7 dB       19.80    24.27    24.40       -49.4     -2.70
  2  0.1333    -43.3 dB       18.02    24.19    24.35       -47.3     -4.00
  3  0.2000    -40.0 dB       15.30    23.99    24.29       -44.4     -4.40
  4  0.2167    -39.2 dB       13.93    23.81    24.25       -43.0     -3.80
  5  0.2333    -38.3 dB       12.74    23.40    24.19       -41.4     -3.10
  6  0.2667    -36.7 dB       10.88    21.54    24.06       -39.2     -2.50
  7  0.3000    -35.0 dB        9.48    19.67    23.86       -37.3     -2.30
  8  0.3333    -33.3 dB        7.19    17.09    22.69       -34.4     -1.10
  9  0.3667    -31.7 dB        5.99    15.15    20.59       -32.3     -0.60
 10  0.4000    -30.0 dB        4.71    13.35    18.81       -30.3     -0.30
 11  0.4333    -28.3 dB        3.49    11.75    16.87       -28.3      0.00
 12  0.4667    -26.7 dB        2.76    10.41    15.31       -26.4      0.30
 13  0.5000    -25.0 dB        1.67     8.99    13.69       -24.8      0.20
 14  0.5333    -23.3 dB        1.22     7.64    12.47       -23.0      0.30
 15  0.5667    -21.7 dB        0.83     6.71    11.02       -21.4      0.30
 16  0.6000    -20.0 dB        0.47     5.57     9.76       -19.6      0.40
 17  0.6333    -18.3 dB        0.41     4.72     8.71       -18.3      0.00
 18  0.6667    -16.7 dB        0.00     3.85     7.54       -17.0     -0.30
 19  0.7333    -13.3 dB        0.00     2.31     5.64       -13.9     -0.60
 20  0.7667    -11.7 dB        0.00     1.51     4.66       -12.6     -0.90
 21  0.8000    -10.0 dB        0.00     1.03     3.46       -11.0     -1.00
 22  0.8333    -8.3 dB         0.00     0.55     2.58        -9.4     -1.10
 23  0.8667    -6.7 dB         0.00     0.09     1.43        -7.2     -0.50
 24  0.9333    -3.3 dB         0.00     0.00     0.00        -2.3      1.00
 25  1.0000    Out             0.00     0.00     0.00   {"above": 0.0}          

1 MAP:             certified | sense lower_is_harder | engage -60.00:none -58.00:none -56.00:none -54.00:none -52.00:1 -50.00:2 -48.00:3 -46.00:4 -44.00:5 -42.00:6 -40.00:7 -38.00:8 -36.00:9 -34.00:10 -32.00:11 -30.00:12 -28.00:13 -26.00:14 -24.00:15 -22.00:17 -20.00:18 -18.00:18 -16.00:20 -14.00:21 -12.00:22 -10.00:22 -8.00:23 -6.00:23 -4.00:23 -2.00:24 0.00:24
2 engage drift:    21.78  -10.00:3.60  -12.00:3.89  -14.00:4.18  -16.00:4.51  -18.00:4.47  -2.00:-1.03  -20.00:4.24  -22.00:4.08  -24.00:3.69  -26.00:3.67  -28.00:3.58  -30.00:3.71  -32.00:3.92  -34.00:4.23  -36.00:4.51  -38.00:4.98  -4.00:0.07  -40.00:6.09  -42.00:6.14  -44.00:6.53  -46.00:7.23  -48.00:8.52  -50.00:8.80  -52.00:19.19  -54.00:null  -56.00:null  -58.00:null  -6.00:0.59  -60.00:null  -8.00:2.57  0.00:-2.59   (primary; displayLinear unset until the population decides)
   offset IQR:      2.50 dB over 25 positions (min -4.40, max 1.00)
3 displayOffsetDb: -0.60  (inside spec 7's 2 dB bar)
fixture: AudioUnit_48426363_15.0.70.rederived.json
  -> needs_review: export written (derive-only: the tone check was not run, nothing loaded); would be tone-checked by the follow-up

=== tone checks: bx_opto
RE-DERIVED from traces (nothing measured) - bx_opto -> AudioUnit_417f7e74_1.10.1.rederived.json
host: EJ Map 0.1.0 / arm64 / 48k (native)
threshold: [2] Peak Reduction unit '' (class single_threshold) | positions 16 (16 evenly spaced), one process each, levels quiet to loud
ratio: no control holds the ratio role | auto make-up disabled: no
default-threshold reference ('0', spec 4.7 check only):  -60.00 out-in -0.02  -58.00 out-in -0.01  -56.00 out-in -0.01  -54.00 out-in -0.02  -52.00 out-in -0.01  -50.00 out-in -0.01  -48.00 out-in -0.01  -46.00 out-in -0.01  -44.00 out-in -0.01  -42.00 out-in -0.01  -40.00 out-in -0.01  -38.00 out-in -0.02  -36.00 out-in -0.01  -34.00 out-in -0.01  -32.00 out-in -0.02  -30.00 out-in -0.01  -28.00 out-in -0.01  -26.00 out-in -0.01  -24.00 out-in -0.01  -22.00 out-in -0.01  -20.00 out-in -0.01  -18.00 out-in -0.01  -16.00 out-in -0.02  -14.00 out-in -0.01  -12.00 out-in -0.01  -10.00 out-in -0.01  -8.00 out-in -0.01  -6.00 out-in -0.01  -4.00 out-in -0.01  -2.00 out-in -0.01  0.00 out-in -0.01  (default gain is information only)
linear reference: each position's own gain at its quiet rung's upper level, checked against the lower (must differ by 6 dB within 0.1): -0.00 -0.00 -0.00 -0.00 -0.00 -0.00 -0.00 -0.00 -0.00 -0.00 -0.00 -0.00 -0.00 -0.00 -0.00 -0.00 -0.00 -0.00 -0.00 -0.00 -0.00 -0.00 -0.00 0.00 0.00 0.00 0.00
reference ladder: 4 position(s) below the first rung (23@-60 24@-60 25@-60 26@-60)
writes landed by: instack 27
write verify: 27 landed, 0 write_unlanded (skipped), in-stack read already matched on 27 of 27, pump slices total 27, longest confirm 2.3 ms, re-rendered 0
hold doubled at positions: none
still moving AFTER doubling (reading not used): none

pos   norm      display        red@-24  red@-12  red@-6    T(peak)   T-display
  0  0.0000    0              -0.00    -0.00    -0.00          --          
  1  0.0667    6              -0.00    -0.00    -0.00          --          
  2  0.1333    13             -0.00    -0.00    -0.00          --          
  3  0.2000    20             -0.00    -0.00    -0.00          --          
  4  0.2667    26             -0.00    -0.00     0.43          --          
  5  0.3000    30             -0.00    -0.00     1.48          --          
  6  0.3333    33             -0.00     0.04     2.70          --          
  7  0.3667    36             -0.00     0.66     4.09          --          
  8  0.4000    40             -0.00     1.74     5.58          --          
  9  0.4333    43             -0.00     3.00     7.13          --          
 10  0.4667    46             -0.00     4.43     8.71          --          
 11  0.5000    50              0.00     5.94    10.31          --          
 12  0.5333    53              0.20     7.49    11.92          --          
 13  0.5667    56              1.14     9.08    13.52          --          
 14  0.6000    60              2.30    10.68    15.13          --          
 15  0.6333    63              3.65    12.29    16.72          --          
 16  0.6667    66              5.12    13.89    18.30          --          
 17  0.7000    70              6.65    15.50    19.87          --          
 18  0.7333    73              8.22    17.09    21.41          --          
 19  0.7667    76              9.82    18.66    22.93          --          
 20  0.8000    80             11.42    20.23    24.42          --          
 21  0.8333    83             13.03    21.77    25.90          --          
 22  0.8667    86             14.63    23.27    27.32          --          
 23  0.9000    90             16.24    24.77    28.73          --          
 24  0.9333    93             17.82    26.23    30.09          --          
 25  0.9667    96             19.39    27.65    31.40          --          
 26  1.0000    100            20.94    29.04    32.68          --          

1 MAP:             certified (ratio unknown (no ratio control): no dB-equivalent map) | sense higher_is_harder | engage -60.00:none -58.00:none -56.00:none -54.00:none -52.00:26 -50.00:25 -48.00:24 -46.00:23 -44.00:22 -42.00:21 -40.00:20 -38.00:19 -36.00:18 -34.00:17 -32.00:17 -30.00:16 -28.00:15 -26.00:14 -24.00:13 -22.00:12 -20.00:11 -18.00:10 -16.00:9 -14.00:8 -12.00:7 -10.00:6 -8.00:5 -6.00:5 -4.00:4 -2.00:4 0.00:3
2 engage drift:    null  (not a dB display)   (primary; displayLinear unset until the population decides)
   offset IQR:      null
3 displayOffsetDb: null
fixture: AudioUnit_417f7e74_1.10.1.rederived.json
  -> needs_review: export written (derive-only: the tone check was not run, nothing loaded); would be tone-checked by the follow-up

=== tone checks: Shadow Hills Class A Mastering Comp
  no measured rule: 4 candidates, 4 certified: no channel pair, no master, no Main/Aux
CANDIDATE [17] Optical Threshold 1 - re-derived
host: EJ Map 0.1.0 / arm64 / 48k (native)
threshold: [17] Optical Threshold 1 unit '' (class bands_or_stages) | positions 24 (every step), one process each, levels quiet to loud
links as instantiated (recorded, not written): [7] Parameter Link = 'Off'
ratio: 2 controls hold the ratio role | auto make-up disabled: no
default-threshold reference ('1', spec 4.7 check only):  -60.00 out-in 1.14  -58.00 out-in 1.14  -56.00 out-in 1.13  -54.00 out-in 1.14  -52.00 out-in 1.13  -50.00 out-in 1.13  -48.00 out-in 1.14  -46.00 out-in 1.13  -44.00 out-in 1.13  -42.00 out-in 1.14  -40.00 out-in 1.13  -38.00 out-in 1.14  -36.00 out-in 1.14  -34.00 out-in 1.13  -32.00 out-in 1.14  -30.00 out-in 1.13  -28.00 out-in 1.13  -26.00 out-in 1.14  -24.00 out-in 1.13  -22.00 out-in 1.13  -20.00 out-in 1.14  -18.00 out-in 1.13  -16.00 out-in 1.14  -14.00 out-in 1.13  -12.00 out-in 1.13  -10.00 out-in 1.13  -8.00 out-in 1.13  -6.00 out-in 1.13  -4.00 out-in 1.13  -2.00 out-in 1.12  0.00 out-in 1.12  (default gain is information only)
linear reference: each position's own gain at its quiet rung's upper level, checked against the lower (must differ by 6 dB within 0.1): 0.00 0.00 0.00 0.00 0.00 0.00 0.00 0.00 0.00 0.00 0.00 0.00 0.00 0.00 0.00 0.00 0.00 0.00 0.00 0.00 0.00 0.00 0.00 0.00
reference ladder: 0 position(s) below the first rung
writes landed by: instack 24
write verify: 24 landed, 0 write_unlanded (skipped), in-stack read already matched on 24 of 24, pump slices total 24, longest confirm 2.6 ms, re-rendered 0
hold doubled at positions: none
still moving AFTER doubling (reading not used): none

pos   norm      display        red@-24  red@-12  red@-6    T(peak)   T-display
  0  0.0000    1              -0.00     0.00     0.00          --          
  1  0.0435    2              -0.00     0.00     0.00          --          
  2  0.0870    3              -0.00     0.00     0.00          --          
  3  0.1304    4              -0.00     0.00     0.00          --          
  4  0.1739    5              -0.00     0.00     0.00          --          
  5  0.2174    6              -0.00     0.00     0.00          --          
  6  0.2609    7              -0.00     0.00     0.00          --          
  7  0.3043    8              -0.00     0.00     1.04          --          
  8  0.3478    9              -0.00     0.00     2.38          --          
  9  0.3913    10             -0.00     0.00     3.76          --          
 10  0.4348    11             -0.00     1.16     5.13          --          
 11  0.4783    12             -0.00     1.77     5.79          --          
 12  0.5217    13             -0.00     2.41     6.45          --          
 13  0.5652    14             -0.00     3.04     7.10          --          
 14  0.6087    15             -0.00     3.68     7.75          --          
 15  0.6522    16             -0.00     4.32     8.40          --          
 16  0.6957    17             -0.00     4.96     9.04          --          
 17  0.7391    18             -0.00     5.61     9.69          --          
 18  0.7826    19             -0.00     6.26    10.33          --          
 19  0.8261    20             -0.00     6.91    10.97          --          
 20  0.8696    21             -0.00     7.55    11.61          --          
 21  0.9130    22              0.33     8.23    12.28          --          
 22  0.9565    23              0.92     8.90    12.94          --          
 23  1.0000    24              1.50     9.51    13.54          --          

1 MAP:             certified (ratio unknown (no ratio control): no dB-equivalent map) | sense higher_is_harder | engage -60.00:none -58.00:none -56.00:none -54.00:none -52.00:none -50.00:none -48.00:none -46.00:none -44.00:none -42.00:none -40.00:none -38.00:none -36.00:none -34.00:none -32.00:none -30.00:none -28.00:none -26.00:none -24.00:22 -22.00:20 -20.00:18 -18.00:16 -16.00:14 -14.00:11 -12.00:10 -10.00:9 -8.00:8 -6.00:7 -4.00:6 -2.00:5 0.00:4
2 engage drift:    null  (not a dB display)   (primary; displayLinear unset until the population decides)
   offset IQR:      null
3 displayOffsetDb: null
fixture: AudioUnit_704f4855_1.4.1.rederived.json

CANDIDATE [20] Discrete Threshold 1 - re-derived
host: EJ Map 0.1.0 / arm64 / 48k (native)
threshold: [20] Discrete Threshold 1 unit '' (class bands_or_stages) | positions 24 (every step), one process each, levels quiet to loud
links as instantiated (recorded, not written): [7] Parameter Link = 'Off'
ratio: 2 controls hold the ratio role | auto make-up disabled: no
default-threshold reference ('1', spec 4.7 check only):  -60.00 out-in 1.14  -58.00 out-in 1.14  -56.00 out-in 1.13  -54.00 out-in 1.14  -52.00 out-in 1.13  -50.00 out-in 1.13  -48.00 out-in 1.14  -46.00 out-in 1.13  -44.00 out-in 1.13  -42.00 out-in 1.14  -40.00 out-in 1.13  -38.00 out-in 1.14  -36.00 out-in 1.14  -34.00 out-in 1.13  -32.00 out-in 1.14  -30.00 out-in 1.13  -28.00 out-in 1.13  -26.00 out-in 1.14  -24.00 out-in 1.13  -22.00 out-in 1.13  -20.00 out-in 1.14  -18.00 out-in 1.13  -16.00 out-in 1.14  -14.00 out-in 1.13  -12.00 out-in 1.13  -10.00 out-in 1.13  -8.00 out-in 1.13  -6.00 out-in 1.13  -4.00 out-in 1.13  -2.00 out-in 1.12  0.00 out-in 1.12  (default gain is information only)
linear reference: each position's own gain at its quiet rung's upper level, checked against the lower (must differ by 6 dB within 0.1): 0.00 0.00 0.00 0.00 0.00 0.00 0.00 0.00 0.00 0.00 0.00 0.00 0.00 0.00 0.00 0.00 0.00 -- 0.00 -- 0.00 -- -0.00 -- -0.00 -- -0.00 -0.07 -- 0.00
reference ladder: 5 position(s) below the first rung (22@-60 24@-60 26@-60 27@-60 29@-72)
writes landed by: instack 24 unlanded 6
write verify: 24 landed, 6 write_unlanded (skipped), in-stack read already matched on 24 of 24, pump slices total 24, longest confirm 2.6 ms, re-rendered 0
hold doubled at positions: none
still moving AFTER doubling (reading not used): none

pos   norm      display        red@-24  red@-12  red@-6    T(peak)   T-display
  0  0.0000    1              -0.00     0.00     0.00          --          
  1  0.0435    2              -0.00     0.00     0.00          --          
  2  0.0870    3              -0.00     0.00     0.00          --          
  3  0.1304    4              -0.00     0.00     0.00          --          
  4  0.1739    5              -0.00     0.00     0.13          --          
  5  0.2174    6              -0.00     0.00     0.54          --          
  6  0.2609    7              -0.00     0.00     0.88          --          
  7  0.3043    8              -0.00     0.33     1.58          --          
  8  0.3478    9              -0.00     0.86     2.42          --          
  9  0.3913    10             -0.00     1.56     3.39          --          
 10  0.4348    11             -0.00     2.39     4.48          --          
 11  0.4783    12              0.28     3.30     5.60          --          
 12  0.5217    13              0.78     4.36     6.91          --          
 13  0.5652    14              1.44     5.53     8.27          --          
 14  0.6087    15              2.13     6.67     9.51          --          
 15  0.6522    16              2.91     7.81    10.78          --          
 16  0.6957    17              3.94     9.23    12.39          --          
 17  0.7174                      --       --       --          --          
 18  0.7391    18              5.19    10.87    13.81          --          
 19  0.7609                      --       --       --          --          
 20  0.7826    19              6.71    12.69    15.06          --          
 21  0.8043                      --       --       --          --          
 22  0.8261    20              8.49    14.31    16.21          --          
 23  0.8478                      --       --       --          --          
 24  0.8696    21             10.07    15.40    16.97          --          
 25  0.8913                      --       --       --          --          
 26  0.9130    22             11.86    16.36    17.59          --          
 27  0.9565    23             13.37    17.02    17.97          --          
 28  0.9783                      --       --       --          --          
 29  1.0000    24             14.69    17.67    18.42          --          

1 MAP:             certified (ratio unknown (no ratio control): no dB-equivalent map) | sense higher_is_harder | engage -60.00:29 -58.00:29 -56.00:27 -54.00:27 -52.00:26 -50.00:24 -48.00:24 -46.00:22 -44.00:22 -42.00:20 -40.00:20 -38.00:18 -36.00:16 -34.00:16 -32.00:15 -30.00:14 -28.00:13 -26.00:13 -24.00:12 -22.00:11 -20.00:11 -18.00:10 -16.00:9 -14.00:9 -12.00:8 -10.00:7 -8.00:7 -6.00:5 -4.00:5 -2.00:4 0.00:3
2 engage drift:    null  (not a dB display)   (primary; displayLinear unset until the population decides)
   offset IQR:      null
3 displayOffsetDb: null
fixture: AudioUnit_704f4855_1.4.1.rederived.json

CANDIDATE [29] Optical Threshold 2 - re-derived
host: EJ Map 0.1.0 / arm64 / 48k (native)
threshold: [29] Optical Threshold 2 unit '' (class bands_or_stages) | positions 24 (every step), one process each, levels quiet to loud
links as instantiated (recorded, not written): [7] Parameter Link = 'Off'
ratio: 2 controls hold the ratio role | auto make-up disabled: no
default-threshold reference ('1', spec 4.7 check only):  -60.00 out-in 1.15  -58.00 out-in 1.15  -56.00 out-in 1.15  -54.00 out-in 1.16  -52.00 out-in 1.15  -50.00 out-in 1.15  -48.00 out-in 1.16  -46.00 out-in 1.15  -44.00 out-in 1.15  -42.00 out-in 1.16  -40.00 out-in 1.15  -38.00 out-in 1.15  -36.00 out-in 1.15  -34.00 out-in 1.15  -32.00 out-in 1.16  -30.00 out-in 1.15  -28.00 out-in 1.15  -26.00 out-in 1.16  -24.00 out-in 1.15  -22.00 out-in 1.15  -20.00 out-in 1.16  -18.00 out-in 1.15  -16.00 out-in 1.15  -14.00 out-in 1.15  -12.00 out-in 1.15  -10.00 out-in 1.15  -8.00 out-in 1.15  -6.00 out-in 1.15  -4.00 out-in 1.15  -2.00 out-in 1.14  0.00 out-in 1.14  (default gain is information only)
linear reference: each position's own gain at its quiet rung's upper level, checked against the lower (must differ by 6 dB within 0.1): 0.00 0.00 0.00 0.00 0.00 0.00 0.00 0.00 0.00 0.00 0.00 0.00 0.00 0.00 0.00 0.00 0.00 0.00 0.00 0.00 0.00 0.00 0.00 0.00
reference ladder: 0 position(s) below the first rung
writes landed by: instack 24
write verify: 24 landed, 0 write_unlanded (skipped), in-stack read already matched on 24 of 24, pump slices total 24, longest confirm 2.6 ms, re-rendered 0
hold doubled at positions: none
still moving AFTER doubling (reading not used): none

pos   norm      display        red@-24  red@-12  red@-6    T(peak)   T-display
  0  0.0000    1              -0.00     0.00     0.00          --          
  1  0.0435    2              -0.00     0.00     0.00          --          
  2  0.0870    3              -0.00     0.00     0.00          --          
  3  0.1304    4              -0.00     0.00     0.00          --          
  4  0.1739    5              -0.00     0.00     0.00          --          
  5  0.2174    6              -0.00     0.00     0.00          --          
  6  0.2609    7              -0.00     0.00     0.00          --          
  7  0.3043    8              -0.00     0.00     0.52          --          
  8  0.3478    9              -0.00     0.00     1.10          --          
  9  0.3913    10             -0.00     0.00     1.58          --          
 10  0.4348    11             -0.00     0.58     1.96          --          
 11  0.4783    12             -0.00     0.84     2.11          --          
 12  0.5217    13             -0.00     1.10     2.25          --          
 13  0.5652    14             -0.00     1.33     2.37          --          
 14  0.6087    15             -0.00     1.54     2.47          --          
 15  0.6522    16             -0.00     1.73     2.56          --          
 16  0.6957    17             -0.00     1.90     2.63          --          
 17  0.7391    18             -0.00     2.05     2.69          --          
 18  0.7826    19             -0.00     2.18     2.74          --          
 19  0.8261    20             -0.00     2.29     2.78          --          
 20  0.8696    21             -0.00     2.38     2.81          --          
 21  0.9130    22              0.17     2.45     2.82          --          
 22  0.9565    23              0.45     2.51     2.82          --          
 23  1.0000    24              0.69     2.54     2.81          --          

1 MAP:             certified (ratio unknown (no ratio control): no dB-equivalent map) | sense higher_is_harder | engage -60.00:none -58.00:none -56.00:none -54.00:none -52.00:none -50.00:none -48.00:none -46.00:none -44.00:none -42.00:none -40.00:none -38.00:none -36.00:none -34.00:none -32.00:none -30.00:none -28.00:none -26.00:none -24.00:23 -22.00:21 -20.00:19 -18.00:16 -16.00:14 -14.00:12 -12.00:10 -10.00:9 -8.00:8 -6.00:7 -4.00:7 -2.00:6 0.00:5
2 engage drift:    null  (not a dB display)   (primary; displayLinear unset until the population decides)
   offset IQR:      null
3 displayOffsetDb: null
fixture: AudioUnit_704f4855_1.4.1.rederived.json

CANDIDATE [32] Discrete Threshold 2 - re-derived
host: EJ Map 0.1.0 / arm64 / 48k (native)
threshold: [32] Discrete Threshold 2 unit '' (class bands_or_stages) | positions 24 (every step), one process each, levels quiet to loud
links as instantiated (recorded, not written): [7] Parameter Link = 'Off'
ratio: 2 controls hold the ratio role | auto make-up disabled: no
default-threshold reference ('1', spec 4.7 check only):  -60.00 out-in 1.15  -58.00 out-in 1.15  -56.00 out-in 1.15  -54.00 out-in 1.16  -52.00 out-in 1.15  -50.00 out-in 1.15  -48.00 out-in 1.16  -46.00 out-in 1.15  -44.00 out-in 1.15  -42.00 out-in 1.16  -40.00 out-in 1.15  -38.00 out-in 1.15  -36.00 out-in 1.15  -34.00 out-in 1.15  -32.00 out-in 1.16  -30.00 out-in 1.15  -28.00 out-in 1.15  -26.00 out-in 1.16  -24.00 out-in 1.15  -22.00 out-in 1.15  -20.00 out-in 1.16  -18.00 out-in 1.15  -16.00 out-in 1.15  -14.00 out-in 1.15  -12.00 out-in 1.15  -10.00 out-in 1.15  -8.00 out-in 1.15  -6.00 out-in 1.15  -4.00 out-in 1.15  -2.00 out-in 1.14  0.00 out-in 1.14  (default gain is information only)
linear reference: each position's own gain at its quiet rung's upper level, checked against the lower (must differ by 6 dB within 0.1): 0.00 0.00 0.00 0.00 0.00 0.00 0.00 0.00 0.00 0.00 0.00 0.00 0.00 0.00 0.00 0.00 0.00 -- 0.00 -- 0.00 -- -0.00 -- -0.00 -- -0.00 -0.05 -- 0.00
reference ladder: 5 position(s) below the first rung (22@-60 24@-60 26@-60 27@-60 29@-72)
writes landed by: instack 24 unlanded 6
write verify: 24 landed, 6 write_unlanded (skipped), in-stack read already matched on 24 of 24, pump slices total 24, longest confirm 2.6 ms, re-rendered 0
hold doubled at positions: none
still moving AFTER doubling (reading not used): none

pos   norm      display        red@-24  red@-12  red@-6    T(peak)   T-display
  0  0.0000    1              -0.00     0.00     0.00          --          
  1  0.0435    2              -0.00     0.00     0.00          --          
  2  0.0870    3              -0.00     0.00     0.00          --          
  3  0.1304    4              -0.00     0.00     0.00          --          
  4  0.1739    5              -0.00     0.00     0.09          --          
  5  0.2174    6              -0.00     0.00     0.31          --          
  6  0.2609    7              -0.00     0.03     0.47          --          
  7  0.3043    8              -0.00     0.20     0.80          --          
  8  0.3478    9              -0.00     0.47     1.14          --          
  9  0.3913    10             -0.00     0.78     1.49          --          
 10  0.4348    11             -0.00     1.13     1.82          --          
 11  0.4783    12              0.17     1.46     2.11          --          
 12  0.5217    13              0.42     1.79     2.37          --          
 13  0.5652    14              0.73     2.09     2.59          --          
 14  0.6087    15              1.02     2.33     2.74          --          
 15  0.6522    16              1.32     2.52     2.86          --          
 16  0.6957    17              1.66     2.70     2.97          --          
 17  0.7174                      --       --       --          --          
 18  0.7391    18              2.01     2.86     3.04          --          
 19  0.7609                      --       --       --          --          
 20  0.7826    19              2.33     2.98     3.08          --          
 21  0.8043                      --       --       --          --          
 22  0.8261    20              2.61     3.05     3.11          --          
 23  0.8478                      --       --       --          --          
 24  0.8696    21              2.79     3.09     3.13          --          
 25  0.8913                      --       --       --          --          
 26  0.9130    22              2.93     3.11     3.14          --          
 27  0.9565    23              2.96     3.08     3.10          --          
 28  0.9783                      --       --       --          --          
 29  1.0000    24              3.07     3.14     3.16          --          

1 MAP:             certified (ratio unknown (no ratio control): no dB-equivalent map) | sense higher_is_harder | engage -60.00:none -58.00:none -56.00:29 -54.00:29 -52.00:27 -50.00:26 -48.00:26 -46.00:24 -44.00:22 -42.00:22 -40.00:20 -38.00:20 -36.00:18 -34.00:16 -32.00:16 -30.00:15 -28.00:14 -26.00:13 -24.00:13 -22.00:12 -20.00:11 -18.00:11 -16.00:10 -14.00:9 -12.00:9 -10.00:8 -8.00:7 -6.00:7 -4.00:5 -2.00:5 0.00:4
2 engage drift:    null  (not a dB display)   (primary; displayLinear unset until the population decides)
   offset IQR:      null
3 displayOffsetDb: null
fixture: AudioUnit_704f4855_1.4.1.rederived.json

  -> needs_review: 4 threshold candidates (a channel strip or multiband): no rule decides it, nobody picks

=== tone checks: EMO-D5 (s)
REDERIVE: no traces for candidate 1
  re-derivation did not complete; the existing record is used
  -> needs_review: export written (derive-only: the tone check was not run, nothing loaded); would be tone-checked by the follow-up

=== tone checks: Spherix Compressor (12->12)
  no measured rule: 12 candidates, 12 certified: no channel pair, no master, no Main/Aux
CANDIDATE [10] Threshold L - re-derived
host: EJ Map 0.1.0 / arm64 / 48k (native)
threshold: [10] Threshold L unit 'dB' (class surround) | positions 16 (16 evenly spaced), one process each, levels quiet to loud
links as instantiated (recorded, not written): [5] Link Mode = 'Control', [6] Link Groups = 'Off'
ratio: 12 controls hold the ratio role | auto make-up disabled: yes
default-threshold reference ('0.0', spec 4.7 check only):  -60.00 out-in -0.01  -58.00 out-in -0.01  -56.00 out-in -0.01  -54.00 out-in -0.02  -52.00 out-in -0.02  -50.00 out-in -0.02  -48.00 out-in -0.03  -46.00 out-in -0.04  -44.00 out-in -0.05  -42.00 out-in -0.07  -40.00 out-in -0.08  -38.00 out-in -0.10  -36.00 out-in -0.13  -34.00 out-in -0.16  -32.00 out-in -0.20  -30.00 out-in -0.25  -28.00 out-in -0.32  -26.00 out-in -0.40  -24.00 out-in -0.50  -22.00 out-in -0.62  -20.00 out-in -0.78  -18.00 out-in -0.96  -16.00 out-in -1.19  -14.00 out-in -1.48  -12.00 out-in -1.82  -10.00 out-in -2.23  -8.00 out-in -2.73  -6.00 out-in -3.30  -4.00 out-in -4.02  -2.00 out-in -4.91  0.00 out-in -5.99  (default gain is information only)
linear reference: each position's own gain at its quiet rung's upper level, checked against the lower (must differ by 6 dB within 0.1): -0.24 -0.12 -0.06 -0.04 -0.03 -0.03 -0.09 -0.07 -0.06 -0.04 -0.03 -0.10 -0.07 -0.06 -0.04 -0.03 -0.03 -0.08 -0.06 -0.05 -0.04 -0.03 -0.02 -0.02
reference ladder: 15 position(s) below the first rung (2@-84 3@-84 4@-84 5@-84 6@-72 7@-72 8@-72 9@-72 10@-72 11@-60 12@-60 13@-60 14@-60 15@-60 16@-60)
writes landed by: instack 1 pump 23
write verify: 24 landed, 0 write_unlanded (skipped), in-stack read already matched on 1 of 24, pump slices total 117, longest confirm 33.1 ms, re-rendered 0
hold doubled at positions: none
still moving AFTER doubling (reading not used): none

pos   norm      display        red@-24  red@-12  red@-6    T(peak)   T-display
  0  0.0000    -60.0             --       --       --          --          
  1  0.0667    -53.6             --       --       --          --          
  2  0.1333    -47.2          22.34    33.34    38.91          --          
  3  0.1556    -45.1          20.51    31.42    36.99          --          
  4  0.1778    -42.9          18.63    29.40    34.97          --          
  5  0.2000    -40.8          16.88    27.47    33.03          --          
  6  0.2222    -38.7          15.05    25.43    30.97          --          
  7  0.2444    -36.5          13.37    23.48    28.96          --          
  8  0.2667    -34.8          12.12    21.98    27.42          --          
  9  0.3000    -32.4          10.44    19.91    25.25          --          
 10  0.3333    -30.0           8.89    17.87    23.10          --          
 11  0.3667    -27.6           7.32    15.76    20.85          --          
 12  0.4000    -25.2           6.08    13.90    18.81          --          
 13  0.4333    -22.8           4.99    12.12    16.82          --          
 14  0.4667    -20.4           4.04    10.44    14.90          --          
 15  0.5000    -18.0           3.24     8.89    13.06          --          
 16  0.5333    -16.8           2.89     8.16    12.17          --          
 17  0.6000    -14.4           2.16     6.68    10.36          --          
 18  0.6667    -12.0           1.70     5.52     8.82          --          
 19  0.7333    -9.6            1.32     4.50     7.42          --          
 20  0.8000    -7.2            1.03     3.62     6.16          --          
 21  0.8667    -4.8            0.79     2.89     5.04          --          
 22  0.9333    -2.4            0.61     2.28     4.08          --          
 23  1.0000    0.0             0.47     1.79     3.27          --          

1 MAP:             certified (ratio unknown (no ratio control): no dB-equivalent map) | sense lower_is_harder | engage -60.00:5 -58.00:7 -56.00:8 -54.00:9 -52.00:10 -50.00:10 -48.00:11 -46.00:12 -44.00:13 -42.00:14 -40.00:15 -38.00:16 -36.00:16 -34.00:17 -32.00:18 -30.00:19 -28.00:20 -26.00:21 -24.00:22 -22.00:23 -20.00:23 -18.00:23 -16.00:23 -14.00:23 -12.00:23 -10.00:23 -8.00:23 -6.00:23 -4.00:23 -2.00:23 0.00:23
2 engage drift:    11.68  -10.00:16.93  -12.00:18.27  -14.00:19.55  -16.00:20.75  -18.00:21.79  -2.00:12.17  -20.00:22.62  -22.00:23.21  -24.00:23.03  -26.00:22.78  -28.00:22.51  -30.00:22.23  -32.00:21.85  -34.00:20.56  -36.00:22.37  -38.00:22.90  -4.00:13.03  -40.00:22.80  -42.00:22.50  -44.00:22.17  -46.00:21.70  -48.00:20.72  -50.00:22.37  -52.00:22.80  -54.00:22.47  -56.00:22.16  -58.00:21.83  -6.00:14.19  -60.00:22.22  -8.00:15.56  0.00:11.53   (primary; displayLinear unset until the population decides)
   offset IQR:      null
3 displayOffsetDb: null
fixture: AudioUnit_4b457f6d_15.0.70.rederived.json

CANDIDATE [24] Threshold R - re-derived
host: EJ Map 0.1.0 / arm64 / 48k (native)
threshold: [24] Threshold R unit 'dB' (class surround) | positions 16 (16 evenly spaced), one process each, levels quiet to loud
links as instantiated (recorded, not written): [5] Link Mode = 'Control', [6] Link Groups = 'Off'
ratio: 12 controls hold the ratio role | auto make-up disabled: yes
default-threshold reference ('0.0', spec 4.7 check only):  -60.00 out-in -0.01  -58.00 out-in -0.01  -56.00 out-in -0.01  -54.00 out-in -0.02  -52.00 out-in -0.02  -50.00 out-in -0.02  -48.00 out-in -0.03  -46.00 out-in -0.04  -44.00 out-in -0.05  -42.00 out-in -0.07  -40.00 out-in -0.08  -38.00 out-in -0.10  -36.00 out-in -0.13  -34.00 out-in -0.16  -32.00 out-in -0.20  -30.00 out-in -0.25  -28.00 out-in -0.32  -26.00 out-in -0.40  -24.00 out-in -0.50  -22.00 out-in -0.62  -20.00 out-in -0.78  -18.00 out-in -0.96  -16.00 out-in -1.19  -14.00 out-in -1.48  -12.00 out-in -1.82  -10.00 out-in -2.23  -8.00 out-in -2.73  -6.00 out-in -3.30  -4.00 out-in -4.02  -2.00 out-in -4.91  0.00 out-in -5.99  (default gain is information only)
linear reference: each position's own gain at its quiet rung's upper level, checked against the lower (must differ by 6 dB within 0.1): -0.24 -0.12 -0.06 -0.04 -0.03 -0.03 -0.09 -0.07 -0.06 -0.04 -0.03 -0.10 -0.07 -0.06 -0.04 -0.03 -0.03 -0.08 -0.06 -0.05 -0.04 -0.03 -0.02 -0.02
reference ladder: 15 position(s) below the first rung (2@-84 3@-84 4@-84 5@-84 6@-72 7@-72 8@-72 9@-72 10@-72 11@-60 12@-60 13@-60 14@-60 15@-60 16@-60)
writes landed by: instack 1 pump 23
write verify: 24 landed, 0 write_unlanded (skipped), in-stack read already matched on 1 of 24, pump slices total 102, longest confirm 31.9 ms, re-rendered 0
hold doubled at positions: none
still moving AFTER doubling (reading not used): none

pos   norm      display        red@-24  red@-12  red@-6    T(peak)   T-display
  0  0.0000    -60.0             --       --       --          --          
  1  0.0667    -53.6             --       --       --          --          
  2  0.1333    -47.2          22.34    33.34    38.91          --          
  3  0.1556    -45.1          20.51    31.42    36.99          --          
  4  0.1778    -42.9          18.63    29.40    34.97          --          
  5  0.2000    -40.8          16.88    27.47    33.03          --          
  6  0.2222    -38.7          15.05    25.43    30.97          --          
  7  0.2444    -36.5          13.37    23.48    28.96          --          
  8  0.2667    -34.8          12.12    21.98    27.42          --          
  9  0.3000    -32.4          10.44    19.91    25.25          --          
 10  0.3333    -30.0           8.89    17.87    23.10          --          
 11  0.3667    -27.6           7.32    15.76    20.85          --          
 12  0.4000    -25.2           6.08    13.90    18.81          --          
 13  0.4333    -22.8           4.99    12.12    16.82          --          
 14  0.4667    -20.4           4.04    10.44    14.90          --          
 15  0.5000    -18.0           3.24     8.89    13.06          --          
 16  0.5333    -16.8           2.89     8.16    12.17          --          
 17  0.6000    -14.4           2.16     6.68    10.36          --          
 18  0.6667    -12.0           1.70     5.52     8.82          --          
 19  0.7333    -9.6            1.32     4.50     7.42          --          
 20  0.8000    -7.2            1.03     3.62     6.16          --          
 21  0.8667    -4.8            0.79     2.89     5.04          --          
 22  0.9333    -2.4            0.61     2.28     4.08          --          
 23  1.0000    0.0             0.47     1.79     3.27          --          

1 MAP:             certified (ratio unknown (no ratio control): no dB-equivalent map) | sense lower_is_harder | engage -60.00:5 -58.00:7 -56.00:8 -54.00:9 -52.00:10 -50.00:10 -48.00:11 -46.00:12 -44.00:13 -42.00:14 -40.00:15 -38.00:16 -36.00:16 -34.00:17 -32.00:18 -30.00:19 -28.00:20 -26.00:21 -24.00:22 -22.00:23 -20.00:23 -18.00:23 -16.00:23 -14.00:23 -12.00:23 -10.00:23 -8.00:23 -6.00:23 -4.00:23 -2.00:23 0.00:23
2 engage drift:    11.68  -10.00:16.93  -12.00:18.27  -14.00:19.55  -16.00:20.75  -18.00:21.79  -2.00:12.17  -20.00:22.62  -22.00:23.21  -24.00:23.03  -26.00:22.78  -28.00:22.51  -30.00:22.23  -32.00:21.85  -34.00:20.56  -36.00:22.37  -38.00:22.90  -4.00:13.03  -40.00:22.80  -42.00:22.50  -44.00:22.17  -46.00:21.70  -48.00:20.72  -50.00:22.37  -52.00:22.80  -54.00:22.47  -56.00:22.16  -58.00:21.83  -6.00:14.19  -60.00:22.22  -8.00:15.56  0.00:11.53   (primary; displayLinear unset until the population decides)
   offset IQR:      null
3 displayOffsetDb: null
fixture: AudioUnit_4b457f6d_15.0.70.rederived.json

CANDIDATE [38] Threshold C - re-derived
host: EJ Map 0.1.0 / arm64 / 48k (native)
threshold: [38] Threshold C unit 'dB' (class surround) | positions 16 (16 evenly spaced), one process each, levels quiet to loud
links as instantiated (recorded, not written): [5] Link Mode = 'Control', [6] Link Groups = 'Off'
ratio: 12 controls hold the ratio role | auto make-up disabled: yes
default-threshold reference ('0.0', spec 4.7 check only):  -60.00 out-in -0.01  -58.00 out-in -0.01  -56.00 out-in -0.01  -54.00 out-in -0.02  -52.00 out-in -0.02  -50.00 out-in -0.02  -48.00 out-in -0.03  -46.00 out-in -0.04  -44.00 out-in -0.05  -42.00 out-in -0.07  -40.00 out-in -0.08  -38.00 out-in -0.10  -36.00 out-in -0.13  -34.00 out-in -0.16  -32.00 out-in -0.20  -30.00 out-in -0.25  -28.00 out-in -0.32  -26.00 out-in -0.40  -24.00 out-in -0.50  -22.00 out-in -0.62  -20.00 out-in -0.78  -18.00 out-in -0.96  -16.00 out-in -1.19  -14.00 out-in -1.48  -12.00 out-in -1.82  -10.00 out-in -2.23  -8.00 out-in -2.73  -6.00 out-in -3.30  -4.00 out-in -4.02  -2.00 out-in -4.91  0.00 out-in -5.99  (default gain is information only)
linear reference: each position's own gain at its quiet rung's upper level, checked against the lower (must differ by 6 dB within 0.1): -0.24 -0.12 -0.06 -0.04 -0.03 -0.03 -0.09 -0.07 -0.06 -0.04 -0.03 -0.10 -0.07 -0.06 -0.04 -0.03 -0.03 -0.08 -0.06 -0.05 -0.04 -0.03 -0.02 -0.02
reference ladder: 15 position(s) below the first rung (2@-84 3@-84 4@-84 5@-84 6@-72 7@-72 8@-72 9@-72 10@-72 11@-60 12@-60 13@-60 14@-60 15@-60 16@-60)
writes landed by: instack 1 pump 23
write verify: 24 landed, 0 write_unlanded (skipped), in-stack read already matched on 1 of 24, pump slices total 108, longest confirm 32.7 ms, re-rendered 0
hold doubled at positions: none
still moving AFTER doubling (reading not used): none

pos   norm      display        red@-24  red@-12  red@-6    T(peak)   T-display
  0  0.0000    -60.0             --       --       --          --          
  1  0.0667    -53.6             --       --       --          --          
  2  0.1333    -47.2          22.34    33.34    38.91          --          
  3  0.1556    -45.1          20.51    31.42    36.99          --          
  4  0.1778    -42.9          18.63    29.40    34.97          --          
  5  0.2000    -40.8          16.88    27.47    33.03          --          
  6  0.2222    -38.7          15.05    25.43    30.97          --          
  7  0.2444    -36.5          13.37    23.48    28.96          --          
  8  0.2667    -34.8          12.12    21.98    27.42          --          
  9  0.3000    -32.4          10.44    19.91    25.25          --          
 10  0.3333    -30.0           8.89    17.87    23.10          --          
 11  0.3667    -27.6           7.32    15.76    20.85          --          
 12  0.4000    -25.2           6.08    13.90    18.81          --          
 13  0.4333    -22.8           4.99    12.12    16.82          --          
 14  0.4667    -20.4           4.04    10.44    14.90          --          
 15  0.5000    -18.0           3.24     8.89    13.06          --          
 16  0.5333    -16.8           2.89     8.16    12.17          --          
 17  0.6000    -14.4           2.16     6.68    10.36          --          
 18  0.6667    -12.0           1.70     5.52     8.82          --          
 19  0.7333    -9.6            1.32     4.50     7.42          --          
 20  0.8000    -7.2            1.03     3.62     6.16          --          
 21  0.8667    -4.8            0.79     2.89     5.04          --          
 22  0.9333    -2.4            0.61     2.28     4.08          --          
 23  1.0000    0.0             0.47     1.79     3.27          --          

1 MAP:             certified (ratio unknown (no ratio control): no dB-equivalent map) | sense lower_is_harder | engage -60.00:5 -58.00:7 -56.00:8 -54.00:9 -52.00:10 -50.00:10 -48.00:11 -46.00:12 -44.00:13 -42.00:14 -40.00:15 -38.00:16 -36.00:16 -34.00:17 -32.00:18 -30.00:19 -28.00:20 -26.00:21 -24.00:22 -22.00:23 -20.00:23 -18.00:23 -16.00:23 -14.00:23 -12.00:23 -10.00:23 -8.00:23 -6.00:23 -4.00:23 -2.00:23 0.00:23
2 engage drift:    11.68  -10.00:16.93  -12.00:18.27  -14.00:19.55  -16.00:20.75  -18.00:21.79  -2.00:12.17  -20.00:22.62  -22.00:23.21  -24.00:23.03  -26.00:22.78  -28.00:22.51  -30.00:22.23  -32.00:21.85  -34.00:20.56  -36.00:22.37  -38.00:22.90  -4.00:13.03  -40.00:22.80  -42.00:22.50  -44.00:22.17  -46.00:21.70  -48.00:20.72  -50.00:22.37  -52.00:22.80  -54.00:22.47  -56.00:22.16  -58.00:21.83  -6.00:14.19  -60.00:22.22  -8.00:15.56  0.00:11.53   (primary; displayLinear unset until the population decides)
   offset IQR:      null
3 displayOffsetDb: null
fixture: AudioUnit_4b457f6d_15.0.70.rederived.json

CANDIDATE [52] Threshold LFE - re-derived
host: EJ Map 0.1.0 / arm64 / 48k (native)
threshold: [52] Threshold LFE unit 'dB' (class surround) | positions 16 (16 evenly spaced), one process each, levels quiet to loud
links as instantiated (recorded, not written): [5] Link Mode = 'Control', [6] Link Groups = 'Off'
ratio: 12 controls hold the ratio role | auto make-up disabled: yes
default-threshold reference ('0.0', spec 4.7 check only):  -60.00 out-in -0.01  -58.00 out-in -0.01  -56.00 out-in -0.01  -54.00 out-in -0.02  -52.00 out-in -0.02  -50.00 out-in -0.02  -48.00 out-in -0.03  -46.00 out-in -0.04  -44.00 out-in -0.05  -42.00 out-in -0.07  -40.00 out-in -0.08  -38.00 out-in -0.10  -36.00 out-in -0.13  -34.00 out-in -0.16  -32.00 out-in -0.20  -30.00 out-in -0.25  -28.00 out-in -0.32  -26.00 out-in -0.40  -24.00 out-in -0.50  -22.00 out-in -0.62  -20.00 out-in -0.78  -18.00 out-in -0.96  -16.00 out-in -1.19  -14.00 out-in -1.48  -12.00 out-in -1.82  -10.00 out-in -2.23  -8.00 out-in -2.73  -6.00 out-in -3.30  -4.00 out-in -4.02  -2.00 out-in -4.91  0.00 out-in -5.99  (default gain is information only)
linear reference: each position's own gain at its quiet rung's upper level, checked against the lower (must differ by 6 dB within 0.1): -0.24 -0.12 -0.06 -0.04 -0.03 -0.03 -0.09 -0.07 -0.06 -0.04 -0.03 -0.10 -0.07 -0.06 -0.04 -0.03 -0.03 -0.08 -0.06 -0.05 -0.04 -0.03 -0.02 -0.02
reference ladder: 15 position(s) below the first rung (2@-84 3@-84 4@-84 5@-84 6@-72 7@-72 8@-72 9@-72 10@-72 11@-60 12@-60 13@-60 14@-60 15@-60 16@-60)
writes landed by: instack 1 pump 23
write verify: 24 landed, 0 write_unlanded (skipped), in-stack read already matched on 1 of 24, pump slices total 114, longest confirm 30.7 ms, re-rendered 0
hold doubled at positions: none
still moving AFTER doubling (reading not used): none

pos   norm      display        red@-24  red@-12  red@-6    T(peak)   T-display
  0  0.0000    -60.0             --       --       --          --          
  1  0.0667    -53.6             --       --       --          --          
  2  0.1333    -47.2          22.34    33.34    38.91          --          
  3  0.1556    -45.1          20.51    31.42    36.99          --          
  4  0.1778    -42.9          18.63    29.40    34.97          --          
  5  0.2000    -40.8          16.88    27.47    33.03          --          
  6  0.2222    -38.7          15.05    25.43    30.97          --          
  7  0.2444    -36.5          13.37    23.48    28.96          --          
  8  0.2667    -34.8          12.12    21.98    27.42          --          
  9  0.3000    -32.4          10.44    19.91    25.25          --          
 10  0.3333    -30.0           8.89    17.87    23.10          --          
 11  0.3667    -27.6           7.32    15.76    20.85          --          
 12  0.4000    -25.2           6.08    13.90    18.81          --          
 13  0.4333    -22.8           4.99    12.12    16.82          --          
 14  0.4667    -20.4           4.04    10.44    14.90          --          
 15  0.5000    -18.0           3.24     8.89    13.06          --          
 16  0.5333    -16.8           2.89     8.16    12.17          --          
 17  0.6000    -14.4           2.16     6.68    10.36          --          
 18  0.6667    -12.0           1.70     5.52     8.82          --          
 19  0.7333    -9.6            1.32     4.50     7.42          --          
 20  0.8000    -7.2            1.03     3.62     6.16          --          
 21  0.8667    -4.8            0.79     2.89     5.04          --          
 22  0.9333    -2.4            0.61     2.28     4.08          --          
 23  1.0000    0.0             0.47     1.79     3.27          --          

1 MAP:             certified (ratio unknown (no ratio control): no dB-equivalent map) | sense lower_is_harder | engage -60.00:5 -58.00:7 -56.00:8 -54.00:9 -52.00:10 -50.00:10 -48.00:11 -46.00:12 -44.00:13 -42.00:14 -40.00:15 -38.00:16 -36.00:16 -34.00:17 -32.00:18 -30.00:19 -28.00:20 -26.00:21 -24.00:22 -22.00:23 -20.00:23 -18.00:23 -16.00:23 -14.00:23 -12.00:23 -10.00:23 -8.00:23 -6.00:23 -4.00:23 -2.00:23 0.00:23
2 engage drift:    11.68  -10.00:16.93  -12.00:18.27  -14.00:19.55  -16.00:20.75  -18.00:21.79  -2.00:12.17  -20.00:22.62  -22.00:23.21  -24.00:23.03  -26.00:22.78  -28.00:22.51  -30.00:22.23  -32.00:21.85  -34.00:20.56  -36.00:22.37  -38.00:22.90  -4.00:13.03  -40.00:22.80  -42.00:22.50  -44.00:22.17  -46.00:21.70  -48.00:20.72  -50.00:22.37  -52.00:22.80  -54.00:22.47  -56.00:22.16  -58.00:21.83  -6.00:14.19  -60.00:22.22  -8.00:15.56  0.00:11.53   (primary; displayLinear unset until the population decides)
   offset IQR:      null
3 displayOffsetDb: null
fixture: AudioUnit_4b457f6d_15.0.70.rederived.json

CANDIDATE [66] Threshold LS - re-derived
host: EJ Map 0.1.0 / arm64 / 48k (native)
threshold: [66] Threshold LS unit 'dB' (class surround) | positions 16 (16 evenly spaced), one process each, levels quiet to loud
links as instantiated (recorded, not written): [5] Link Mode = 'Control', [6] Link Groups = 'Off'
ratio: 12 controls hold the ratio role | auto make-up disabled: yes
default-threshold reference ('0.0', spec 4.7 check only):  -60.00 out-in -0.01  -58.00 out-in -0.01  -56.00 out-in -0.01  -54.00 out-in -0.02  -52.00 out-in -0.02  -50.00 out-in -0.02  -48.00 out-in -0.03  -46.00 out-in -0.04  -44.00 out-in -0.05  -42.00 out-in -0.07  -40.00 out-in -0.08  -38.00 out-in -0.10  -36.00 out-in -0.13  -34.00 out-in -0.16  -32.00 out-in -0.20  -30.00 out-in -0.25  -28.00 out-in -0.32  -26.00 out-in -0.40  -24.00 out-in -0.50  -22.00 out-in -0.62  -20.00 out-in -0.78  -18.00 out-in -0.96  -16.00 out-in -1.19  -14.00 out-in -1.48  -12.00 out-in -1.82  -10.00 out-in -2.23  -8.00 out-in -2.73  -6.00 out-in -3.30  -4.00 out-in -4.02  -2.00 out-in -4.91  0.00 out-in -5.99  (default gain is information only)
linear reference: each position's own gain at its quiet rung's upper level, checked against the lower (must differ by 6 dB within 0.1): -0.24 -0.12 -0.06 -0.04 -0.03 -0.03 -0.09 -0.07 -0.06 -0.04 -0.03 -0.10 -0.07 -0.06 -0.04 -0.03 -0.03 -0.08 -0.06 -0.05 -0.04 -0.03 -0.02 -0.02
reference ladder: 15 position(s) below the first rung (2@-84 3@-84 4@-84 5@-84 6@-72 7@-72 8@-72 9@-72 10@-72 11@-60 12@-60 13@-60 14@-60 15@-60 16@-60)
writes landed by: instack 1 pump 23
write verify: 24 landed, 0 write_unlanded (skipped), in-stack read already matched on 1 of 24, pump slices total 114, longest confirm 33.1 ms, re-rendered 0
hold doubled at positions: none
still moving AFTER doubling (reading not used): none

pos   norm      display        red@-24  red@-12  red@-6    T(peak)   T-display
  0  0.0000    -60.0             --       --       --          --          
  1  0.0667    -53.6             --       --       --          --          
  2  0.1333    -47.2          22.34    33.34    38.91          --          
  3  0.1556    -45.1          20.51    31.42    36.99          --          
  4  0.1778    -42.9          18.63    29.40    34.97          --          
  5  0.2000    -40.8          16.88    27.47    33.03          --          
  6  0.2222    -38.7          15.05    25.43    30.97          --          
  7  0.2444    -36.5          13.37    23.48    28.96          --          
  8  0.2667    -34.8          12.12    21.98    27.42          --          
  9  0.3000    -32.4          10.44    19.91    25.25          --          
 10  0.3333    -30.0           8.89    17.87    23.10          --          
 11  0.3667    -27.6           7.32    15.76    20.85          --          
 12  0.4000    -25.2           6.08    13.90    18.81          --          
 13  0.4333    -22.8           4.99    12.12    16.82          --          
 14  0.4667    -20.4           4.04    10.44    14.90          --          
 15  0.5000    -18.0           3.24     8.89    13.06          --          
 16  0.5333    -16.8           2.89     8.16    12.17          --          
 17  0.6000    -14.4           2.16     6.68    10.36          --          
 18  0.6667    -12.0           1.70     5.52     8.82          --          
 19  0.7333    -9.6            1.32     4.50     7.42          --          
 20  0.8000    -7.2            1.03     3.62     6.16          --          
 21  0.8667    -4.8            0.79     2.89     5.04          --          
 22  0.9333    -2.4            0.61     2.28     4.08          --          
 23  1.0000    0.0             0.47     1.79     3.27          --          

1 MAP:             certified (ratio unknown (no ratio control): no dB-equivalent map) | sense lower_is_harder | engage -60.00:5 -58.00:7 -56.00:8 -54.00:9 -52.00:10 -50.00:10 -48.00:11 -46.00:12 -44.00:13 -42.00:14 -40.00:15 -38.00:16 -36.00:16 -34.00:17 -32.00:18 -30.00:19 -28.00:20 -26.00:21 -24.00:22 -22.00:23 -20.00:23 -18.00:23 -16.00:23 -14.00:23 -12.00:23 -10.00:23 -8.00:23 -6.00:23 -4.00:23 -2.00:23 0.00:23
2 engage drift:    11.68  -10.00:16.93  -12.00:18.27  -14.00:19.55  -16.00:20.75  -18.00:21.79  -2.00:12.17  -20.00:22.62  -22.00:23.21  -24.00:23.03  -26.00:22.78  -28.00:22.51  -30.00:22.23  -32.00:21.85  -34.00:20.56  -36.00:22.37  -38.00:22.90  -4.00:13.03  -40.00:22.80  -42.00:22.50  -44.00:22.17  -46.00:21.70  -48.00:20.72  -50.00:22.37  -52.00:22.80  -54.00:22.47  -56.00:22.16  -58.00:21.83  -6.00:14.19  -60.00:22.22  -8.00:15.56  0.00:11.53   (primary; displayLinear unset until the population decides)
   offset IQR:      null
3 displayOffsetDb: null
fixture: AudioUnit_4b457f6d_15.0.70.rederived.json

CANDIDATE [80] Threshold RS - re-derived
host: EJ Map 0.1.0 / arm64 / 48k (native)
threshold: [80] Threshold RS unit 'dB' (class surround) | positions 16 (16 evenly spaced), one process each, levels quiet to loud
links as instantiated (recorded, not written): [5] Link Mode = 'Control', [6] Link Groups = 'Off'
ratio: 12 controls hold the ratio role | auto make-up disabled: yes
default-threshold reference ('0.0', spec 4.7 check only):  -60.00 out-in -0.01  -58.00 out-in -0.01  -56.00 out-in -0.01  -54.00 out-in -0.02  -52.00 out-in -0.02  -50.00 out-in -0.02  -48.00 out-in -0.03  -46.00 out-in -0.04  -44.00 out-in -0.05  -42.00 out-in -0.07  -40.00 out-in -0.08  -38.00 out-in -0.10  -36.00 out-in -0.13  -34.00 out-in -0.16  -32.00 out-in -0.20  -30.00 out-in -0.25  -28.00 out-in -0.32  -26.00 out-in -0.40  -24.00 out-in -0.50  -22.00 out-in -0.62  -20.00 out-in -0.78  -18.00 out-in -0.96  -16.00 out-in -1.19  -14.00 out-in -1.48  -12.00 out-in -1.82  -10.00 out-in -2.23  -8.00 out-in -2.73  -6.00 out-in -3.30  -4.00 out-in -4.02  -2.00 out-in -4.91  0.00 out-in -5.99  (default gain is information only)
linear reference: each position's own gain at its quiet rung's upper level, checked against the lower (must differ by 6 dB within 0.1): -0.24 -0.12 -0.06 -0.04 -0.03 -0.03 -0.09 -0.07 -0.06 -0.04 -0.03 -0.10 -0.07 -0.06 -0.04 -0.03 -0.03 -0.08 -0.06 -0.05 -0.04 -0.03 -0.02 -0.02
reference ladder: 15 position(s) below the first rung (2@-84 3@-84 4@-84 5@-84 6@-72 7@-72 8@-72 9@-72 10@-72 11@-60 12@-60 13@-60 14@-60 15@-60 16@-60)
writes landed by: instack 1 pump 23
write verify: 24 landed, 0 write_unlanded (skipped), in-stack read already matched on 1 of 24, pump slices total 80, longest confirm 13.2 ms, re-rendered 0
hold doubled at positions: none
still moving AFTER doubling (reading not used): none

pos   norm      display        red@-24  red@-12  red@-6    T(peak)   T-display
  0  0.0000    -60.0             --       --       --          --          
  1  0.0667    -53.6             --       --       --          --          
  2  0.1333    -47.2          22.34    33.34    38.91          --          
  3  0.1556    -45.1          20.51    31.42    36.99          --          
  4  0.1778    -42.9          18.63    29.40    34.97          --          
  5  0.2000    -40.8          16.88    27.47    33.03          --          
  6  0.2222    -38.7          15.05    25.43    30.97          --          
  7  0.2444    -36.5          13.37    23.48    28.96          --          
  8  0.2667    -34.8          12.12    21.98    27.42          --          
  9  0.3000    -32.4          10.44    19.91    25.25          --          
 10  0.3333    -30.0           8.89    17.87    23.10          --          
 11  0.3667    -27.6           7.32    15.76    20.85          --          
 12  0.4000    -25.2           6.08    13.90    18.81          --          
 13  0.4333    -22.8           4.99    12.12    16.82          --          
 14  0.4667    -20.4           4.04    10.44    14.90          --          
 15  0.5000    -18.0           3.24     8.89    13.06          --          
 16  0.5333    -16.8           2.89     8.16    12.17          --          
 17  0.6000    -14.4           2.16     6.68    10.36          --          
 18  0.6667    -12.0           1.70     5.52     8.82          --          
 19  0.7333    -9.6            1.32     4.50     7.42          --          
 20  0.8000    -7.2            1.03     3.62     6.16          --          
 21  0.8667    -4.8            0.79     2.89     5.04          --          
 22  0.9333    -2.4            0.61     2.28     4.08          --          
 23  1.0000    0.0             0.47     1.79     3.27          --          

1 MAP:             certified (ratio unknown (no ratio control): no dB-equivalent map) | sense lower_is_harder | engage -60.00:5 -58.00:7 -56.00:8 -54.00:9 -52.00:10 -50.00:10 -48.00:11 -46.00:12 -44.00:13 -42.00:14 -40.00:15 -38.00:16 -36.00:16 -34.00:17 -32.00:18 -30.00:19 -28.00:20 -26.00:21 -24.00:22 -22.00:23 -20.00:23 -18.00:23 -16.00:23 -14.00:23 -12.00:23 -10.00:23 -8.00:23 -6.00:23 -4.00:23 -2.00:23 0.00:23
2 engage drift:    11.68  -10.00:16.93  -12.00:18.27  -14.00:19.55  -16.00:20.75  -18.00:21.79  -2.00:12.17  -20.00:22.62  -22.00:23.21  -24.00:23.03  -26.00:22.78  -28.00:22.51  -30.00:22.23  -32.00:21.85  -34.00:20.56  -36.00:22.37  -38.00:22.90  -4.00:13.03  -40.00:22.80  -42.00:22.50  -44.00:22.17  -46.00:21.70  -48.00:20.72  -50.00:22.37  -52.00:22.80  -54.00:22.47  -56.00:22.16  -58.00:21.83  -6.00:14.19  -60.00:22.22  -8.00:15.56  0.00:11.53   (primary; displayLinear unset until the population decides)
   offset IQR:      null
3 displayOffsetDb: null
fixture: AudioUnit_4b457f6d_15.0.70.rederived.json

CANDIDATE [94] Threshold LRS - re-derived
host: EJ Map 0.1.0 / arm64 / 48k (native)
threshold: [94] Threshold LRS unit 'dB' (class surround) | positions 16 (16 evenly spaced), one process each, levels quiet to loud
links as instantiated (recorded, not written): [5] Link Mode = 'Control', [6] Link Groups = 'Off'
ratio: 12 controls hold the ratio role | auto make-up disabled: yes
default-threshold reference ('0.0', spec 4.7 check only):  -60.00 out-in -0.01  -58.00 out-in -0.01  -56.00 out-in -0.01  -54.00 out-in -0.02  -52.00 out-in -0.02  -50.00 out-in -0.02  -48.00 out-in -0.03  -46.00 out-in -0.04  -44.00 out-in -0.05  -42.00 out-in -0.07  -40.00 out-in -0.08  -38.00 out-in -0.10  -36.00 out-in -0.13  -34.00 out-in -0.16  -32.00 out-in -0.20  -30.00 out-in -0.25  -28.00 out-in -0.32  -26.00 out-in -0.40  -24.00 out-in -0.50  -22.00 out-in -0.62  -20.00 out-in -0.78  -18.00 out-in -0.96  -16.00 out-in -1.19  -14.00 out-in -1.48  -12.00 out-in -1.82  -10.00 out-in -2.23  -8.00 out-in -2.73  -6.00 out-in -3.30  -4.00 out-in -4.02  -2.00 out-in -4.91  0.00 out-in -5.99  (default gain is information only)
linear reference: each position's own gain at its quiet rung's upper level, checked against the lower (must differ by 6 dB within 0.1): -0.24 -0.12 -0.06 -0.04 -0.03 -0.03 -0.09 -0.07 -0.06 -0.04 -0.03 -0.10 -0.07 -0.06 -0.04 -0.03 -0.03 -0.08 -0.06 -0.05 -0.04 -0.03 -0.02 -0.02
reference ladder: 15 position(s) below the first rung (2@-84 3@-84 4@-84 5@-84 6@-72 7@-72 8@-72 9@-72 10@-72 11@-60 12@-60 13@-60 14@-60 15@-60 16@-60)
writes landed by: instack 1 pump 23
write verify: 24 landed, 0 write_unlanded (skipped), in-stack read already matched on 1 of 24, pump slices total 95, longest confirm 32.2 ms, re-rendered 0
hold doubled at positions: none
still moving AFTER doubling (reading not used): none

pos   norm      display        red@-24  red@-12  red@-6    T(peak)   T-display
  0  0.0000    -60.0             --       --       --          --          
  1  0.0667    -53.6             --       --       --          --          
  2  0.1333    -47.2          22.34    33.34    38.91          --          
  3  0.1556    -45.1          20.51    31.42    36.99          --          
  4  0.1778    -42.9          18.63    29.40    34.97          --          
  5  0.2000    -40.8          16.88    27.47    33.03          --          
  6  0.2222    -38.7          15.05    25.43    30.97          --          
  7  0.2444    -36.5          13.37    23.48    28.96          --          
  8  0.2667    -34.8          12.12    21.98    27.42          --          
  9  0.3000    -32.4          10.44    19.91    25.25          --          
 10  0.3333    -30.0           8.89    17.87    23.10          --          
 11  0.3667    -27.6           7.32    15.76    20.85          --          
 12  0.4000    -25.2           6.08    13.90    18.81          --          
 13  0.4333    -22.8           4.99    12.12    16.82          --          
 14  0.4667    -20.4           4.04    10.44    14.90          --          
 15  0.5000    -18.0           3.24     8.89    13.06          --          
 16  0.5333    -16.8           2.89     8.16    12.17          --          
 17  0.6000    -14.4           2.16     6.68    10.36          --          
 18  0.6667    -12.0           1.70     5.52     8.82          --          
 19  0.7333    -9.6            1.32     4.50     7.42          --          
 20  0.8000    -7.2            1.03     3.62     6.16          --          
 21  0.8667    -4.8            0.79     2.89     5.04          --          
 22  0.9333    -2.4            0.61     2.28     4.08          --          
 23  1.0000    0.0             0.47     1.79     3.27          --          

1 MAP:             certified (ratio unknown (no ratio control): no dB-equivalent map) | sense lower_is_harder | engage -60.00:5 -58.00:7 -56.00:8 -54.00:9 -52.00:10 -50.00:10 -48.00:11 -46.00:12 -44.00:13 -42.00:14 -40.00:15 -38.00:16 -36.00:16 -34.00:17 -32.00:18 -30.00:19 -28.00:20 -26.00:21 -24.00:22 -22.00:23 -20.00:23 -18.00:23 -16.00:23 -14.00:23 -12.00:23 -10.00:23 -8.00:23 -6.00:23 -4.00:23 -2.00:23 0.00:23
2 engage drift:    11.68  -10.00:16.93  -12.00:18.27  -14.00:19.55  -16.00:20.75  -18.00:21.79  -2.00:12.17  -20.00:22.62  -22.00:23.21  -24.00:23.03  -26.00:22.78  -28.00:22.51  -30.00:22.23  -32.00:21.85  -34.00:20.56  -36.00:22.37  -38.00:22.90  -4.00:13.03  -40.00:22.80  -42.00:22.50  -44.00:22.17  -46.00:21.70  -48.00:20.72  -50.00:22.37  -52.00:22.80  -54.00:22.47  -56.00:22.16  -58.00:21.83  -6.00:14.19  -60.00:22.22  -8.00:15.56  0.00:11.53   (primary; displayLinear unset until the population decides)
   offset IQR:      null
3 displayOffsetDb: null
fixture: AudioUnit_4b457f6d_15.0.70.rederived.json

CANDIDATE [108] Threshold RRS - re-derived
host: EJ Map 0.1.0 / arm64 / 48k (native)
threshold: [108] Threshold RRS unit 'dB' (class surround) | positions 16 (16 evenly spaced), one process each, levels quiet to loud
links as instantiated (recorded, not written): [5] Link Mode = 'Control', [6] Link Groups = 'Off'
ratio: 12 controls hold the ratio role | auto make-up disabled: yes
default-threshold reference ('0.0', spec 4.7 check only):  -60.00 out-in -0.01  -58.00 out-in -0.01  -56.00 out-in -0.01  -54.00 out-in -0.02  -52.00 out-in -0.02  -50.00 out-in -0.02  -48.00 out-in -0.03  -46.00 out-in -0.04  -44.00 out-in -0.05  -42.00 out-in -0.07  -40.00 out-in -0.08  -38.00 out-in -0.10  -36.00 out-in -0.13  -34.00 out-in -0.16  -32.00 out-in -0.20  -30.00 out-in -0.25  -28.00 out-in -0.32  -26.00 out-in -0.40  -24.00 out-in -0.50  -22.00 out-in -0.62  -20.00 out-in -0.78  -18.00 out-in -0.96  -16.00 out-in -1.19  -14.00 out-in -1.48  -12.00 out-in -1.82  -10.00 out-in -2.23  -8.00 out-in -2.73  -6.00 out-in -3.30  -4.00 out-in -4.02  -2.00 out-in -4.91  0.00 out-in -5.99  (default gain is information only)
linear reference: each position's own gain at its quiet rung's upper level, checked against the lower (must differ by 6 dB within 0.1): -0.24 -0.12 -0.06 -0.04 -0.03 -0.03 -0.09 -0.07 -0.06 -0.04 -0.03 -0.10 -0.07 -0.06 -0.04 -0.03 -0.03 -0.08 -0.06 -0.05 -0.04 -0.03 -0.02 -0.02
reference ladder: 15 position(s) below the first rung (2@-84 3@-84 4@-84 5@-84 6@-72 7@-72 8@-72 9@-72 10@-72 11@-60 12@-60 13@-60 14@-60 15@-60 16@-60)
writes landed by: instack 1 pump 23
write verify: 24 landed, 0 write_unlanded (skipped), in-stack read already matched on 1 of 24, pump slices total 83, longest confirm 12.8 ms, re-rendered 0
hold doubled at positions: none
still moving AFTER doubling (reading not used): none

pos   norm      display        red@-24  red@-12  red@-6    T(peak)   T-display
  0  0.0000    -60.0             --       --       --          --          
  1  0.0667    -53.6             --       --       --          --          
  2  0.1333    -47.2          22.34    33.34    38.91          --          
  3  0.1556    -45.1          20.51    31.42    36.99          --          
  4  0.1778    -42.9          18.63    29.40    34.97          --          
  5  0.2000    -40.8          16.88    27.47    33.03          --          
  6  0.2222    -38.7          15.05    25.43    30.97          --          
  7  0.2444    -36.5          13.37    23.48    28.96          --          
  8  0.2667    -34.8          12.12    21.98    27.42          --          
  9  0.3000    -32.4          10.44    19.91    25.25          --          
 10  0.3333    -30.0           8.89    17.87    23.10          --          
 11  0.3667    -27.6           7.32    15.76    20.85          --          
 12  0.4000    -25.2           6.08    13.90    18.81          --          
 13  0.4333    -22.8           4.99    12.12    16.82          --          
 14  0.4667    -20.4           4.04    10.44    14.90          --          
 15  0.5000    -18.0           3.24     8.89    13.06          --          
 16  0.5333    -16.8           2.89     8.16    12.17          --          
 17  0.6000    -14.4           2.16     6.68    10.36          --          
 18  0.6667    -12.0           1.70     5.52     8.82          --          
 19  0.7333    -9.6            1.32     4.50     7.42          --          
 20  0.8000    -7.2            1.03     3.62     6.16          --          
 21  0.8667    -4.8            0.79     2.89     5.04          --          
 22  0.9333    -2.4            0.61     2.28     4.08          --          
 23  1.0000    0.0             0.47     1.79     3.27          --          

1 MAP:             certified (ratio unknown (no ratio control): no dB-equivalent map) | sense lower_is_harder | engage -60.00:5 -58.00:7 -56.00:8 -54.00:9 -52.00:10 -50.00:10 -48.00:11 -46.00:12 -44.00:13 -42.00:14 -40.00:15 -38.00:16 -36.00:16 -34.00:17 -32.00:18 -30.00:19 -28.00:20 -26.00:21 -24.00:22 -22.00:23 -20.00:23 -18.00:23 -16.00:23 -14.00:23 -12.00:23 -10.00:23 -8.00:23 -6.00:23 -4.00:23 -2.00:23 0.00:23
2 engage drift:    11.68  -10.00:16.93  -12.00:18.27  -14.00:19.55  -16.00:20.75  -18.00:21.79  -2.00:12.17  -20.00:22.62  -22.00:23.21  -24.00:23.03  -26.00:22.78  -28.00:22.51  -30.00:22.23  -32.00:21.85  -34.00:20.56  -36.00:22.37  -38.00:22.90  -4.00:13.03  -40.00:22.80  -42.00:22.50  -44.00:22.17  -46.00:21.70  -48.00:20.72  -50.00:22.37  -52.00:22.80  -54.00:22.47  -56.00:22.16  -58.00:21.83  -6.00:14.19  -60.00:22.22  -8.00:15.56  0.00:11.53   (primary; displayLinear unset until the population decides)
   offset IQR:      null
3 displayOffsetDb: null
fixture: AudioUnit_4b457f6d_15.0.70.rederived.json

CANDIDATE [122] Threshold LFT - re-derived
host: EJ Map 0.1.0 / arm64 / 48k (native)
threshold: [122] Threshold LFT unit 'dB' (class surround) | positions 16 (16 evenly spaced), one process each, levels quiet to loud
links as instantiated (recorded, not written): [5] Link Mode = 'Control', [6] Link Groups = 'Off'
ratio: 12 controls hold the ratio role | auto make-up disabled: yes
default-threshold reference ('0.0', spec 4.7 check only):  -60.00 out-in -0.01  -58.00 out-in -0.01  -56.00 out-in -0.01  -54.00 out-in -0.02  -52.00 out-in -0.02  -50.00 out-in -0.02  -48.00 out-in -0.03  -46.00 out-in -0.04  -44.00 out-in -0.05  -42.00 out-in -0.07  -40.00 out-in -0.08  -38.00 out-in -0.10  -36.00 out-in -0.13  -34.00 out-in -0.16  -32.00 out-in -0.20  -30.00 out-in -0.25  -28.00 out-in -0.32  -26.00 out-in -0.40  -24.00 out-in -0.50  -22.00 out-in -0.62  -20.00 out-in -0.78  -18.00 out-in -0.96  -16.00 out-in -1.19  -14.00 out-in -1.48  -12.00 out-in -1.82  -10.00 out-in -2.23  -8.00 out-in -2.73  -6.00 out-in -3.30  -4.00 out-in -4.02  -2.00 out-in -4.91  0.00 out-in -5.99  (default gain is information only)
linear reference: each position's own gain at its quiet rung's upper level, checked against the lower (must differ by 6 dB within 0.1): -0.24 -0.12 -0.06 -0.04 -0.03 -0.03 -0.09 -0.07 -0.06 -0.04 -0.03 -0.10 -0.07 -0.06 -0.04 -0.03 -0.03 -0.08 -0.06 -0.05 -0.04 -0.03 -0.02 -0.02
reference ladder: 15 position(s) below the first rung (2@-84 3@-84 4@-84 5@-84 6@-72 7@-72 8@-72 9@-72 10@-72 11@-60 12@-60 13@-60 14@-60 15@-60 16@-60)
writes landed by: instack 1 pump 23
write verify: 24 landed, 0 write_unlanded (skipped), in-stack read already matched on 1 of 24, pump slices total 114, longest confirm 33.2 ms, re-rendered 0
hold doubled at positions: none
still moving AFTER doubling (reading not used): none

pos   norm      display        red@-24  red@-12  red@-6    T(peak)   T-display
  0  0.0000    -60.0             --       --       --          --          
  1  0.0667    -53.6             --       --       --          --          
  2  0.1333    -47.2          22.34    33.34    38.91          --          
  3  0.1556    -45.1          20.51    31.42    36.99          --          
  4  0.1778    -42.9          18.63    29.40    34.97          --          
  5  0.2000    -40.8          16.88    27.47    33.03          --          
  6  0.2222    -38.7          15.05    25.43    30.97          --          
  7  0.2444    -36.5          13.37    23.48    28.96          --          
  8  0.2667    -34.8          12.12    21.98    27.42          --          
  9  0.3000    -32.4          10.44    19.91    25.25          --          
 10  0.3333    -30.0           8.89    17.87    23.10          --          
 11  0.3667    -27.6           7.32    15.76    20.85          --          
 12  0.4000    -25.2           6.08    13.90    18.81          --          
 13  0.4333    -22.8           4.99    12.12    16.82          --          
 14  0.4667    -20.4           4.04    10.44    14.90          --          
 15  0.5000    -18.0           3.24     8.89    13.06          --          
 16  0.5333    -16.8           2.89     8.16    12.17          --          
 17  0.6000    -14.4           2.16     6.68    10.36          --          
 18  0.6667    -12.0           1.70     5.52     8.82          --          
 19  0.7333    -9.6            1.32     4.50     7.42          --          
 20  0.8000    -7.2            1.03     3.62     6.16          --          
 21  0.8667    -4.8            0.79     2.89     5.04          --          
 22  0.9333    -2.4            0.61     2.28     4.08          --          
 23  1.0000    0.0             0.47     1.79     3.27          --          

1 MAP:             certified (ratio unknown (no ratio control): no dB-equivalent map) | sense lower_is_harder | engage -60.00:5 -58.00:7 -56.00:8 -54.00:9 -52.00:10 -50.00:10 -48.00:11 -46.00:12 -44.00:13 -42.00:14 -40.00:15 -38.00:16 -36.00:16 -34.00:17 -32.00:18 -30.00:19 -28.00:20 -26.00:21 -24.00:22 -22.00:23 -20.00:23 -18.00:23 -16.00:23 -14.00:23 -12.00:23 -10.00:23 -8.00:23 -6.00:23 -4.00:23 -2.00:23 0.00:23
2 engage drift:    11.68  -10.00:16.93  -12.00:18.27  -14.00:19.55  -16.00:20.75  -18.00:21.79  -2.00:12.17  -20.00:22.62  -22.00:23.21  -24.00:23.03  -26.00:22.78  -28.00:22.51  -30.00:22.23  -32.00:21.85  -34.00:20.56  -36.00:22.37  -38.00:22.90  -4.00:13.03  -40.00:22.80  -42.00:22.50  -44.00:22.17  -46.00:21.70  -48.00:20.72  -50.00:22.37  -52.00:22.80  -54.00:22.47  -56.00:22.16  -58.00:21.83  -6.00:14.19  -60.00:22.22  -8.00:15.56  0.00:11.53   (primary; displayLinear unset until the population decides)
   offset IQR:      null
3 displayOffsetDb: null
fixture: AudioUnit_4b457f6d_15.0.70.rederived.json

CANDIDATE [136] Threshold RFT - re-derived
host: EJ Map 0.1.0 / arm64 / 48k (native)
threshold: [136] Threshold RFT unit 'dB' (class surround) | positions 16 (16 evenly spaced), one process each, levels quiet to loud
links as instantiated (recorded, not written): [5] Link Mode = 'Control', [6] Link Groups = 'Off'
ratio: 12 controls hold the ratio role | auto make-up disabled: yes
default-threshold reference ('0.0', spec 4.7 check only):  -60.00 out-in -0.01  -58.00 out-in -0.01  -56.00 out-in -0.01  -54.00 out-in -0.02  -52.00 out-in -0.02  -50.00 out-in -0.02  -48.00 out-in -0.03  -46.00 out-in -0.04  -44.00 out-in -0.05  -42.00 out-in -0.07  -40.00 out-in -0.08  -38.00 out-in -0.10  -36.00 out-in -0.13  -34.00 out-in -0.16  -32.00 out-in -0.20  -30.00 out-in -0.25  -28.00 out-in -0.32  -26.00 out-in -0.40  -24.00 out-in -0.50  -22.00 out-in -0.62  -20.00 out-in -0.78  -18.00 out-in -0.96  -16.00 out-in -1.19  -14.00 out-in -1.48  -12.00 out-in -1.82  -10.00 out-in -2.23  -8.00 out-in -2.73  -6.00 out-in -3.30  -4.00 out-in -4.02  -2.00 out-in -4.91  0.00 out-in -5.99  (default gain is information only)
linear reference: each position's own gain at its quiet rung's upper level, checked against the lower (must differ by 6 dB within 0.1): -0.24 -0.12 -0.06 -0.04 -0.03 -0.03 -0.09 -0.07 -0.06 -0.04 -0.03 -0.10 -0.07 -0.06 -0.04 -0.03 -0.03 -0.08 -0.06 -0.05 -0.04 -0.03 -0.02 -0.02
reference ladder: 15 position(s) below the first rung (2@-84 3@-84 4@-84 5@-84 6@-72 7@-72 8@-72 9@-72 10@-72 11@-60 12@-60 13@-60 14@-60 15@-60 16@-60)
writes landed by: instack 1 pump 23
write verify: 24 landed, 0 write_unlanded (skipped), in-stack read already matched on 1 of 24, pump slices total 112, longest confirm 27.4 ms, re-rendered 0
hold doubled at positions: none
still moving AFTER doubling (reading not used): none

pos   norm      display        red@-24  red@-12  red@-6    T(peak)   T-display
  0  0.0000    -60.0             --       --       --          --          
  1  0.0667    -53.6             --       --       --          --          
  2  0.1333    -47.2          22.34    33.34    38.91          --          
  3  0.1556    -45.1          20.51    31.42    36.99          --          
  4  0.1778    -42.9          18.63    29.40    34.97          --          
  5  0.2000    -40.8          16.88    27.47    33.03          --          
  6  0.2222    -38.7          15.05    25.43    30.97          --          
  7  0.2444    -36.5          13.37    23.48    28.96          --          
  8  0.2667    -34.8          12.12    21.98    27.42          --          
  9  0.3000    -32.4          10.44    19.91    25.25          --          
 10  0.3333    -30.0           8.89    17.87    23.10          --          
 11  0.3667    -27.6           7.32    15.76    20.85          --          
 12  0.4000    -25.2           6.08    13.90    18.81          --          
 13  0.4333    -22.8           4.99    12.12    16.82          --          
 14  0.4667    -20.4           4.04    10.44    14.90          --          
 15  0.5000    -18.0           3.24     8.89    13.06          --          
 16  0.5333    -16.8           2.89     8.16    12.17          --          
 17  0.6000    -14.4           2.16     6.68    10.36          --          
 18  0.6667    -12.0           1.70     5.52     8.82          --          
 19  0.7333    -9.6            1.32     4.50     7.42          --          
 20  0.8000    -7.2            1.03     3.62     6.16          --          
 21  0.8667    -4.8            0.79     2.89     5.04          --          
 22  0.9333    -2.4            0.61     2.28     4.08          --          
 23  1.0000    0.0             0.47     1.79     3.27          --          

1 MAP:             certified (ratio unknown (no ratio control): no dB-equivalent map) | sense lower_is_harder | engage -60.00:5 -58.00:7 -56.00:8 -54.00:9 -52.00:10 -50.00:10 -48.00:11 -46.00:12 -44.00:13 -42.00:14 -40.00:15 -38.00:16 -36.00:16 -34.00:17 -32.00:18 -30.00:19 -28.00:20 -26.00:21 -24.00:22 -22.00:23 -20.00:23 -18.00:23 -16.00:23 -14.00:23 -12.00:23 -10.00:23 -8.00:23 -6.00:23 -4.00:23 -2.00:23 0.00:23
2 engage drift:    11.68  -10.00:16.93  -12.00:18.27  -14.00:19.55  -16.00:20.75  -18.00:21.79  -2.00:12.17  -20.00:22.62  -22.00:23.21  -24.00:23.03  -26.00:22.78  -28.00:22.51  -30.00:22.23  -32.00:21.85  -34.00:20.56  -36.00:22.37  -38.00:22.90  -4.00:13.03  -40.00:22.80  -42.00:22.50  -44.00:22.17  -46.00:21.70  -48.00:20.72  -50.00:22.37  -52.00:22.80  -54.00:22.47  -56.00:22.16  -58.00:21.83  -6.00:14.19  -60.00:22.22  -8.00:15.56  0.00:11.53   (primary; displayLinear unset until the population decides)
   offset IQR:      null
3 displayOffsetDb: null
fixture: AudioUnit_4b457f6d_15.0.70.rederived.json

CANDIDATE [150] Threshold LRT - re-derived
host: EJ Map 0.1.0 / arm64 / 48k (native)
threshold: [150] Threshold LRT unit 'dB' (class surround) | positions 16 (16 evenly spaced), one process each, levels quiet to loud
links as instantiated (recorded, not written): [5] Link Mode = 'Control', [6] Link Groups = 'Off'
ratio: 12 controls hold the ratio role | auto make-up disabled: yes
default-threshold reference ('0.0', spec 4.7 check only):  -60.00 out-in -0.01  -58.00 out-in -0.01  -56.00 out-in -0.01  -54.00 out-in -0.02  -52.00 out-in -0.02  -50.00 out-in -0.02  -48.00 out-in -0.03  -46.00 out-in -0.04  -44.00 out-in -0.05  -42.00 out-in -0.07  -40.00 out-in -0.08  -38.00 out-in -0.10  -36.00 out-in -0.13  -34.00 out-in -0.16  -32.00 out-in -0.20  -30.00 out-in -0.25  -28.00 out-in -0.32  -26.00 out-in -0.40  -24.00 out-in -0.50  -22.00 out-in -0.62  -20.00 out-in -0.78  -18.00 out-in -0.96  -16.00 out-in -1.19  -14.00 out-in -1.48  -12.00 out-in -1.82  -10.00 out-in -2.23  -8.00 out-in -2.73  -6.00 out-in -3.30  -4.00 out-in -4.02  -2.00 out-in -4.91  0.00 out-in -5.99  (default gain is information only)
linear reference: each position's own gain at its quiet rung's upper level, checked against the lower (must differ by 6 dB within 0.1): -0.24 -0.12 -0.06 -0.04 -0.03 -0.03 -0.09 -0.07 -0.06 -0.04 -0.03 -0.10 -0.07 -0.06 -0.04 -0.03 -0.03 -0.08 -0.06 -0.05 -0.04 -0.03 -0.02 -0.02
reference ladder: 15 position(s) below the first rung (2@-84 3@-84 4@-84 5@-84 6@-72 7@-72 8@-72 9@-72 10@-72 11@-60 12@-60 13@-60 14@-60 15@-60 16@-60)
writes landed by: instack 1 pump 23
write verify: 24 landed, 0 write_unlanded (skipped), in-stack read already matched on 1 of 24, pump slices total 100, longest confirm 33.6 ms, re-rendered 0
hold doubled at positions: none
still moving AFTER doubling (reading not used): none

pos   norm      display        red@-24  red@-12  red@-6    T(peak)   T-display
  0  0.0000    -60.0             --       --       --          --          
  1  0.0667    -53.6             --       --       --          --          
  2  0.1333    -47.2          22.34    33.34    38.91          --          
  3  0.1556    -45.1          20.51    31.42    36.99          --          
  4  0.1778    -42.9          18.63    29.40    34.97          --          
  5  0.2000    -40.8          16.88    27.47    33.03          --          
  6  0.2222    -38.7          15.05    25.43    30.97          --          
  7  0.2444    -36.5          13.37    23.48    28.96          --          
  8  0.2667    -34.8          12.12    21.98    27.42          --          
  9  0.3000    -32.4          10.44    19.91    25.25          --          
 10  0.3333    -30.0           8.89    17.87    23.10          --          
 11  0.3667    -27.6           7.32    15.76    20.85          --          
 12  0.4000    -25.2           6.08    13.90    18.81          --          
 13  0.4333    -22.8           4.99    12.12    16.82          --          
 14  0.4667    -20.4           4.04    10.44    14.90          --          
 15  0.5000    -18.0           3.24     8.89    13.06          --          
 16  0.5333    -16.8           2.89     8.16    12.17          --          
 17  0.6000    -14.4           2.16     6.68    10.36          --          
 18  0.6667    -12.0           1.70     5.52     8.82          --          
 19  0.7333    -9.6            1.32     4.50     7.42          --          
 20  0.8000    -7.2            1.03     3.62     6.16          --          
 21  0.8667    -4.8            0.79     2.89     5.04          --          
 22  0.9333    -2.4            0.61     2.28     4.08          --          
 23  1.0000    0.0             0.47     1.79     3.27          --          

1 MAP:             certified (ratio unknown (no ratio control): no dB-equivalent map) | sense lower_is_harder | engage -60.00:5 -58.00:7 -56.00:8 -54.00:9 -52.00:10 -50.00:10 -48.00:11 -46.00:12 -44.00:13 -42.00:14 -40.00:15 -38.00:16 -36.00:16 -34.00:17 -32.00:18 -30.00:19 -28.00:20 -26.00:21 -24.00:22 -22.00:23 -20.00:23 -18.00:23 -16.00:23 -14.00:23 -12.00:23 -10.00:23 -8.00:23 -6.00:23 -4.00:23 -2.00:23 0.00:23
2 engage drift:    11.68  -10.00:16.93  -12.00:18.27  -14.00:19.55  -16.00:20.75  -18.00:21.79  -2.00:12.17  -20.00:22.62  -22.00:23.21  -24.00:23.03  -26.00:22.78  -28.00:22.51  -30.00:22.23  -32.00:21.85  -34.00:20.56  -36.00:22.37  -38.00:22.90  -4.00:13.03  -40.00:22.80  -42.00:22.50  -44.00:22.17  -46.00:21.70  -48.00:20.72  -50.00:22.37  -52.00:22.80  -54.00:22.47  -56.00:22.16  -58.00:21.83  -6.00:14.19  -60.00:22.22  -8.00:15.56  0.00:11.53   (primary; displayLinear unset until the population decides)
   offset IQR:      null
3 displayOffsetDb: null
fixture: AudioUnit_4b457f6d_15.0.70.rederived.json

CANDIDATE [164] Threshold RRT - re-derived
host: EJ Map 0.1.0 / arm64 / 48k (native)
threshold: [164] Threshold RRT unit 'dB' (class surround) | positions 16 (16 evenly spaced), one process each, levels quiet to loud
links as instantiated (recorded, not written): [5] Link Mode = 'Control', [6] Link Groups = 'Off'
ratio: 12 controls hold the ratio role | auto make-up disabled: yes
default-threshold reference ('0.0', spec 4.7 check only):  -60.00 out-in -0.01  -58.00 out-in -0.01  -56.00 out-in -0.01  -54.00 out-in -0.02  -52.00 out-in -0.02  -50.00 out-in -0.02  -48.00 out-in -0.03  -46.00 out-in -0.04  -44.00 out-in -0.05  -42.00 out-in -0.07  -40.00 out-in -0.08  -38.00 out-in -0.10  -36.00 out-in -0.13  -34.00 out-in -0.16  -32.00 out-in -0.20  -30.00 out-in -0.25  -28.00 out-in -0.32  -26.00 out-in -0.40  -24.00 out-in -0.50  -22.00 out-in -0.62  -20.00 out-in -0.78  -18.00 out-in -0.96  -16.00 out-in -1.19  -14.00 out-in -1.48  -12.00 out-in -1.82  -10.00 out-in -2.23  -8.00 out-in -2.73  -6.00 out-in -3.30  -4.00 out-in -4.02  -2.00 out-in -4.91  0.00 out-in -5.99  (default gain is information only)
linear reference: each position's own gain at its quiet rung's upper level, checked against the lower (must differ by 6 dB within 0.1): -0.24 -0.12 -0.06 -0.04 -0.03 -0.03 -0.09 -0.07 -0.06 -0.04 -0.03 -0.10 -0.07 -0.06 -0.04 -0.03 -0.03 -0.08 -0.06 -0.05 -0.04 -0.03 -0.02 -0.02
reference ladder: 15 position(s) below the first rung (2@-84 3@-84 4@-84 5@-84 6@-72 7@-72 8@-72 9@-72 10@-72 11@-60 12@-60 13@-60 14@-60 15@-60 16@-60)
writes landed by: instack 1 pump 23
write verify: 24 landed, 0 write_unlanded (skipped), in-stack read already matched on 1 of 24, pump slices total 92, longest confirm 30.9 ms, re-rendered 0
hold doubled at positions: none
still moving AFTER doubling (reading not used): none

pos   norm      display        red@-24  red@-12  red@-6    T(peak)   T-display
  0  0.0000    -60.0             --       --       --          --          
  1  0.0667    -53.6             --       --       --          --          
  2  0.1333    -47.2          22.34    33.34    38.91          --          
  3  0.1556    -45.1          20.51    31.42    36.99          --          
  4  0.1778    -42.9          18.63    29.40    34.97          --          
  5  0.2000    -40.8          16.88    27.47    33.03          --          
  6  0.2222    -38.7          15.05    25.43    30.97          --          
  7  0.2444    -36.5          13.37    23.48    28.96          --          
  8  0.2667    -34.8          12.12    21.98    27.42          --          
  9  0.3000    -32.4          10.44    19.91    25.25          --          
 10  0.3333    -30.0           8.89    17.87    23.10          --          
 11  0.3667    -27.6           7.32    15.76    20.85          --          
 12  0.4000    -25.2           6.08    13.90    18.81          --          
 13  0.4333    -22.8           4.99    12.12    16.82          --          
 14  0.4667    -20.4           4.04    10.44    14.90          --          
 15  0.5000    -18.0           3.24     8.89    13.06          --          
 16  0.5333    -16.8           2.89     8.16    12.17          --          
 17  0.6000    -14.4           2.16     6.68    10.36          --          
 18  0.6667    -12.0           1.70     5.52     8.82          --          
 19  0.7333    -9.6            1.32     4.50     7.42          --          
 20  0.8000    -7.2            1.03     3.62     6.16          --          
 21  0.8667    -4.8            0.79     2.89     5.04          --          
 22  0.9333    -2.4            0.61     2.28     4.08          --          
 23  1.0000    0.0             0.47     1.79     3.27          --          

1 MAP:             certified (ratio unknown (no ratio control): no dB-equivalent map) | sense lower_is_harder | engage -60.00:5 -58.00:7 -56.00:8 -54.00:9 -52.00:10 -50.00:10 -48.00:11 -46.00:12 -44.00:13 -42.00:14 -40.00:15 -38.00:16 -36.00:16 -34.00:17 -32.00:18 -30.00:19 -28.00:20 -26.00:21 -24.00:22 -22.00:23 -20.00:23 -18.00:23 -16.00:23 -14.00:23 -12.00:23 -10.00:23 -8.00:23 -6.00:23 -4.00:23 -2.00:23 0.00:23
2 engage drift:    11.68  -10.00:16.93  -12.00:18.27  -14.00:19.55  -16.00:20.75  -18.00:21.79  -2.00:12.17  -20.00:22.62  -22.00:23.21  -24.00:23.03  -26.00:22.78  -28.00:22.51  -30.00:22.23  -32.00:21.85  -34.00:20.56  -36.00:22.37  -38.00:22.90  -4.00:13.03  -40.00:22.80  -42.00:22.50  -44.00:22.17  -46.00:21.70  -48.00:20.72  -50.00:22.37  -52.00:22.80  -54.00:22.47  -56.00:22.16  -58.00:21.83  -6.00:14.19  -60.00:22.22  -8.00:15.56  0.00:11.53   (primary; displayLinear unset until the population decides)
   offset IQR:      null
3 displayOffsetDb: null
fixture: AudioUnit_4b457f6d_15.0.70.rederived.json

  -> surround: surround: not profiled (12 channels; the profile is a stereo contract)

=== tone checks: C1 comp-gate (m)
RE-DERIVED from traces (nothing measured) - C1 comp-gate (m) -> AudioUnit_49497c63_15.0.70.rederived.json
host: EJ Map 0.1.0 / arm64 / 48k (native)
threshold: [16] Threshold unit 'dB' (class comp_over_expander, flags comp_over_expander) | positions 16 (16 evenly spaced), one process each, levels quiet to loud
ratio: [13] ran at '4.13:1' -> 4.13 (RAISED from '1.00:1', value READ BACK after the write) | auto make-up disabled: no
default-threshold reference ('0.0', spec 4.7 check only):  -60.00 out-in 0.00  -58.00 out-in 0.00  -56.00 out-in 0.00  -54.00 out-in 0.00  -52.00 out-in 0.01  -50.00 out-in 0.01  -48.00 out-in 0.01  -46.00 out-in 0.01  -44.00 out-in 0.01  -42.00 out-in 0.02  -40.00 out-in 0.02  -38.00 out-in 0.02  -36.00 out-in 0.03  -34.00 out-in 0.04  -32.00 out-in 0.05  -30.00 out-in 0.06  -28.00 out-in 0.07  -26.00 out-in 0.09  -24.00 out-in 0.10  -22.00 out-in 0.12  -20.00 out-in 0.14  -18.00 out-in 0.16  -16.00 out-in 0.17  -14.00 out-in 0.14  -12.00 out-in 0.07  -10.00 out-in -0.05  -8.00 out-in -0.24  -6.00 out-in -0.53  -4.00 out-in -0.92  -2.00 out-in -1.46  0.00 out-in -2.14  (default gain is information only)
linear reference: each position's own gain at its quiet rung's upper level, checked against the lower (must differ by 6 dB within 0.1): -4.78 -3.77 -2.22 -0.88 -0.17 0.05 -0.09 0.06 0.05 0.05 -0.03 0.04 0.06 0.06 0.05 -0.07 0.02 0.05 0.06 0.05 0.05 0.04 0.03 0.03 0.02 0.02 0.01 0.01 0.01 0.01 0.00 0.00
reference ladder: 10 position(s) below the first rung (5@-84 6@-72 7@-72 8@-72 9@-72 10@-60 11@-60 12@-60 13@-60 14@-60)
writes landed by: instack 1 pump 31
write verify: 32 landed, 0 write_unlanded (skipped), in-stack read already matched on 1 of 32, pump slices total 113, longest confirm 25.5 ms, re-rendered 0
hold doubled at positions: none
still moving AFTER doubling (reading not used): none

pos   norm      display        red@-24  red@-12  red@-6    T(peak)   T-display
  0  0.0000    -100.0            --       --       --          --          
  1  0.0667    -93.3             --       --       --          --          
  2  0.1333    -86.7             --       --       --          --          
  3  0.2000    -80.0             --       --       --          --          
  4  0.2667    -73.3             --       --       --          --          
  5  0.3333    -66.7          28.69    30.51    30.86       -67.4     -0.70
  6  0.4000    -60.0          26.34    29.66    30.36       -60.8     -0.80
  7  0.4667    -53.3          22.91    28.30    29.63       -55.0     -1.70
  8  0.4889    -51.1          21.46    27.59    29.21       -52.8     -1.70
  9  0.5111    -48.9          19.89    26.76    28.69       -50.1     -1.20
 10  0.5333    -46.7          18.24    25.82    28.09       -47.9     -1.20
 11  0.5556    -44.4          16.47    24.72    27.38       -45.8     -1.40
 12  0.5778    -42.2          14.66    23.47    26.52       -43.6     -1.40
 13  0.6000    -40.0          12.82    22.07    25.50       -41.5     -1.50
 14  0.6222    -37.8          11.00    20.54    24.35       -39.3     -1.50
 15  0.6444    -35.6           9.21    18.90    23.03       -37.1     -1.50
 16  0.6667    -33.3           7.54    17.17    21.62       -35.0     -1.70
 17  0.6889    -31.1           6.03    15.41    20.09       -32.9     -1.80
 18  0.7111    -28.9           4.64    13.58    18.42       -30.4     -1.50
 19  0.7333    -26.7           3.44    11.74    16.67       -27.9     -1.20
 20  0.7556    -24.4           2.40     9.86    14.77       -25.7     -1.30
 21  0.7778    -22.2           1.60     8.14    12.94       -23.5     -1.30
 22  0.8000    -20.0           0.99     6.54    11.11       -21.4     -1.40
 23  0.8222    -17.8           0.55     5.09     9.34       -19.2     -1.40
 24  0.8444    -15.6           0.24     3.82     7.65       -17.0     -1.40
 25  0.8667    -13.3           0.03     2.70     6.03       -14.6     -1.30
 26  0.8889    -11.1          -0.08     1.84     4.64       -12.7     -1.60
 27  0.9111    -8.9           -0.14     1.17     3.44       -10.9     -2.00
 28  0.9333    -6.7           -0.15     0.67     2.43        -9.2     -2.50
 29  0.9556    -4.4           -0.13     0.30     1.59        -7.6     -3.20
 30  0.9778    -2.2           -0.12     0.07     0.98        -6.0     -3.80
 31  1.0000    0.0            -0.10    -0.06     0.53        -4.6     -4.60

1 MAP:             certified | sense lower_is_harder | engage -60.00:7 -58.00:8 -56.00:8 -54.00:9 -52.00:10 -50.00:11 -48.00:12 -46.00:13 -44.00:14 -42.00:15 -40.00:16 -38.00:17 -36.00:18 -34.00:18 -32.00:19 -30.00:20 -28.00:21 -26.00:22 -24.00:23 -22.00:24 -20.00:24 -18.00:25 -16.00:26 -14.00:27 -12.00:28 -10.00:29 -8.00:30 -6.00:31 -4.00:31 -2.00:31 0.00:31
2 engage drift:    3.34  -10.00:6.09  -12.00:6.04  -14.00:6.00  -16.00:5.96  -18.00:5.91  -2.00:4.78  -20.00:5.86  -22.00:6.43  -24.00:6.43  -26.00:6.46  -28.00:6.48  -30.00:6.49  -32.00:6.49  -34.00:6.52  -36.00:7.13  -38.00:7.20  -4.00:5.59  -40.00:7.15  -42.00:6.64  -44.00:6.74  -46.00:6.79  -48.00:6.85  -50.00:6.94  -52.00:6.53  -54.00:6.36  -56.00:6.37  -58.00:6.99  -6.00:6.17  -60.00:6.98  -8.00:6.13  0.00:3.86   (primary; displayLinear unset until the population decides)
   offset IQR:      0.40 dB over 27 positions (min -4.60, max -0.70)
3 displayOffsetDb: -1.50  (inside spec 7's 2 dB bar)
fixture: AudioUnit_49497c63_15.0.70.rederived.json
  -> needs_review: export written (derive-only: the tone check was not run, nothing loaded); would be tone-checked by the follow-up

=== tone checks: Millennia TCL-2
  linked_pair: linked pair 'Threshold' (measured, not by label): both certified; their 2 dB curves agree within 0.00 dB over 14 common positions; in the first's own sweep both output channels agree within 0.00 dB over 1470 readings. 'Threshold 1' is the amount; 'Threshold 2' and every link/mode control stay at their instantiate values (neutral)
CANDIDATE [6] Threshold 1 - re-derived
host: EJ Map 0.1.0 / arm64 / 48k (native)
threshold: [6] Threshold 1 unit '' (class bands_or_stages) | positions 16 (16 evenly spaced), one process each, levels quiet to loud
links as instantiated (recorded, not written): [1] Stereo Link = 'On'
ratio: 2 controls hold the ratio role | auto make-up disabled: no
default-threshold reference ('0.00', spec 4.7 check only):  -60.00 out-in 0.01  -58.00 out-in 0.01  -56.00 out-in 0.01  -54.00 out-in 0.01  -52.00 out-in 0.01  -50.00 out-in 0.01  -48.00 out-in 0.01  -46.00 out-in 0.01  -44.00 out-in 0.01  -42.00 out-in 0.01  -40.00 out-in 0.01  -38.00 out-in 0.01  -36.00 out-in 0.01  -34.00 out-in 0.01  -32.00 out-in 0.01  -30.00 out-in 0.01  -28.00 out-in 0.01  -26.00 out-in 0.01  -24.00 out-in 0.01  -22.00 out-in 0.01  -20.00 out-in 0.01  -18.00 out-in 0.01  -16.00 out-in 0.01  -14.00 out-in 0.01  -12.00 out-in 0.01  -10.00 out-in 0.01  -8.00 out-in 0.01  -6.00 out-in 0.01  -4.00 out-in 0.01  -2.00 out-in 0.01  0.00 out-in 0.01  (default gain is information only)
linear reference: each position's own gain at its quiet rung's upper level, checked against the lower (must differ by 6 dB within 0.1): -0.00 -0.00 -0.00 -0.00 -0.00 -0.00 -0.00 -0.00 -0.00 -0.00 -0.00 -0.00 -0.00 -0.00 -0.00 -0.00 -0.00 -0.00 -0.00 -0.00 -0.00
reference ladder: 0 position(s) below the first rung
writes landed by: instack 21
write verify: 21 landed, 0 write_unlanded (skipped), in-stack read already matched on 21 of 21, pump slices total 21, longest confirm 2.6 ms, re-rendered 0
hold doubled at positions: none
still moving AFTER doubling (reading not used): none

pos   norm      display        red@-24  red@-12  red@-6    T(peak)   T-display
  0  0.0000    0.00           -0.00    -0.00    -0.00          --          
  1  0.0667    0.07           -0.00    -0.00    -0.00          --          
  2  0.1333    0.13           -0.00    -0.00    -0.00          --          
  3  0.2000    0.20           -0.00    -0.00    -0.00          --          
  4  0.2667    0.27           -0.00    -0.00     0.02          --          
  5  0.3333    0.33           -0.00    -0.00     0.13          --          
  6  0.4000    0.40           -0.00    -0.00     0.32          --          
  7  0.4667    0.47           -0.00     0.00     0.53          --          
  8  0.5333    0.53           -0.00     0.01     0.74          --          
  9  0.6000    0.60           -0.00     0.20     1.60          --          
 10  0.6333    0.63           -0.00     0.46     2.37          --          
 11  0.6667    0.67           -0.00     0.86     3.17          --          
 12  0.7000    0.70           -0.00     1.36     4.02          --          
 13  0.7333    0.73           -0.00     1.95     4.96          --          
 14  0.7667    0.77            0.00     2.67     5.94          --          
 15  0.8000    0.80            0.05     3.41     6.83          --          
 16  0.8333    0.83            0.17     4.23     7.75          --          
 17  0.8667    0.87            0.35     5.13     8.77          --          
 18  0.9000    0.90            0.73     6.26    10.04          --          
 19  0.9333    0.93            1.19     7.21    10.85          --          
 20  1.0000    1.00            1.54     7.85    10.86          --          

1 MAP:             certified (ratio unknown (no ratio control): no dB-equivalent map) | sense higher_is_harder | engage -60.00:none -58.00:none -56.00:none -54.00:none -52.00:none -50.00:none -48.00:none -46.00:none -44.00:none -42.00:none -40.00:none -38.00:none -36.00:none -34.00:none -32.00:none -30.00:none -28.00:none -26.00:19 -24.00:18 -22.00:17 -20.00:15 -18.00:14 -16.00:13 -14.00:12 -12.00:11 -10.00:10 -8.00:9 -6.00:7 -4.00:6 -2.00:5 0.00:4
2 engage drift:    null  (not a dB display)   (primary; displayLinear unset until the population decides)
   offset IQR:      null
3 displayOffsetDb: null
fixture: AudioUnit_6e6e5232_1.11.1.rederived.json

CANDIDATE [15] Threshold 2 - re-derived
host: EJ Map 0.1.0 / arm64 / 48k (native)
threshold: [15] Threshold 2 unit '' (class bands_or_stages) | positions 16 (16 evenly spaced), one process each, levels quiet to loud
links as instantiated (recorded, not written): [1] Stereo Link = 'On'
ratio: 2 controls hold the ratio role | auto make-up disabled: no
default-threshold reference ('0.00', spec 4.7 check only):  -60.00 out-in 0.01  -58.00 out-in 0.01  -56.00 out-in 0.01  -54.00 out-in 0.01  -52.00 out-in 0.01  -50.00 out-in 0.01  -48.00 out-in 0.01  -46.00 out-in 0.01  -44.00 out-in 0.01  -42.00 out-in 0.01  -40.00 out-in 0.01  -38.00 out-in 0.01  -36.00 out-in 0.01  -34.00 out-in 0.01  -32.00 out-in 0.01  -30.00 out-in 0.01  -28.00 out-in 0.01  -26.00 out-in 0.01  -24.00 out-in 0.01  -22.00 out-in 0.01  -20.00 out-in 0.01  -18.00 out-in 0.01  -16.00 out-in 0.01  -14.00 out-in 0.01  -12.00 out-in 0.01  -10.00 out-in 0.01  -8.00 out-in 0.01  -6.00 out-in 0.01  -4.00 out-in 0.01  -2.00 out-in 0.01  0.00 out-in 0.01  (default gain is information only)
linear reference: each position's own gain at its quiet rung's upper level, checked against the lower (must differ by 6 dB within 0.1): -0.00 -0.00 -0.00 -0.00 -0.00 -0.00 -0.00 -0.00 -0.00 -0.00 -0.00 -0.00 -0.00 -0.00 -0.00 -0.00 -0.00 -0.00 -0.00 -0.00 -0.00
reference ladder: 0 position(s) below the first rung
writes landed by: instack 21
write verify: 21 landed, 0 write_unlanded (skipped), in-stack read already matched on 21 of 21, pump slices total 21, longest confirm 2.6 ms, re-rendered 0
hold doubled at positions: none
still moving AFTER doubling (reading not used): none

pos   norm      display        red@-24  red@-12  red@-6    T(peak)   T-display
  0  0.0000    0.00           -0.00    -0.00    -0.00          --          
  1  0.0667    0.07           -0.00    -0.00    -0.00          --          
  2  0.1333    0.13           -0.00    -0.00    -0.00          --          
  3  0.2000    0.20           -0.00    -0.00    -0.00          --          
  4  0.2667    0.27           -0.00    -0.00     0.02          --          
  5  0.3333    0.33           -0.00    -0.00     0.13          --          
  6  0.4000    0.40           -0.00    -0.00     0.32          --          
  7  0.4667    0.47           -0.00     0.00     0.53          --          
  8  0.5333    0.53           -0.00     0.01     0.74          --          
  9  0.6000    0.60           -0.00     0.20     1.60          --          
 10  0.6333    0.63           -0.00     0.46     2.37          --          
 11  0.6667    0.67           -0.00     0.86     3.17          --          
 12  0.7000    0.70           -0.00     1.36     4.02          --          
 13  0.7333    0.73           -0.00     1.95     4.96          --          
 14  0.7667    0.77            0.00     2.67     5.94          --          
 15  0.8000    0.80            0.05     3.41     6.83          --          
 16  0.8333    0.83            0.17     4.23     7.75          --          
 17  0.8667    0.87            0.35     5.13     8.77          --          
 18  0.9000    0.90            0.73     6.26    10.04          --          
 19  0.9333    0.93            1.19     7.21    10.85          --          
 20  1.0000    1.00            1.54     7.85    10.86          --          

1 MAP:             certified (ratio unknown (no ratio control): no dB-equivalent map) | sense higher_is_harder | engage -60.00:none -58.00:none -56.00:none -54.00:none -52.00:none -50.00:none -48.00:none -46.00:none -44.00:none -42.00:none -40.00:none -38.00:none -36.00:none -34.00:none -32.00:none -30.00:none -28.00:none -26.00:19 -24.00:18 -22.00:17 -20.00:15 -18.00:14 -16.00:13 -14.00:12 -12.00:11 -10.00:10 -8.00:9 -6.00:7 -4.00:6 -2.00:5 0.00:4
2 engage drift:    null  (not a dB display)   (primary; displayLinear unset until the population decides)
   offset IQR:      null
3 displayOffsetDb: null
fixture: AudioUnit_6e6e5232_1.11.1.rederived.json

  -> needs_review: would export in the follow-up: the pick needs its detector measured (one load) and the tone check (derive-only ran neither)

=== tone checks: CLA-3A (m)
RE-DERIVED from traces (nothing measured) - CLA-3A (m) -> AudioUnit_46470263_15.0.70.rederived.json
host: EJ Map 0.1.0 / arm64 / 48k (native)
threshold: [1] Peak Reduction unit '' (class single_threshold) | positions 16 (16 evenly spaced), one process each, levels quiet to loud
ratio: no control holds the ratio role | auto make-up disabled: no
default-threshold reference ('4.00', spec 4.7 check only):  -60.00 out-in 7.11  -58.00 out-in 7.12  -56.00 out-in 7.12  -54.00 out-in 7.11  -52.00 out-in 7.12  -50.00 out-in 7.11  -48.00 out-in 7.11  -46.00 out-in 7.12  -44.00 out-in 7.11  -42.00 out-in 7.11  -40.00 out-in 7.12  -38.00 out-in 7.11  -36.00 out-in 7.12  -34.00 out-in 7.12  -32.00 out-in 7.11  -30.00 out-in 7.12  -28.00 out-in 7.11  -26.00 out-in 7.11  -24.00 out-in 7.12  -22.00 out-in 7.11  -20.00 out-in 7.12  -18.00 out-in 7.12  -16.00 out-in 7.11  -14.00 out-in 7.07  -12.00 out-in 6.70  -10.00 out-in 5.94  -8.00 out-in 4.80  -6.00 out-in 3.42  -4.00 out-in 1.90  -2.00 out-in 0.37  0.00 out-in -1.18  (default gain is information only)
linear reference: each position's own gain at its quiet rung's upper level, checked against the lower (must differ by 6 dB within 0.1): -0.00 -0.00 -0.00 -0.00 -0.00 -0.00 -0.00 -0.00 -0.00 -0.00 -0.00 -0.00 -0.00 -0.00 -0.00 -0.00 -0.00 -0.00 -0.00 -0.00 -0.00 -0.00
reference ladder: 0 position(s) below the first rung
writes landed by: instack 1 pump 21
write verify: 22 landed, 0 write_unlanded (skipped), in-stack read already matched on 1 of 22, pump slices total 98, longest confirm 30.7 ms, re-rendered 0
hold doubled at positions: none
still moving AFTER doubling (reading not used): none

pos   norm      display        red@-24  red@-12  red@-6    T(peak)   T-display
  0  0.0000    0.00           -0.00    -0.00    -0.00          --          
  1  0.0667    0.67           -0.00    -0.00    -0.00          --          
  2  0.1333    1.33           -0.00    -0.00    -0.00          --          
  3  0.2000    2.00           -0.00    -0.00    -0.00          --          
  4  0.2667    2.67           -0.00    -0.00    -0.00          --          
  5  0.3333    3.33           -0.00    -0.00     0.11          --          
  6  0.3556    3.56           -0.00    -0.00     0.81          --          
  7  0.3778    3.78           -0.00     0.02     2.06          --          
  8  0.4000    4.00           -0.00     0.42     3.72          --          
  9  0.4333    4.33           -0.00     1.55     5.78          --          
 10  0.4667    4.67           -0.00     3.35     7.91          --          
 11  0.5000    5.00           -0.00     5.39     9.97          --          
 12  0.5333    5.33            0.09     7.02    11.54          --          
 13  0.5667    5.67            0.60     8.72    13.15          --          
 14  0.6000    6.00            1.55    10.34    14.75          --          
 15  0.6333    6.33            2.49    11.45    15.86          --          
 16  0.6667    6.67            3.56    12.57    16.98          --          
 17  0.7333    7.33            5.74    14.71    19.07          --          
 18  0.8000    8.00            7.84    16.71    21.16          --          
 19  0.8667    8.67            9.42    18.19    22.74          --          
 20  0.9333    9.33           10.65    19.43    23.99          --          
 21  1.0000    10.00          11.58    20.41    24.90          --          

1 MAP:             certified (ratio unknown (no ratio control): no dB-equivalent map) | sense higher_is_harder | engage -60.00:none -58.00:none -56.00:none -54.00:none -52.00:none -50.00:none -48.00:none -46.00:none -44.00:none -42.00:none -40.00:21 -38.00:20 -36.00:19 -34.00:18 -32.00:17 -30.00:17 -28.00:16 -26.00:14 -24.00:13 -22.00:12 -20.00:12 -18.00:11 -16.00:10 -14.00:9 -12.00:9 -10.00:8 -8.00:7 -6.00:6 -4.00:5 -2.00:5 0.00:5
2 engage drift:    null  (not a dB display)   (primary; displayLinear unset until the population decides)
   offset IQR:      null
3 displayOffsetDb: null
fixture: AudioUnit_46470263_15.0.70.rederived.json
  -> needs_review: export written (derive-only: the tone check was not run, nothing loaded); would be tone-checked by the follow-up

=== tone checks: Lindell 7X-500
RE-DERIVED from traces (nothing measured) - Lindell 7X-500 -> AudioUnit_6f457232_1.2.2.rederived.json
host: EJ Map 0.1.0 / arm64 / 48k (native)
threshold: [0] Input unit '' (class input_as_threshold, flags input_as_threshold) | positions 16 (16 evenly spaced), one process each, levels quiet to loud
links as instantiated (recorded, not written): [9] Stereo Link = '50%', [12] Link ON = 'Off'
ratio: [5] ran at '4:1' -> 4 | auto make-up disabled: no
default-threshold reference ('3.0', spec 4.7 check only):  -60.00 out-in 1.81  -58.00 out-in 1.81  -56.00 out-in 1.81  -54.00 out-in 1.81  -52.00 out-in 1.81  -50.00 out-in 1.81  -48.00 out-in 1.81  -46.00 out-in 1.81  -44.00 out-in 1.81  -42.00 out-in 1.81  -40.00 out-in 1.81  -38.00 out-in 1.81  -36.00 out-in 1.81  -34.00 out-in 1.81  -32.00 out-in 1.80  -30.00 out-in 1.80  -28.00 out-in 1.80  -26.00 out-in 1.80  -24.00 out-in 1.80  -22.00 out-in 1.80  -20.00 out-in 1.78  -18.00 out-in 1.32  -16.00 out-in -0.08  -14.00 out-in -1.77  -12.00 out-in -3.54  -10.00 out-in -5.35  -8.00 out-in -7.16  -6.00 out-in -8.96  -4.00 out-in -10.74  -2.00 out-in -12.49  0.00 out-in -14.20  (default gain is information only)
linear reference: each position's own gain at its quiet rung's upper level, checked against the lower (must differ by 6 dB within 0.1): -- -0.00 -0.00 -0.00 -0.00 -0.00 -0.00 -0.00 -0.00 -0.00 -0.00 -0.00 -0.00 -0.00 -0.00 -0.00 -0.00 -0.00 -0.00 -0.00 -0.00 -0.00
reference ladder: 0 position(s) below the first rung
writes landed by: instack 22
write verify: 22 landed, 0 write_unlanded (skipped), in-stack read already matched on 22 of 22, pump slices total 22, longest confirm 2.6 ms, re-rendered 0
hold doubled at positions: none
still moving AFTER doubling (reading not used): none

pos   norm      display        red@-24  red@-12  red@-6    T(peak)   T-display
  0  0.0000    0.0               --       --       --          --          
  1  0.0667    0.7             0.00     0.01     0.12        -5.5          
  2  0.0889    0.9             0.00     0.01     1.44        -8.3          
  3  0.1111    1.1             0.00     0.02     3.03       -10.4          
  4  0.1333    1.3             0.01     0.12     4.42       -12.1          
  5  0.1667    1.7             0.01     1.05     6.16       -14.2          
  6  0.2000    2.0             0.01     2.27     7.59       -15.7          
  7  0.2667    2.7             0.01     4.44     9.85       -18.3          
  8  0.3333    3.3             0.01     6.18    11.59       -20.2          
  9  0.4000    4.0             0.01     7.61    12.99       -21.7          
 10  0.4667    4.7             0.02     8.82    14.15       -23.1          
 11  0.5333    5.3             0.13     9.87    15.15       -24.3          
 12  0.6000    6.0             0.50    10.79    16.03       -25.2          
 13  0.6167    6.2             1.77    12.42    17.57       -27.2          
 14  0.6333    6.3             3.03    13.75    18.81       -28.8          
 15  0.6667    6.7             5.17    15.83    20.74       -31.1          
 16  0.7000    7.0             6.87    17.42    22.20       -33.0          
 17  0.7333    7.3             8.27    18.69    23.37       -34.6          
 18  0.8000    8.0            10.49    20.65    25.18       -37.0          
 19  0.8667    8.7            12.19    22.14    26.55       -38.9          
 20  0.9333    9.3            13.57    23.32    27.64       -40.5          
 21  1.0000    10.0           14.72    24.31    28.55       -41.7          

1 MAP:             certified | sense higher_is_harder | engage -60.00:none -58.00:none -56.00:none -54.00:none -52.00:none -50.00:none -48.00:none -46.00:none -44.00:none -42.00:none -40.00:21 -38.00:20 -36.00:19 -34.00:18 -32.00:17 -30.00:16 -28.00:15 -26.00:14 -24.00:12 -22.00:11 -20.00:9 -18.00:8 -16.00:7 -14.00:6 -12.00:5 -10.00:4 -8.00:3 -6.00:2 -4.00:1 -2.00:1 0.00:1
2 engage drift:    null  (not a dB display)   (primary; displayLinear unset until the population decides)
   offset IQR:      null
3 displayOffsetDb: null
fixture: AudioUnit_6f457232_1.2.2.rederived.json
  -> needs_review: export written (derive-only: the tone check was not run, nothing loaded); would be tone-checked by the follow-up

=== tone checks: Tube-Tech CL 1B
RE-DERIVED from traces (nothing measured) - Tube-Tech CL 1B -> AudioUnit_517f614e_2.5.62.rederived.json
host: EJ Map 0.1.0 / arm64 / 48k (native)
threshold: [2] Threshold unit 'dB' (class single_threshold) | positions 16 (16 evenly spaced), one process each, levels quiet to loud
ratio: [1] ran at '6:1' -> 6 | auto make-up disabled: no
default-threshold reference ('Off', spec 4.7 check only):  -60.00 out-in -0.64  -58.00 out-in -0.64  -56.00 out-in -0.64  -54.00 out-in -0.64  -52.00 out-in -0.64  -50.00 out-in -0.64  -48.00 out-in -0.64  -46.00 out-in -0.64  -44.00 out-in -0.64  -42.00 out-in -0.64  -40.00 out-in -0.64  -38.00 out-in -0.64  -36.00 out-in -0.64  -34.00 out-in -0.64  -32.00 out-in -0.64  -30.00 out-in -0.64  -28.00 out-in -0.64  -26.00 out-in -0.64  -24.00 out-in -0.64  -22.00 out-in -0.64  -20.00 out-in -0.64  -18.00 out-in -0.64  -16.00 out-in -0.64  -14.00 out-in -0.64  -12.00 out-in -0.64  -10.00 out-in -0.64  -8.00 out-in -0.64  -6.00 out-in -0.64  -4.00 out-in -0.64  -2.00 out-in -0.64  0.00 out-in -0.64  (default gain is information only)
linear reference: each position's own gain at its quiet rung's upper level, checked against the lower (must differ by 6 dB within 0.1): -0.00 -0.00 -0.00 -0.01 -0.01 -0.02 -0.03 -0.04 -0.05 -0.07 -0.09 -0.02 -0.03 -0.04 -0.05 -0.06 -0.08 -0.02 -0.03 -0.04 -0.05 -0.07 -0.09 -0.02 -0.03 -0.04 -0.05 -0.05
reference ladder: 17 position(s) below the first rung (11@-60 12@-60 13@-60 14@-60 15@-60 16@-60 17@-72 18@-72 19@-72 20@-72 21@-72 22@-72 23@-84 24@-84 25@-84 26@-84 27@-84)
writes landed by: instack 28
write verify: 28 landed, 0 write_unlanded (skipped), in-stack read already matched on 28 of 28, pump slices total 28, longest confirm 3.1 ms, re-rendered 0
hold doubled at positions: none
still moving AFTER doubling (reading not used): none

pos   norm      display        red@-24  red@-12  red@-6    T(peak)   T-display
  0  0.0000    Off            -0.00    -0.00     0.00   {"above": 0.0}          
  1  0.0667    1.4             0.00     0.01     0.05   {"above": 0.0}          
  2  0.1333    0.8             0.01     0.06     0.14   {"above": 0.0}          
  3  0.2000    0.2             0.48     1.79     3.51       -13.4    -13.60
  4  0.2083    0.1             0.60     2.13     4.51       -14.6    -14.70
  5  0.2167    0.0             0.71     2.46     5.36       -15.7    -15.70
  6  0.2333    -1.2            0.94     3.53     6.87       -17.1    -15.90
  7  0.2500    -2.7            1.16     4.61     8.16       -19.1    -16.40
  8  0.2667    -4.2            1.36     5.47     9.19       -20.5    -16.30
  9  0.3000    -7.3            1.69     6.76    10.77       -23.0    -15.70
 10  0.3333    -10.2           2.13     8.33    12.51       -25.1    -14.90
 11  0.3667    -11.8           2.90    10.03    14.40       -28.1    -16.30
 12  0.4000    -13.5           3.98    11.48    15.99       -30.2    -16.70
 13  0.4333    -15.2           4.90    12.72    17.31       -31.3    -16.10
 14  0.4667    -16.8           5.80    13.91    18.62       -33.1    -16.30
 15  0.5000    -18.5           6.59    15.00    19.76       -34.4    -15.90
 16  0.5333    -20.3           7.87    16.54    21.46       -35.9    -15.60
 17  0.5556    -22.0           9.34    18.31    23.29       -39.1    -17.10
 18  0.5778    -23.7          10.73    19.95    24.99       -41.0    -17.30
 19  0.6000    -25.4          11.99    21.44    26.61       -42.5    -17.10
 20  0.6333    -27.9          13.91    23.62    28.95       -45.1    -17.20
 21  0.6667    -30.2          15.59    25.50    30.94       -47.2    -17.00
 22  0.7000    -31.5          16.91    27.05    32.60       -49.0    -17.50
 23  0.7333    -32.7          18.24    28.51    34.12       -50.6    -17.90
 24  0.8000    -35.2          20.17    30.65    36.34       -52.3    -17.10
 25  0.8667    -37.7          21.57    32.28    38.00       -53.7    -16.00
 26  0.9333    -40.0          22.38    33.21    38.96       -54.4    -14.40
 27  1.0000    -41.0          22.40    33.23    38.98       -54.4    -13.40

1 MAP:             certified | sense higher_is_harder | engage -60.00:22 -58.00:21 -56.00:20 -54.00:19 -52.00:18 -50.00:17 -48.00:17 -46.00:15 -44.00:14 -42.00:12 -40.00:11 -38.00:11 -36.00:10 -34.00:9 -32.00:8 -30.00:7 -28.00:6 -26.00:5 -24.00:4 -22.00:3 -20.00:3 -18.00:3 -16.00:3 -14.00:3 -12.00:3 -10.00:3 -8.00:3 -6.00:3 -4.00:3 -2.00:3 0.00:3
2 engage drift:    28.64  -10.00:10.61  -12.00:12.57  -14.00:14.53  -16.00:16.48  -18.00:18.42  -2.00:2.68  -20.00:20.36  -22.00:22.28  -24.00:24.19  -26.00:26.40  -28.00:27.76  -30.00:28.37  -32.00:28.44  -34.00:27.12  -36.00:25.86  -38.00:27.85  -4.00:4.59  -40.00:28.46  -42.00:28.65  -44.00:28.46  -46.00:27.58  -48.00:28.42  -50.00:29.10  -52.00:29.37  -54.00:29.36  -56.00:29.19  -58.00:28.37  -6.00:6.50  -60.00:28.52  -8.00:8.45  0.00:0.73   (primary; displayLinear unset until the population decides)
   offset IQR:      1.40 dB over 25 positions (min -17.90, max -13.40)
3 displayOffsetDb: -16.30  (outside spec 7's 2 dB bar)
fixture: AudioUnit_517f614e_2.5.62.rederived.json
  -> needs_review: export written (derive-only: the tone check was not run, nothing loaded); would be tone-checked by the follow-up

=== tone checks: SSL Native X-ValveComp v6
RE-DERIVED from traces (nothing measured) - SSL Native X-ValveComp v6 -> AudioUnit_61687260_6.6.13.rederived.json
host: EJ Map 0.1.0 / arm64 / 48k (native)
threshold: [8] Threshold unit '' (class single_threshold) | positions 16 (16 evenly spaced), one process each, levels quiet to loud
ratio: [5] ran at '5.00' -> 5 | auto make-up disabled: yes
default-threshold reference ('0.0', spec 4.7 check only):  -60.00 out-in 2.96  -58.00 out-in 2.96  -56.00 out-in 2.96  -54.00 out-in 2.96  -52.00 out-in 2.96  -50.00 out-in 2.96  -48.00 out-in 2.96  -46.00 out-in 2.96  -44.00 out-in 2.96  -42.00 out-in 2.96  -40.00 out-in 2.96  -38.00 out-in 2.96  -36.00 out-in 2.96  -34.00 out-in 2.96  -32.00 out-in 2.95  -30.00 out-in 2.95  -28.00 out-in 2.95  -26.00 out-in 2.95  -24.00 out-in 2.95  -22.00 out-in 2.94  -20.00 out-in 2.93  -18.00 out-in 2.92  -16.00 out-in 2.90  -14.00 out-in 2.88  -12.00 out-in 2.85  -10.00 out-in 2.80  -8.00 out-in 2.72  -6.00 out-in 2.60  -4.00 out-in 2.40  -2.00 out-in 2.05  0.00 out-in 1.34  (default gain is information only)
linear reference: each position's own gain at its quiet rung's upper level, checked against the lower (must differ by 6 dB within 0.1): -0.00 -0.00 -0.00 -0.00 -0.00 -0.00 -0.00 -0.00 -0.00 -0.00 -0.00 -0.00 -0.00 -0.00 -0.00 -0.00
reference ladder: 0 position(s) below the first rung
writes landed by: instack 16
write verify: 16 landed, 0 write_unlanded (skipped), in-stack read already matched on 16 of 16, pump slices total 16, longest confirm 3.1 ms, re-rendered 0
hold doubled at positions: none
still moving AFTER doubling (reading not used): none

pos   norm      display        red@-24  red@-12  red@-6    T(peak)   T-display
  0  0.0000    -36.0           7.28    16.88    21.68       -33.1          
  1  0.0667    -33.6           5.36    14.96    19.76       -30.7          
  2  0.1333    -31.2           3.54    13.04    17.85       -28.3          
  3  0.2000    -28.8           2.08    11.13    15.93       -25.9          
  4  0.2667    -26.4           1.02     9.21    14.02       -23.5          
  5  0.3333    -24.0           0.33     7.30    12.11       -21.1          
  6  0.4000    -21.6           0.03     5.39    10.20       -18.8          
  7  0.4667    -19.2           0.01     3.59     8.31       -16.4          
  8  0.5333    -16.8           0.01     2.15     6.42       -14.1          
  9  0.6000    -14.4           0.01     1.10     4.55       -11.7          
 10  0.6667    -12.0           0.01     0.42     2.96        -9.6          
 11  0.7333    -9.6            0.01     0.13     1.76        -7.6          
 12  0.8000    -7.2            0.01     0.11     0.93        -5.8          
 13  0.8667    -4.8            0.01     0.11     0.47        -4.3          
 14  0.9333    -2.4            0.01     0.11     0.36        -3.5          
 15  1.0000    0.0             0.01     0.11     0.36        -3.1          

1 MAP:             certified | sense lower_is_harder | engage -60.00:none -58.00:none -56.00:none -54.00:none -52.00:none -50.00:none -48.00:none -46.00:none -44.00:none -42.00:none -40.00:none -38.00:none -36.00:none -34.00:0 -32.00:1 -30.00:2 -28.00:3 -26.00:3 -24.00:4 -22.00:5 -20.00:6 -18.00:7 -16.00:8 -14.00:8 -12.00:9 -10.00:10 -8.00:11 -6.00:12 -4.00:15 -2.00:15 0.00:15
2 engage drift:    null  (not a dB display)   (primary; displayLinear unset until the population decides)
   offset IQR:      null
3 displayOffsetDb: null
fixture: AudioUnit_61687260_6.6.13.rederived.json
  -> needs_review: export written (derive-only: the tone check was not run, nothing loaded); would be tone-checked by the follow-up

=== tone checks: SSL Native Bus Compressor 2
RE-DERIVED from traces (nothing measured) - SSL Native Bus Compressor 2 -> AudioUnit_7c646904_1.3.4.rederived.json
host: EJ Map 0.1.0 / arm64 / 48k (native)
threshold: [2] Threshold unit '' (class single_threshold) | positions 16 (16 evenly spaced), one process each, levels quiet to loud
ratio: [0] ran at '2:1' -> 2 | auto make-up disabled: no
default-threshold reference ('20.0', spec 4.7 check only):  -60.00 out-in -0.01  -58.00 out-in -0.01  -56.00 out-in -0.01  -54.00 out-in -0.01  -52.00 out-in -0.01  -50.00 out-in -0.02  -48.00 out-in -0.02  -46.00 out-in -0.03  -44.00 out-in -0.04  -42.00 out-in -0.05  -40.00 out-in -0.06  -38.00 out-in -0.08  -36.00 out-in -0.09  -34.00 out-in -0.12  -32.00 out-in -0.15  -30.00 out-in -0.18  -28.00 out-in -0.23  -26.00 out-in -0.29  -24.00 out-in -0.36  -22.00 out-in -0.45  -20.00 out-in -0.56  -18.00 out-in -0.70  -16.00 out-in -0.86  -14.00 out-in -1.06  -12.00 out-in -1.30  -10.00 out-in -1.59  -8.00 out-in -1.92  -6.00 out-in -2.31  -4.00 out-in -2.77  -2.00 out-in -3.29  0.00 out-in -3.88  (default gain is information only)
linear reference: each position's own gain at its quiet rung's upper level, checked against the lower (must differ by 6 dB within 0.1): -0.07 -0.05 -0.04 -0.03 -0.09 -0.08 -0.06 -0.04 -0.03 -0.02 -0.09 -0.07 -0.06 -0.04 -0.03 -0.02 -0.02 -0.01
reference ladder: 10 position(s) below the first rung (0@-72 1@-72 2@-72 3@-72 4@-60 5@-60 6@-60 7@-60 8@-60 9@-60)
writes landed by: instack 18
write verify: 18 landed, 0 write_unlanded (skipped), in-stack read already matched on 18 of 18, pump slices total 18, longest confirm 3.1 ms, re-rendered 0
hold doubled at positions: none
still moving AFTER doubling (reading not used): none

pos   norm      display        red@-24  red@-12  red@-6    T(peak)   T-display
  0  0.0000    -20.0          10.75    18.23    21.78       -47.4          
  1  0.0667    -17.3           9.34    16.47    20.40       -45.1          
  2  0.1333    -14.7           8.06    14.82    18.78       -42.8          
  3  0.2000    -12.0           6.83    13.18    16.99       -40.0          
  4  0.2333    -10.7           6.13    12.26    16.00       -38.2          
  5  0.2667    -9.3            5.58    11.48    15.12       -36.6          
  6  0.3333    -6.7            4.65    10.08    13.55       -34.3          
  7  0.4000    -4.0            3.78     8.70    11.97       -31.6          
  8  0.4667    -1.3            3.03     7.42    10.47       -29.2          
  9  0.5333    1.3             2.42     6.29     9.11       -26.9          
 10  0.5667    2.7             2.00     5.59     8.28       -24.6          
 11  0.6000    4.0             1.78     5.11     7.67       -23.9          
 12  0.6667    6.7             1.38     4.19     6.49       -22.0          
 13  0.7333    9.3             1.06     3.41     5.45       -20.3          
 14  0.8000    12.0            0.81     2.72     4.48       -18.5          
 15  0.8667    14.7            0.61     2.14     3.63       -16.3          
 16  0.9333    17.3            0.46     1.67     2.93       -14.7          
 17  1.0000    20.0            0.34     1.28     2.31       -13.1          

1 MAP:             certified | sense lower_is_harder | engage -60.00:none -58.00:0 -56.00:1 -54.00:2 -52.00:3 -50.00:3 -48.00:4 -46.00:5 -44.00:6 -42.00:7 -40.00:8 -38.00:9 -36.00:9 -34.00:11 -32.00:12 -30.00:13 -28.00:14 -26.00:14 -24.00:15 -22.00:16 -20.00:17 -18.00:17 -16.00:17 -14.00:17 -12.00:17 -10.00:17 -8.00:17 -6.00:17 -4.00:17 -2.00:17 0.00:17
2 engage drift:    null  (not a dB display)   (primary; displayLinear unset until the population decides)
   offset IQR:      null
3 displayOffsetDb: null
fixture: AudioUnit_7c646904_1.3.4.rederived.json
  -> needs_review: export written (derive-only: the tone check was not run, nothing loaded); would be tone-checked by the follow-up

=== tone checks: Kiive XTComp
  master_over_trims: master over trims: 'INPUT' is every other candidate's name minus a channel or band suffix (Input Right, Input Left) and it certified; it is the amount, the trims stay at their instantiate values (neutral)
CANDIDATE [0] Input Right - re-derived
host: EJ Map 0.1.0 / arm64 / 48k (native)
threshold: [0] Input Right unit '' (class input_as_threshold, flags input_as_threshold) | positions 16 (16 evenly spaced), one process each, levels quiet to loud
ratio: 2 controls hold the ratio role | auto make-up disabled: no
default-threshold reference ('0.0', spec 4.7 check only):  -60.00 out-in 5.00  -58.00 out-in 5.00  -56.00 out-in 5.01  -54.00 out-in 5.01  -52.00 out-in 5.01  -50.00 out-in 5.02  -48.00 out-in 5.02  -46.00 out-in 5.02  -44.00 out-in 5.03  -42.00 out-in 5.03  -40.00 out-in 5.03  -38.00 out-in 5.03  -36.00 out-in 5.04  -34.00 out-in 5.04  -32.00 out-in 5.03  -30.00 out-in 5.03  -28.00 out-in 5.02  -26.00 out-in 5.01  -24.00 out-in 4.93  -22.00 out-in 4.35  -20.00 out-in 3.28  -18.00 out-in 1.86  -16.00 out-in 0.40  -14.00 out-in -1.10  -12.00 out-in -2.61  -10.00 out-in -4.12  -8.00 out-in -5.63  -6.00 out-in -7.16  -4.00 out-in -8.72  -2.00 out-in -10.20  0.00 out-in -11.42  (default gain is information only)
linear reference: each position's own gain at its quiet rung's upper level, checked against the lower (must differ by 6 dB within 0.1): 0.01 0.01 0.01 0.01 0.01 0.01 0.01 0.01 0.01 0.01 0.01 0.01 0.01 0.01 0.00 -0.00
reference ladder: 0 position(s) below the first rung
writes landed by: instack 16
write verify: 16 landed, 0 write_unlanded (skipped), in-stack read already matched on 16 of 16, pump slices total 16, longest confirm 2.6 ms, re-rendered 0
hold doubled at positions: none
still moving AFTER doubling (reading not used): none

pos   norm      display        red@-24  red@-12  red@-6    T(peak)   T-display
  0  0.0000    -10.0          -0.02     0.26     2.66          --          
  1  0.0667    -8.7           -0.02     0.30     3.23          --          
  2  0.1333    -7.3           -0.02     0.61     4.14          --          
  3  0.2000    -6.0           -0.02     1.27     5.24          --          
  4  0.2667    -4.7           -0.01     2.33     6.52          --          
  5  0.3333    -3.3           -0.01     3.68     7.97          --          
  6  0.4000    -2.0            0.00     5.16     9.55          --          
  7  0.4667    -0.7            0.02     6.77    11.25          --          
  8  0.5333    0.7             0.34     8.52    13.14          --          
  9  0.6000    2.0             1.35    10.36    15.14          --          
 10  0.6667    3.3             2.97    12.31    17.23          --          
 11  0.7333    4.7             4.80    14.43    19.36          --          
 12  0.8000    6.0             6.72    16.63    21.44          --          
 13  0.8667    7.3             8.74    18.86    23.56          --          
 14  0.9333    8.7            10.86    21.12    25.76          --          
 15  1.0000    10.0           12.96    23.24    27.97          --          

1 MAP:             certified (ratio unknown (no ratio control): no dB-equivalent map) | sense higher_is_harder | engage -60.00:none -58.00:none -56.00:none -54.00:none -52.00:none -50.00:none -48.00:none -46.00:none -44.00:none -42.00:none -40.00:15 -38.00:14 -36.00:14 -34.00:13 -32.00:12 -30.00:11 -28.00:10 -26.00:10 -24.00:9 -22.00:8 -20.00:7 -18.00:6 -16.00:5 -14.00:4 -12.00:2 -10.00:0 -8.00:0 -6.00:0 -4.00:0 -2.00:0 0.00:0
2 engage drift:    null  (not a dB display)   (primary; displayLinear unset until the population decides)
   offset IQR:      null
3 displayOffsetDb: null
fixture: AudioUnit_617d776d_1.0.0.rederived.json

CANDIDATE [1] INPUT - re-derived
host: EJ Map 0.1.0 / arm64 / 48k (native)
threshold: [1] INPUT unit '' (class input_as_threshold, flags input_as_threshold) | positions 16 (16 evenly spaced), one process each, levels quiet to loud
ratio: 2 controls hold the ratio role | auto make-up disabled: no
default-threshold reference ('0.0', spec 4.7 check only):  -60.00 out-in 5.00  -58.00 out-in 5.00  -56.00 out-in 5.01  -54.00 out-in 5.01  -52.00 out-in 5.01  -50.00 out-in 5.02  -48.00 out-in 5.02  -46.00 out-in 5.02  -44.00 out-in 5.03  -42.00 out-in 5.03  -40.00 out-in 5.03  -38.00 out-in 5.03  -36.00 out-in 5.04  -34.00 out-in 5.04  -32.00 out-in 5.03  -30.00 out-in 5.03  -28.00 out-in 5.02  -26.00 out-in 5.01  -24.00 out-in 4.93  -22.00 out-in 4.35  -20.00 out-in 3.28  -18.00 out-in 1.86  -16.00 out-in 0.40  -14.00 out-in -1.10  -12.00 out-in -2.61  -10.00 out-in -4.12  -8.00 out-in -5.63  -6.00 out-in -7.16  -4.00 out-in -8.72  -2.00 out-in -10.20  0.00 out-in -11.42  (default gain is information only)
linear reference: each position's own gain at its quiet rung's upper level, checked against the lower (must differ by 6 dB within 0.1): 0.00 0.00 0.01 0.01 0.01 0.01 0.01 0.01 0.01 0.01 0.01 0.01 0.01 0.00 0.00 -0.01
reference ladder: 0 position(s) below the first rung
writes landed by: instack 16
write verify: 16 landed, 0 write_unlanded (skipped), in-stack read already matched on 16 of 16, pump slices total 16, longest confirm 2.6 ms, re-rendered 0
hold doubled at positions: none
still moving AFTER doubling (reading not used): none

pos   norm      display        red@-24  red@-12  red@-6    T(peak)   T-display
  0  0.0000    -18.0          -0.04    -0.04     0.07          --          
  1  0.0667    -15.6          -0.04    -0.02     0.82          --          
  2  0.1333    -13.2          -0.04    -0.00     2.27          --          
  3  0.2000    -10.8          -0.04     0.36     4.01          --          
  4  0.2667    -8.4           -0.03     1.48     5.80          --          
  5  0.3333    -6.0           -0.02     3.14     7.62          --          
  6  0.4000    -3.6           -0.01     4.91     9.44          --          
  7  0.4667    -1.2            0.02     6.72    11.25          --          
  8  0.5333    1.2             0.37     8.54    13.12          --          
  9  0.6000    3.6             1.49    10.36    14.96          --          
 10  0.6667    6.0             3.16    12.19    16.45          --          
 11  0.7333    8.4             4.93    14.05    17.83          --          
 12  0.8000    10.8            6.74    15.74    19.33          --          
 13  0.8667    13.2            8.55    17.14    20.71          --          
 14  0.9333    15.6           10.37    18.61    21.98          --          
 15  1.0000    18.0           12.19    20.02    23.16          --          

1 MAP:             certified (ratio unknown (no ratio control): no dB-equivalent map) | sense higher_is_harder | engage -60.00:none -58.00:none -56.00:none -54.00:none -52.00:none -50.00:none -48.00:none -46.00:none -44.00:none -42.00:none -40.00:15 -38.00:14 -36.00:14 -34.00:13 -32.00:12 -30.00:11 -28.00:10 -26.00:9 -24.00:9 -22.00:8 -20.00:7 -18.00:6 -16.00:5 -14.00:5 -12.00:4 -10.00:3 -8.00:2 -6.00:1 -4.00:0 -2.00:0 0.00:0
2 engage drift:    null  (not a dB display)   (primary; displayLinear unset until the population decides)
   offset IQR:      null
3 displayOffsetDb: null
fixture: AudioUnit_617d776d_1.0.0.rederived.json

CANDIDATE [14] Input Left - re-derived
host: EJ Map 0.1.0 / arm64 / 48k (native)
threshold: [14] Input Left unit '' (class input_as_threshold, flags input_as_threshold) | positions 16 (16 evenly spaced), one process each, levels quiet to loud
ratio: 2 controls hold the ratio role | auto make-up disabled: no
default-threshold reference ('0.0', spec 4.7 check only):  -60.00 out-in 5.00  -58.00 out-in 5.00  -56.00 out-in 5.01  -54.00 out-in 5.01  -52.00 out-in 5.01  -50.00 out-in 5.02  -48.00 out-in 5.02  -46.00 out-in 5.02  -44.00 out-in 5.03  -42.00 out-in 5.03  -40.00 out-in 5.03  -38.00 out-in 5.03  -36.00 out-in 5.04  -34.00 out-in 5.04  -32.00 out-in 5.03  -30.00 out-in 5.03  -28.00 out-in 5.02  -26.00 out-in 5.01  -24.00 out-in 4.93  -22.00 out-in 4.35  -20.00 out-in 3.28  -18.00 out-in 1.86  -16.00 out-in 0.40  -14.00 out-in -1.10  -12.00 out-in -2.61  -10.00 out-in -4.12  -8.00 out-in -5.63  -6.00 out-in -7.16  -4.00 out-in -8.72  -2.00 out-in -10.20  0.00 out-in -11.42  (default gain is information only)
linear reference: each position's own gain at its quiet rung's upper level, checked against the lower (must differ by 6 dB within 0.1): 0.01 0.01 0.01 0.01 0.01 0.01 0.01 0.01 0.01 0.01 0.01 0.01 0.01 0.01 0.00 -0.00
reference ladder: 0 position(s) below the first rung
writes landed by: instack 16
write verify: 16 landed, 0 write_unlanded (skipped), in-stack read already matched on 16 of 16, pump slices total 16, longest confirm 2.6 ms, re-rendered 0
hold doubled at positions: none
still moving AFTER doubling (reading not used): none

pos   norm      display        red@-24  red@-12  red@-6    T(peak)   T-display
  0  0.0000    -10.0          -0.02     0.26     2.66          --          
  1  0.0667    -8.7           -0.02     0.30     3.23          --          
  2  0.1333    -7.3           -0.02     0.61     4.14          --          
  3  0.2000    -6.0           -0.02     1.27     5.24          --          
  4  0.2667    -4.7           -0.01     2.33     6.52          --          
  5  0.3333    -3.3           -0.01     3.68     7.97          --          
  6  0.4000    -2.0            0.00     5.16     9.55          --          
  7  0.4667    -0.7            0.02     6.77    11.25          --          
  8  0.5333    0.7             0.34     8.52    13.14          --          
  9  0.6000    2.0             1.35    10.36    15.14          --          
 10  0.6667    3.3             2.97    12.31    17.23          --          
 11  0.7333    4.7             4.80    14.43    19.36          --          
 12  0.8000    6.0             6.72    16.63    21.44          --          
 13  0.8667    7.3             8.74    18.86    23.56          --          
 14  0.9333    8.7            10.86    21.12    25.76          --          
 15  1.0000    10.0           12.96    23.24    27.97          --          

1 MAP:             certified (ratio unknown (no ratio control): no dB-equivalent map) | sense higher_is_harder | engage -60.00:none -58.00:none -56.00:none -54.00:none -52.00:none -50.00:none -48.00:none -46.00:none -44.00:none -42.00:none -40.00:15 -38.00:14 -36.00:14 -34.00:13 -32.00:12 -30.00:11 -28.00:10 -26.00:10 -24.00:9 -22.00:8 -20.00:7 -18.00:6 -16.00:5 -14.00:4 -12.00:2 -10.00:0 -8.00:0 -6.00:0 -4.00:0 -2.00:0 0.00:0
2 engage drift:    null  (not a dB display)   (primary; displayLinear unset until the population decides)
   offset IQR:      null
3 displayOffsetDb: null
fixture: AudioUnit_617d776d_1.0.0.rederived.json

  -> needs_review: would export in the follow-up: the pick needs its detector measured (one load) and the tone check (derive-only ran neither)

=== tone checks: elysia mpressor
RE-DERIVED from traces (nothing measured) - elysia mpressor -> AudioUnit_49696d78_1.15.1.rederived.json
host: EJ Map 0.1.0 / arm64 / 48k (native)
threshold: [3] Threshold unit 'dB' (class single_threshold) | positions 16 (16 evenly spaced), one process each, levels quiet to loud
links as instantiated (recorded, not written): [1] Link = 'On'
ratio: [9] ran at '2.8' -> 2.8 | auto make-up disabled: no
default-threshold reference ('16.0 dB', spec 4.7 check only):  -60.00 out-in -0.02  -58.00 out-in -0.02  -56.00 out-in -0.02  -54.00 out-in -0.02  -52.00 out-in -0.02  -50.00 out-in -0.02  -48.00 out-in -0.02  -46.00 out-in -0.02  -44.00 out-in -0.02  -42.00 out-in -0.02  -40.00 out-in -0.02  -38.00 out-in -0.02  -36.00 out-in -0.02  -34.00 out-in -0.02  -32.00 out-in -0.02  -30.00 out-in -0.02  -28.00 out-in -0.02  -26.00 out-in -0.02  -24.00 out-in -0.03  -22.00 out-in -0.03  -20.00 out-in -0.03  -18.00 out-in -0.03  -16.00 out-in -0.04  -14.00 out-in -0.04  -12.00 out-in -0.06  -10.00 out-in -0.08  -8.00 out-in -0.11  -6.00 out-in -0.16  -4.00 out-in -0.39  -2.00 out-in -1.54  0.00 out-in -3.01  (default gain is information only)
linear reference: each position's own gain at its quiet rung's upper level, checked against the lower (must differ by 6 dB within 0.1): 0.00 0.00 -0.00 -0.00 0.00 0.00 0.00 -0.00 -0.00 0.00 0.00 -0.00 -0.00 0.00 0.00 0.00 -0.00 0.00 -0.00 0.00
reference ladder: 0 position(s) below the first rung
writes landed by: instack 20
write verify: 20 landed, 0 write_unlanded (skipped), in-stack read already matched on 20 of 20, pump slices total 20, longest confirm 2.6 ms, re-rendered 0
hold doubled at positions: none
still moving AFTER doubling (reading not used): none

pos   norm      display        red@-24  red@-12  red@-6    T(peak)   T-display
  0  0.0000    16.0 dB         0.00     0.04     0.14        -4.5    -20.50
  1  0.0667    14.5 dB         0.00     0.04     0.22        -5.8    -20.30
  2  0.1333    11.7 dB         0.00     0.04     1.55        -8.5    -20.20
  3  0.1667    9.8 dB          0.00     0.04     2.71       -10.3    -20.10
  4  0.2000    8.2 dB          0.00     0.17     3.76       -11.9    -20.10
  5  0.2667    5.3 dB          0.00     1.70     5.64       -14.8    -20.10
  6  0.3000    3.5 dB          0.00     2.83     6.81       -16.5    -20.00
  7  0.3333    1.7 dB          0.00     4.00     7.97       -18.3    -20.00
  8  0.3667    -0.2 dB         0.00     5.18     9.14       -20.1    -19.90
  9  0.4000    -2.0 dB         0.00     6.40    10.32       -21.9    -19.90
 10  0.4333    -3.8 dB         0.14     7.55    11.49       -23.7    -19.90
 11  0.4667    -5.4 dB         0.82     8.55    12.54       -25.2    -19.80
 12  0.5333    -7.6 dB         2.22     9.96    13.93       -27.5    -19.90
 13  0.6000    -9.8 dB         3.63    11.37    15.33       -29.6    -19.80
 14  0.6667    -11.7 dB        4.82    12.61    16.53       -31.5    -19.80
 15  0.7333    -13.1 dB        5.77    13.53    17.47       -33.0    -19.90
 16  0.8000    -14.6 dB        6.74    14.47    18.46       -34.4    -19.80
 17  0.8667    -16.1 dB        7.67    15.40    19.38       -35.9    -19.80
 18  0.9333    -17.3 dB        8.43    16.17    20.14       -37.1    -19.80
 19  1.0000    -18.0 dB        8.90    16.64    20.61       -37.8    -19.80

1 MAP:             certified | sense higher_is_harder | engage -60.00:none -58.00:none -56.00:none -54.00:none -52.00:none -50.00:none -48.00:none -46.00:none -44.00:none -42.00:none -40.00:none -38.00:none -36.00:18 -34.00:17 -32.00:15 -30.00:14 -28.00:13 -26.00:12 -24.00:11 -22.00:10 -20.00:9 -18.00:8 -16.00:7 -14.00:6 -12.00:5 -10.00:4 -8.00:3 -6.00:2 -4.00:1 -2.00:0 0.00:0
2 engage drift:    0.98  -10.00:19.11  -12.00:19.22  -14.00:19.08  -16.00:19.14  -18.00:19.06  -2.00:19.63  -20.00:19.07  -22.00:19.09  -24.00:19.11  -26.00:19.09  -28.00:19.05  -30.00:19.04  -32.00:19.13  -34.00:19.00  -36.00:19.06  -38.00:null  -4.00:19.32  -40.00:null  -42.00:null  -44.00:null  -46.00:null  -48.00:null  -50.00:null  -52.00:null  -54.00:null  -56.00:null  -58.00:null  -6.00:19.41  -60.00:null  -8.00:19.15  0.00:19.98   (primary; displayLinear unset until the population decides)
   offset IQR:      0.30 dB over 20 positions (min -20.50, max -19.80)
3 displayOffsetDb: -19.90  (outside spec 7's 2 dB bar)
fixture: AudioUnit_49696d78_1.15.1.rederived.json
  -> needs_review: export written (derive-only: the tone check was not run, nothing loaded); would be tone-checked by the follow-up

=== tone checks: bx_townhouse Buss Compressor
RE-DERIVED from traces (nothing measured) - bx_townhouse Buss Compressor -> AudioUnit_417f6e76_1.8.1.rederived.json
host: EJ Map 0.1.0 / arm64 / 48k (native)
threshold: [4] Thresh unit 'dB' (class single_threshold) | positions 16 (16 evenly spaced), one process each, levels quiet to loud
ratio: [5] ran at '2:1' -> 2 | auto make-up disabled: no
default-threshold reference ('0.0 dB', spec 4.7 check only):  -60.00 out-in 0.25  -58.00 out-in 0.25  -56.00 out-in 0.25  -54.00 out-in 0.25  -52.00 out-in 0.25  -50.00 out-in 0.25  -48.00 out-in 0.25  -46.00 out-in 0.25  -44.00 out-in 0.25  -42.00 out-in 0.25  -40.00 out-in 0.25  -38.00 out-in 0.25  -36.00 out-in 0.25  -34.00 out-in 0.25  -32.00 out-in 0.25  -30.00 out-in 0.25  -28.00 out-in 0.25  -26.00 out-in 0.25  -24.00 out-in 0.25  -22.00 out-in 0.25  -20.00 out-in 0.25  -18.00 out-in 0.25  -16.00 out-in 0.25  -14.00 out-in 0.25  -12.00 out-in -0.32  -10.00 out-in -1.08  -8.00 out-in -1.92  -6.00 out-in -2.84  -4.00 out-in -3.82  -2.00 out-in -4.83  0.00 out-in -5.98  (default gain is information only)
linear reference: each position's own gain at its quiet rung's upper level, checked against the lower (must differ by 6 dB within 0.1): -0.00 -0.00 -0.00 -0.00 -0.00 -0.00 -0.00 -0.00 -0.00 -0.00 -0.00 -0.00 -0.00 -0.00 -0.00 -0.00
reference ladder: 0 position(s) below the first rung
writes landed by: instack 16
write verify: 16 landed, 0 write_unlanded (skipped), in-stack read already matched on 16 of 16, pump slices total 16, longest confirm 2.3 ms, re-rendered 0
hold doubled at positions: none
still moving AFTER doubling (reading not used): none

pos   norm      display        red@-24  red@-12  red@-6    T(peak)   T-display
  0  0.0000    -20.0 dB        7.78    15.60    19.92       -39.3    -19.30
  1  0.0667    -18.0 dB        6.28    13.77    17.96       -36.8    -18.80
  2  0.1333    -16.0 dB        4.80    11.96    16.06       -34.1    -18.10
  3  0.2000    -14.0 dB        3.45    10.23    14.21       -31.3    -17.30
  4  0.2667    -12.0 dB        2.21     8.58    12.43       -28.7    -16.70
  5  0.3333    -10.0 dB        1.09     7.00    10.65       -26.0    -16.00
  6  0.4000    -8.0 dB         0.16     5.49     8.97       -23.3    -15.30
  7  0.4667    -6.0 dB        -0.00     4.09     7.37       -20.7    -14.70
  8  0.5333    -4.0 dB        -0.00     2.80     5.84       -17.8    -13.80
  9  0.6000    -2.0 dB        -0.00     1.61     4.42       -15.1    -13.10
 10  0.6667    0.0 dB         -0.00     0.58     3.10       -12.4    -12.40
 11  0.7333    +2.0 dB        -0.00    -0.00     1.90        -9.5    -11.50
 12  0.8000    +4.0 dB        -0.00    -0.00     0.82        -7.1    -11.10
 13  0.8667    +6.0 dB        -0.00    -0.00     0.00        -4.7    -10.70
 14  0.9333    +8.0 dB        -0.00    -0.00     0.00        -2.1    -10.10
 15  1.0000    +10.0 dB       -0.00    -0.00     0.00   {"above": 0.0}          

1 MAP:             certified | sense lower_is_harder | engage -60.00:none -58.00:none -56.00:none -54.00:none -52.00:none -50.00:none -48.00:none -46.00:none -44.00:none -42.00:none -40.00:none -38.00:0 -36.00:1 -34.00:1 -32.00:2 -30.00:3 -28.00:4 -26.00:4 -24.00:5 -22.00:6 -20.00:7 -18.00:7 -16.00:8 -14.00:9 -12.00:10 -10.00:10 -8.00:11 -6.00:12 -4.00:13 -2.00:13 0.00:14
2 engage drift:    9.82  -10.00:11.50  -12.00:12.17  -14.00:12.63  -16.00:13.08  -18.00:13.46  -2.00:9.49  -20.00:14.19  -22.00:14.65  -24.00:15.05  -26.00:15.52  -28.00:16.21  -30.00:16.64  -32.00:17.10  -34.00:17.55  -36.00:18.22  -38.00:18.84  -4.00:10.16  -40.00:null  -42.00:null  -44.00:null  -46.00:null  -48.00:null  -50.00:null  -52.00:null  -54.00:null  -56.00:null  -58.00:null  -6.00:10.59  -60.00:null  -8.00:11.06  0.00:9.02   (primary; displayLinear unset until the population decides)
   offset IQR:      5.05 dB over 15 positions (min -19.30, max -10.10)
3 displayOffsetDb: -14.70  (outside spec 7's 2 dB bar)
fixture: AudioUnit_417f6e76_1.8.1.rederived.json
  -> needs_review: export written (derive-only: the tone check was not run, nothing loaded); would be tone-checked by the follow-up

=== tone checks: API-2500 (m)
RE-DERIVED from traces (nothing measured) - API-2500 (m) -> AudioUnit_4b567263_15.0.70.rederived.json
host: EJ Map 0.1.0 / arm64 / 48k (native)
threshold: [0] Thresh unit 'dB' (class single_threshold) | positions 16 (16 evenly spaced), one process each, levels quiet to loud
ratio: [2] ran at '4:1' -> 4 | auto make-up disabled: no
default-threshold reference ('10.00', spec 4.7 check only):  -60.00 out-in 0.25  -58.00 out-in 0.26  -56.00 out-in 0.26  -54.00 out-in 0.25  -52.00 out-in 0.26  -50.00 out-in 0.26  -48.00 out-in 0.25  -46.00 out-in 0.26  -44.00 out-in 0.25  -42.00 out-in 0.26  -40.00 out-in 0.26  -38.00 out-in 0.25  -36.00 out-in 0.26  -34.00 out-in 0.26  -32.00 out-in 0.25  -30.00 out-in 0.26  -28.00 out-in 0.26  -26.00 out-in 0.26  -24.00 out-in 0.26  -22.00 out-in 0.25  -20.00 out-in 0.26  -18.00 out-in 0.26  -16.00 out-in 0.25  -14.00 out-in 0.26  -12.00 out-in 0.26  -10.00 out-in 0.25  -8.00 out-in -0.12  -6.00 out-in -0.88  -4.00 out-in -1.70  -2.00 out-in -2.52  0.00 out-in -3.35  (default gain is information only)
linear reference: each position's own gain at its quiet rung's upper level, checked against the lower (must differ by 6 dB within 0.1): -0.00 -0.00 -0.00 -0.00 -0.00 -0.00 -0.00 -0.00 -0.00 -0.00 -0.00 -0.00 -0.00 -0.00 -0.00 -0.00 -0.00 -0.00
reference ladder: 0 position(s) below the first rung
writes landed by: instack 1 pump 17
write verify: 18 landed, 0 write_unlanded (skipped), in-stack read already matched on 1 of 18, pump slices total 54, longest confirm 28.0 ms, re-rendered 0
hold doubled at positions: none
still moving AFTER doubling (reading not used): none

pos   norm      display        red@-24  red@-12  red@-6    T(peak)   T-display
  0  0.0000    10.00          -0.00    -0.00     1.14        -6.2    -16.20
  1  0.0667    9.13           -0.00    -0.00     2.08        -7.9    -17.03
  2  0.1333    8.26           -0.00     0.47     2.88        -9.4    -17.66
  3  0.2000    6.61           -0.00     1.66     4.14       -12.0    -18.61
  4  0.2667    4.63           -0.00     2.87     5.34       -14.0    -18.63
  5  0.3333    3.07           -0.00     3.71     6.17       -15.6    -18.67
  6  0.4000    1.71           -0.00     4.41     6.87       -17.0    -18.71
  7  0.4667    0.35            0.27     5.10     7.58       -18.3    -18.65
  8  0.5333    -1.48           1.12     6.05     8.56       -20.1    -18.62
  9  0.6000    -3.49           2.21     7.15     9.67       -22.9    -19.41
 10  0.6667    -5.63           3.40     8.36    10.87       -25.4    -19.77
 11  0.7333    -7.81           4.58     9.56    12.07       -28.7    -20.89
 12  0.8000    -9.65           5.50    10.51    13.02       -30.9    -21.25
 13  0.8667    -11.45          6.32    11.35    13.86       -32.9    -21.45
 14  0.9000    -12.92          6.92    11.95    14.46       -33.7    -20.78
 15  0.9333    -15.28          7.76    12.78    15.29       -35.7    -20.42
 16  0.9667    -17.64          8.49    13.51    16.01       -37.5    -19.86
 17  1.0000    -20.00          9.29    14.31    16.81       -39.5    -19.50

1 MAP:             certified | sense higher_is_harder | engage -60.00:none -58.00:none -56.00:none -54.00:none -52.00:none -50.00:none -48.00:none -46.00:none -44.00:17 -42.00:16 -40.00:15 -38.00:13 -36.00:12 -34.00:11 -32.00:11 -30.00:10 -28.00:9 -26.00:9 -24.00:8 -22.00:7 -20.00:6 -18.00:5 -16.00:4 -14.00:3 -12.00:3 -10.00:2 -8.00:1 -6.00:0 -4.00:0 -2.00:0 0.00:0
2 engage drift:    14.09  -10.00:19.23  -12.00:20.52  -14.00:21.21  -16.00:21.99  -18.00:22.50  -2.00:14.11  -20.00:22.92  -22.00:23.30  -24.00:23.67  -26.00:24.11  -28.00:24.72  -30.00:25.19  -32.00:25.74  -34.00:26.23  -36.00:26.63  -38.00:26.88  -4.00:15.36  -40.00:26.97  -42.00:26.13  -44.00:25.90  -46.00:null  -48.00:null  -50.00:null  -52.00:null  -54.00:null  -56.00:null  -58.00:null  -6.00:16.59  -60.00:null  -8.00:17.94  0.00:12.88   (primary; displayLinear unset until the population decides)
   offset IQR:      1.66 dB over 18 positions (min -21.45, max -16.20)
3 displayOffsetDb: -19.06  (outside spec 7's 2 dB bar)
fixture: AudioUnit_4b567263_15.0.70.rederived.json
  -> needs_review: export written (derive-only: the tone check was not run, nothing loaded); would be tone-checked by the follow-up

=== tone checks: CLA-76 (s)
RE-DERIVED from traces (nothing measured) - CLA-76 (s) -> AudioUnit_3d30727d_15.0.70.rederived.json
host: EJ Map 0.1.0 / arm64 / 48k (native)
threshold: [0] Input unit '' (class input_as_threshold, flags input_as_threshold) | positions 16 (16 evenly spaced), one process each, levels quiet to loud
ratio: [4] ran at '4' -> 4 | auto make-up disabled: no
default-threshold reference ('-30.0', spec 4.7 check only):  -60.00 out-in 6.34  -58.00 out-in 6.34  -56.00 out-in 6.34  -54.00 out-in 6.34  -52.00 out-in 6.34  -50.00 out-in 6.34  -48.00 out-in 6.34  -46.00 out-in 6.35  -44.00 out-in 6.34  -42.00 out-in 6.35  -40.00 out-in 6.35  -38.00 out-in 6.35  -36.00 out-in 6.35  -34.00 out-in 6.35  -32.00 out-in 6.35  -30.00 out-in 6.35  -28.00 out-in 6.36  -26.00 out-in 6.36  -24.00 out-in 6.36  -22.00 out-in 6.37  -20.00 out-in 6.38  -18.00 out-in 5.60  -16.00 out-in 4.23  -14.00 out-in 2.64  -12.00 out-in 0.96  -10.00 out-in -0.73  -8.00 out-in -2.43  -6.00 out-in -4.14  -4.00 out-in -5.84  -2.00 out-in -7.51  0.00 out-in -9.13  (default gain is information only)
linear reference: each position's own gain at its quiet rung's upper level, checked against the lower (must differ by 6 dB within 0.1): -- -0.00 -0.00 -0.00 -0.00 -0.00 -0.00 -0.00 -0.00 -0.00 -0.00 0.00 0.00 0.00 0.00 0.00 0.00 0.00 0.00 0.01 0.01 0.01 0.01 0.01
reference ladder: 0 position(s) below the first rung
writes landed by: pump 24
write verify: 24 landed, 0 write_unlanded (skipped), in-stack read already matched on 0 of 24, pump slices total 175, longest confirm 30.6 ms, re-rendered 0
hold doubled at positions: none
still moving AFTER doubling (reading not used): none

pos   norm      display        red@-24  red@-12  red@-6    T(peak)   T-display
  0  0.0000    -Inf              --       --       --          --          
  1  0.0667    -53.6          -0.00    -0.01    -0.02   {"above": 0.0}          
  2  0.1333    -47.2          -0.01    -0.02    -0.03        -3.6          
  3  0.1667    -44.0          -0.01    -0.02     0.35        -6.0          
  4  0.2000    -40.8          -0.01    -0.03     1.60        -8.3          
  5  0.2333    -37.6          -0.01    -0.03     3.30       -10.6          
  6  0.2667    -35.2          -0.01     0.47     4.95       -12.7          
  7  0.3000    -33.6          -0.01     1.57     6.49       -14.6          
  8  0.3333    -32.0          -0.02     3.28     8.34       -16.9          
  9  0.3667    -30.4          -0.02     5.01    10.10       -18.9          
 10  0.4000    -28.8          -0.02     6.66    11.77       -20.9          
 11  0.4333    -27.2          -0.03     8.08    13.17       -22.5          
 12  0.4667    -25.6           0.23     9.37    14.42       -24.0          
 13  0.5000    -24.0           0.75    10.48    15.47       -25.2          
 14  0.5333    -22.4           2.54    12.65    17.50       -27.8          
 15  0.5667    -20.8           4.12    14.26    18.98       -29.7          
 16  0.6000    -19.2           5.34    15.43    20.03       -31.1          
 17  0.6667    -16.0           7.55    17.50    21.88       -33.8          
 18  0.7333    -12.8          10.16    19.80    23.97       -36.9          
 19  0.7667    -11.2          11.75    21.12    25.18       -38.9          
 20  0.8000    -9.6           13.37    22.48    26.33       -40.8          
 21  0.8667    -6.4           15.34    24.11    27.59       -43.0          
 22  0.9333    -3.2           15.93    24.59    27.99       -43.8          
 23  1.0000    0.0            15.99    24.64    28.04       -43.9          

1 MAP:             certified | sense higher_is_harder | engage -60.00:none -58.00:none -56.00:none -54.00:none -52.00:none -50.00:none -48.00:none -46.00:none -44.00:none -42.00:21 -40.00:21 -38.00:20 -36.00:18 -34.00:18 -32.00:17 -30.00:16 -28.00:15 -26.00:14 -24.00:13 -22.00:12 -20.00:11 -18.00:10 -16.00:9 -14.00:8 -12.00:7 -10.00:6 -8.00:5 -6.00:4 -4.00:3 -2.00:2 0.00:2
2 engage drift:    null  (not a dB display)   (primary; displayLinear unset until the population decides)
   offset IQR:      null
3 displayOffsetDb: null
fixture: AudioUnit_3d30727d_15.0.70.rederived.json
  -> needs_review: export written (derive-only: the tone check was not run, nothing loaded); would be tone-checked by the follow-up

=== tone checks: VBC Rack
  no measured rule: 4 candidates, 2 certified: no channel pair, no master, no Main/Aux
CANDIDATE [2] Red Threshold - re-derived
host: EJ Map 0.1.0 / arm64 / 48k (native)
threshold: [2] Red Threshold unit 'dB' (class bands_or_stages) | positions 16 (16 evenly spaced), one process each, levels quiet to loud
ratio: 2 controls hold the ratio role | auto make-up disabled: no
default-threshold reference ('0.0dB', spec 4.7 check only):  -60.00 out-in 2.86  -58.00 out-in 2.86  -56.00 out-in 2.86  -54.00 out-in 2.86  -52.00 out-in 2.86  -50.00 out-in 2.86  -48.00 out-in 2.86  -46.00 out-in 2.86  -44.00 out-in 2.85  -42.00 out-in 2.85  -40.00 out-in 2.85  -38.00 out-in 2.84  -36.00 out-in 2.84  -34.00 out-in 2.84  -32.00 out-in 2.83  -30.00 out-in 2.82  -28.00 out-in 2.81  -26.00 out-in 2.79  -24.00 out-in 2.78  -22.00 out-in 2.75  -20.00 out-in 2.71  -18.00 out-in 2.67  -16.00 out-in 2.61  -14.00 out-in 2.53  -12.00 out-in 2.42  -10.00 out-in 2.27  -8.00 out-in 2.08  -6.00 out-in 1.84  -4.00 out-in 1.59  -2.00 out-in 1.28  0.00 out-in 0.87  (default gain is information only)
linear reference: each position's own gain at its quiet rung's upper level, checked against the lower (must differ by 6 dB within 0.1): -0.00 -0.00 -0.00 -0.00 -0.00 -0.00 -0.00 -0.00 -0.00 -0.00 -0.00 -0.00 -0.00 -0.00 -0.00 -0.00
reference ladder: 0 position(s) below the first rung
writes landed by: instack 16
write verify: 16 landed, 0 write_unlanded (skipped), in-stack read already matched on 16 of 16, pump slices total 16, longest confirm 2.6 ms, re-rendered 0
hold doubled at positions: none
still moving AFTER doubling (reading not used): none

pos   norm      display        red@-24  red@-12  red@-6    T(peak)   T-display
  0  0.0000    0.0dB           0.08     0.44     1.01          --          
  1  0.0667    -3.3dB          0.08     0.44     1.01          --          
  2  0.1333    -6.7dB          0.08     0.44     1.01          --          
  3  0.2000    -10.0dB         0.08     0.44     1.01          --          
  4  0.2667    -13.3dB         0.08     0.44     1.01          --          
  5  0.3333    -16.7dB         0.08     0.44     1.01          --          
  6  0.4000    -20.0dB         0.08     0.44     1.01          --          
  7  0.4667    -23.3dB         0.08     0.44     1.01          --          
  8  0.5333    -26.7dB         0.08     0.44     1.01          --          
  9  0.6000    -30.0dB         0.08     0.44     1.01          --          
 10  0.6667    -33.3dB         0.08     0.44     1.01          --          
 11  0.7333    -36.7dB         0.08     0.44     1.01          --          
 12  0.8000    -40.0dB         0.08     0.44     1.01          --          
 13  0.8667    -43.3dB         0.08     0.44     1.01          --          
 14  0.9333    -46.7dB         0.08     0.44     1.01          --          
 15  1.0000    -50.0dB         0.08     0.44     1.01          --          

1 MAP:             flat (no two positions differ by more than 1 dB at any test level) | sense -- | engage -60.00:none -58.00:none -56.00:none -54.00:none -52.00:none -50.00:none -48.00:none -46.00:none -44.00:none -42.00:none -40.00:none -38.00:none -36.00:none -34.00:none -32.00:none -30.00:none -28.00:none -26.00:none -24.00:none -22.00:none -20.00:none -18.00:none -16.00:none -14.00:none -12.00:none -10.00:none -8.00:none -6.00:none -4.00:none -2.00:none 0.00:none
2 engage drift:    null  (not a dB display)   (primary; displayLinear unset until the population decides)
   offset IQR:      null
3 displayOffsetDb: null
fixture: AudioUnit_645b6174_1.3.5.rederived.json

CANDIDATE [16] Grey Threshold - re-derived
host: EJ Map 0.1.0 / arm64 / 48k (native)
threshold: [16] Grey Threshold unit 'dB' (class bands_or_stages) | positions 16 (16 evenly spaced), one process each, levels quiet to loud
ratio: 2 controls hold the ratio role | auto make-up disabled: no
default-threshold reference ('0.0dB', spec 4.7 check only):  -60.00 out-in 2.86  -58.00 out-in 2.86  -56.00 out-in 2.86  -54.00 out-in 2.86  -52.00 out-in 2.86  -50.00 out-in 2.86  -48.00 out-in 2.86  -46.00 out-in 2.86  -44.00 out-in 2.85  -42.00 out-in 2.85  -40.00 out-in 2.85  -38.00 out-in 2.84  -36.00 out-in 2.84  -34.00 out-in 2.84  -32.00 out-in 2.83  -30.00 out-in 2.82  -28.00 out-in 2.81  -26.00 out-in 2.79  -24.00 out-in 2.78  -22.00 out-in 2.75  -20.00 out-in 2.71  -18.00 out-in 2.67  -16.00 out-in 2.61  -14.00 out-in 2.53  -12.00 out-in 2.42  -10.00 out-in 2.27  -8.00 out-in 2.08  -6.00 out-in 1.84  -4.00 out-in 1.59  -2.00 out-in 1.28  0.00 out-in 0.87  (default gain is information only)
linear reference: each position's own gain at its quiet rung's upper level, checked against the lower (must differ by 6 dB within 0.1): -0.00 -0.00 -0.00 -0.00 -0.00 -0.00 -0.00 -0.00 -0.00 -0.00 -0.00 -0.00 -0.00 -0.00 -0.00 -0.00
reference ladder: 0 position(s) below the first rung
writes landed by: instack 16
write verify: 16 landed, 0 write_unlanded (skipped), in-stack read already matched on 16 of 16, pump slices total 16, longest confirm 2.6 ms, re-rendered 0
hold doubled at positions: none
still moving AFTER doubling (reading not used): none

pos   norm      display        red@-24  red@-12  red@-6    T(peak)   T-display
  0  0.0000    0.0dB           0.08     0.44     1.01          --          
  1  0.0667    -3.3dB          0.08     0.44     1.01          --          
  2  0.1333    -6.7dB          0.08     0.44     1.01          --          
  3  0.2000    -10.0dB         0.08     0.44     1.01          --          
  4  0.2667    -13.3dB         0.08     0.44     1.01          --          
  5  0.3333    -16.7dB         0.08     0.44     1.01          --          
  6  0.4000    -20.0dB         0.08     0.44     1.01          --          
  7  0.4667    -23.3dB         0.08     0.44     1.01          --          
  8  0.5333    -26.7dB         0.08     0.44     1.01          --          
  9  0.6000    -30.0dB         0.08     0.44     1.01          --          
 10  0.6667    -33.3dB         0.08     0.44     1.01          --          
 11  0.7333    -36.7dB         0.08     0.44     1.01          --          
 12  0.8000    -40.0dB         0.08     0.44     1.01          --          
 13  0.8667    -43.3dB         0.08     0.44     1.01          --          
 14  0.9333    -46.7dB         0.08     0.44     1.01          --          
 15  1.0000    -50.0dB         0.08     0.44     1.01          --          

1 MAP:             flat (no two positions differ by more than 1 dB at any test level) | sense -- | engage -60.00:none -58.00:none -56.00:none -54.00:none -52.00:none -50.00:none -48.00:none -46.00:none -44.00:none -42.00:none -40.00:none -38.00:none -36.00:none -34.00:none -32.00:none -30.00:none -28.00:none -26.00:none -24.00:none -22.00:none -20.00:none -18.00:none -16.00:none -14.00:none -12.00:none -10.00:none -8.00:none -6.00:none -4.00:none -2.00:none 0.00:none
2 engage drift:    null  (not a dB display)   (primary; displayLinear unset until the population decides)
   offset IQR:      null
3 displayOffsetDb: null
fixture: AudioUnit_645b6174_1.3.5.rederived.json

CANDIDATE [22] MU Threshold Left - re-derived
host: EJ Map 0.1.0 / arm64 / 48k (native)
threshold: [22] MU Threshold Left unit '' (class bands_or_stages) | positions 16 (16 evenly spaced), one process each, levels quiet to loud
ratio: 2 controls hold the ratio role | auto make-up disabled: no
default-threshold reference ('-0.0', spec 4.7 check only):  -60.00 out-in 2.86  -58.00 out-in 2.86  -56.00 out-in 2.86  -54.00 out-in 2.86  -52.00 out-in 2.86  -50.00 out-in 2.86  -48.00 out-in 2.86  -46.00 out-in 2.86  -44.00 out-in 2.85  -42.00 out-in 2.85  -40.00 out-in 2.85  -38.00 out-in 2.84  -36.00 out-in 2.84  -34.00 out-in 2.84  -32.00 out-in 2.83  -30.00 out-in 2.82  -28.00 out-in 2.81  -26.00 out-in 2.79  -24.00 out-in 2.78  -22.00 out-in 2.75  -20.00 out-in 2.71  -18.00 out-in 2.67  -16.00 out-in 2.61  -14.00 out-in 2.53  -12.00 out-in 2.42  -10.00 out-in 2.27  -8.00 out-in 2.08  -6.00 out-in 1.84  -4.00 out-in 1.59  -2.00 out-in 1.28  0.00 out-in 0.87  (default gain is information only)
linear reference: each position's own gain at its quiet rung's upper level, checked against the lower (must differ by 6 dB within 0.1): -0.00 -0.00 -0.00 -0.00 -0.00 -0.00 -0.00 -0.00 -0.00 -0.01 -0.01 -0.01 -0.01 -0.02 -0.03 -0.04 -0.05 -0.08 -0.01 -0.01 -0.02 -0.03 -0.05
reference ladder: 5 position(s) below the first rung (18@-60 19@-60 20@-60 21@-60 22@-60)
writes landed by: instack 23
write verify: 23 landed, 0 write_unlanded (skipped), in-stack read already matched on 23 of 23, pump slices total 23, longest confirm 2.6 ms, re-rendered 0
hold doubled at positions: none
still moving AFTER doubling (reading not used): none

pos   norm      display        red@-24  red@-12  red@-6    T(peak)   T-display
  0  0.0000    12.0            0.08     0.37     0.81          --          
  1  0.0667    8.0             0.08     0.38     0.84          --          
  2  0.1333    4.0             0.08     0.40     0.89          --          
  3  0.2000    -0.0            0.08     0.44     1.01          --          
  4  0.2667    -4.0            0.09     0.52     1.23          --          
  5  0.3333    -8.0            0.10     0.69     1.52          --          
  6  0.4000    -12.0           0.14     0.95     1.87          --          
  7  0.4667    -16.0           0.23     1.28     2.41          --          
  8  0.5333    -20.0           0.41     1.66     3.25          --          
  9  0.5667    -22.0           0.53     2.01     3.70          --          
 10  0.6000    -24.0           0.67     2.41     4.13          --          
 11  0.6333    -26.0           0.82     2.84     4.49          --          
 12  0.6667    -28.0           0.99     3.28     4.78          --          
 13  0.7000    -30.0           1.16     3.68     5.01          --          
 14  0.7333    -32.0           1.37     4.01     5.19          --          
 15  0.7667    -34.0           1.71     4.27     5.32          --          
 16  0.8000    -36.0           2.09     4.47     5.42          --          
 17  0.8333    -38.0           2.48     4.62     5.48          --          
 18  0.8667    -40.0           3.02     4.86     5.66          --          
 19  0.9000    -42.0           3.41     4.97     5.71          --          
 20  0.9333    -44.0           3.73     5.05     5.75          --          
 21  0.9667    -46.0           3.98     5.11     5.78          --          
 22  1.0000    -48.0           4.18     5.14     5.78          --          

1 MAP:             certified (ratio unknown (no ratio control): no dB-equivalent map) | sense higher_is_harder | engage -60.00:none -58.00:none -56.00:none -54.00:none -52.00:none -50.00:none -48.00:22 -46.00:21 -44.00:20 -42.00:19 -40.00:18 -38.00:17 -36.00:16 -34.00:15 -32.00:14 -30.00:13 -28.00:12 -26.00:10 -24.00:9 -22.00:8 -20.00:8 -18.00:7 -16.00:6 -14.00:5 -12.00:4 -10.00:1 -8.00:0 -6.00:0 -4.00:0 -2.00:0 0.00:0
2 engage drift:    null  (not a dB display)   (primary; displayLinear unset until the population decides)
   offset IQR:      null
3 displayOffsetDb: null
fixture: AudioUnit_645b6174_1.3.5.rederived.json

CANDIDATE [24] MU Threshold Right - re-derived
host: EJ Map 0.1.0 / arm64 / 48k (native)
threshold: [24] MU Threshold Right unit '' (class bands_or_stages) | positions 16 (16 evenly spaced), one process each, levels quiet to loud
ratio: 2 controls hold the ratio role | auto make-up disabled: no
default-threshold reference ('-0.0', spec 4.7 check only):  -60.00 out-in 2.86  -58.00 out-in 2.86  -56.00 out-in 2.86  -54.00 out-in 2.86  -52.00 out-in 2.86  -50.00 out-in 2.86  -48.00 out-in 2.86  -46.00 out-in 2.86  -44.00 out-in 2.85  -42.00 out-in 2.85  -40.00 out-in 2.85  -38.00 out-in 2.84  -36.00 out-in 2.84  -34.00 out-in 2.84  -32.00 out-in 2.83  -30.00 out-in 2.82  -28.00 out-in 2.81  -26.00 out-in 2.79  -24.00 out-in 2.78  -22.00 out-in 2.75  -20.00 out-in 2.71  -18.00 out-in 2.67  -16.00 out-in 2.61  -14.00 out-in 2.53  -12.00 out-in 2.42  -10.00 out-in 2.27  -8.00 out-in 2.08  -6.00 out-in 1.84  -4.00 out-in 1.59  -2.00 out-in 1.28  0.00 out-in 0.87  (default gain is information only)
linear reference: each position's own gain at its quiet rung's upper level, checked against the lower (must differ by 6 dB within 0.1): -0.00 -0.00 -0.00 -0.00 -0.00 -0.00 -0.00 -0.00 -0.01 -0.01 -0.01 -0.01 -0.01 -0.02 -0.03 -0.04 -0.05 -0.08 -0.01 -0.01 -0.02 -0.03 -0.05
reference ladder: 5 position(s) below the first rung (18@-60 19@-60 20@-60 21@-60 22@-60)
writes landed by: instack 23
write verify: 23 landed, 0 write_unlanded (skipped), in-stack read already matched on 23 of 23, pump slices total 23, longest confirm 2.6 ms, re-rendered 0
hold doubled at positions: none
still moving AFTER doubling (reading not used): none

pos   norm      display        red@-24  red@-12  red@-6    T(peak)   T-display
  0  0.0000    12.0            0.08     0.37     0.81          --          
  1  0.0667    8.0             0.08     0.38     0.84          --          
  2  0.1333    4.0             0.08     0.40     0.89          --          
  3  0.2000    -0.0            0.08     0.44     1.01          --          
  4  0.2667    -4.0            0.09     0.52     1.23          --          
  5  0.3333    -8.0            0.10     0.69     1.52          --          
  6  0.4000    -12.0           0.14     0.95     1.87          --          
  7  0.4667    -16.0           0.23     1.28     2.41          --          
  8  0.5333    -20.0           0.41     1.66     3.25          --          
  9  0.5667    -22.0           0.53     2.01     3.70          --          
 10  0.6000    -24.0           0.67     2.41     4.13          --          
 11  0.6333    -26.0           0.82     2.84     4.49          --          
 12  0.6667    -28.0           0.99     3.28     4.78          --          
 13  0.7000    -30.0           1.16     3.68     5.01          --          
 14  0.7333    -32.0           1.37     4.01     5.19          --          
 15  0.7667    -34.0           1.71     4.27     5.32          --          
 16  0.8000    -36.0           2.09     4.47     5.42          --          
 17  0.8333    -38.0           2.48     4.62     5.48          --          
 18  0.8667    -40.0           3.02     4.86     5.66          --          
 19  0.9000    -42.0           3.41     4.97     5.71          --          
 20  0.9333    -44.0           3.73     5.05     5.75          --          
 21  0.9667    -46.0           3.98     5.11     5.78          --          
 22  1.0000    -48.0           4.18     5.14     5.78          --          

1 MAP:             certified (ratio unknown (no ratio control): no dB-equivalent map) | sense higher_is_harder | engage -60.00:none -58.00:none -56.00:none -54.00:none -52.00:none -50.00:none -48.00:22 -46.00:21 -44.00:20 -42.00:19 -40.00:18 -38.00:17 -36.00:16 -34.00:15 -32.00:14 -30.00:13 -28.00:12 -26.00:10 -24.00:9 -22.00:8 -20.00:8 -18.00:7 -16.00:6 -14.00:5 -12.00:4 -10.00:1 -8.00:0 -6.00:0 -4.00:0 -2.00:0 0.00:0
2 engage drift:    null  (not a dB display)   (primary; displayLinear unset until the population decides)
   offset IQR:      null
3 displayOffsetDb: null
fixture: AudioUnit_645b6174_1.3.5.rederived.json

  -> needs_review: 4 threshold candidates (a channel strip or multiband): no rule decides it, nobody picks

=== tone checks: Bettermaker Bus Compressor DSP
RE-DERIVED from traces (nothing measured) - Bettermaker Bus Compressor DSP -> AudioUnit_6f603a72_1.0.0.rederived.json
host: EJ Map 0.1.0 / arm64 / 48k (native)
threshold: [2] THRESHOLD unit '' (class single_threshold) | positions 16 (16 evenly spaced), one process each, levels quiet to loud
ratio: [3] ran at '2.00' -> 2 | auto make-up disabled: no
default-threshold reference ('-5.00', spec 4.7 check only):  -60.00 out-in 0.00  -58.00 out-in 0.00  -56.00 out-in 0.00  -54.00 out-in 0.00  -52.00 out-in 0.01  -50.00 out-in 0.00  -48.00 out-in 0.00  -46.00 out-in 0.01  -44.00 out-in 0.00  -42.00 out-in 0.00  -40.00 out-in 0.01  -38.00 out-in 0.00  -36.00 out-in 0.00  -34.00 out-in 0.00  -32.00 out-in 0.00  -30.00 out-in 0.01  -28.00 out-in 0.00  -26.00 out-in 0.00  -24.00 out-in 0.01  -22.00 out-in 0.00  -20.00 out-in 0.00  -18.00 out-in 0.01  -16.00 out-in 0.00  -14.00 out-in 0.00  -12.00 out-in -0.04  -10.00 out-in -0.19  -8.00 out-in -0.42  -6.00 out-in -0.76  -4.00 out-in -1.18  -2.00 out-in -1.71  0.00 out-in -2.33  (default gain is information only)
linear reference: each position's own gain at its quiet rung's upper level, checked against the lower (must differ by 6 dB within 0.1): -0.00 -0.00 -0.00 -0.00 -0.00 -0.00 -0.00 -0.00 -0.00 -0.00 -0.00 -0.00 -0.00 -0.00 -0.00 -0.00
reference ladder: 0 position(s) below the first rung
writes landed by: instack 16
write verify: 16 landed, 0 write_unlanded (skipped), in-stack read already matched on 16 of 16, pump slices total 16, longest confirm 2.4 ms, re-rendered 0
hold doubled at positions: none
still moving AFTER doubling (reading not used): none

pos   norm      display        red@-24  red@-12  red@-6    T(peak)   T-display
  0  0.0000    -35.00          4.76    10.74    13.74       -33.5          
  1  0.0667    -32.30          3.56     9.39    12.39       -30.8          
  2  0.1333    -29.70          2.57     8.09    11.09       -28.3          
  3  0.2000    -27.00          1.71     6.74     9.74       -25.5          
  4  0.2667    -24.30          1.03     5.39     8.39       -22.8          
  5  0.3333    -21.70          0.53     4.16     7.09       -20.3          
  6  0.4000    -19.00          0.19     3.04     5.74       -17.7          
  7  0.4667    -16.30          0.02     2.10     4.43       -15.3          
  8  0.5333    -13.70          0.00     1.36     3.31       -13.1          
  9  0.6000    -11.00          0.00     0.76     2.33       -10.7          
 10  0.6667    -8.30           0.00     0.33     1.52        -8.6          
 11  0.7333    -5.70           0.00     0.09     0.90        -6.7          
 12  0.8000    -3.00           0.00     0.00     0.43        -4.4          
 13  0.8667    -0.30           0.00     0.00     0.13        -2.7          
 14  0.9333    2.30            0.00     0.00     0.01        -1.1          
 15  1.0000    5.00            0.00     0.00    -0.00   {"above": 0.0}          

1 MAP:             certified | sense lower_is_harder | engage -60.00:none -58.00:none -56.00:none -54.00:none -52.00:none -50.00:none -48.00:none -46.00:none -44.00:none -42.00:none -40.00:none -38.00:none -36.00:0 -34.00:1 -32.00:2 -30.00:2 -28.00:3 -26.00:4 -24.00:5 -22.00:5 -20.00:6 -18.00:7 -16.00:8 -14.00:8 -12.00:9 -10.00:10 -8.00:11 -6.00:11 -4.00:12 -2.00:13 0.00:14
2 engage drift:    null  (not a dB display)   (primary; displayLinear unset until the population decides)
   offset IQR:      null
3 displayOffsetDb: null
fixture: AudioUnit_6f603a72_1.0.0.rederived.json
  -> needs_review: export written (derive-only: the tone check was not run, nothing loaded); would be tone-checked by the follow-up

=== tone checks: Solid Bus Comp
RE-DERIVED from traces (nothing measured) - Solid Bus Comp -> AudioUnit_2520b63_1.4.5.rederived.json
host: EJ Map 0.1.0 / arm64 / 48k (native)
threshold: [0] Threshold unit 'dB' (class single_threshold) | positions 16 (16 evenly spaced), one process each, levels quiet to loud
links as instantiated (recorded, not written): [10] Link L/R = 'On'
ratio: [2] ran at '4' -> 4 | auto make-up disabled: no
default-threshold reference ('3.9 dB', spec 4.7 check only):  -60.00 out-in -0.30  -58.00 out-in -0.30  -56.00 out-in -0.30  -54.00 out-in -0.30  -52.00 out-in -0.30  -50.00 out-in -0.30  -48.00 out-in -0.30  -46.00 out-in -0.30  -44.00 out-in -0.30  -42.00 out-in -0.30  -40.00 out-in -0.30  -38.00 out-in -0.30  -36.00 out-in -0.30  -34.00 out-in -0.30  -32.00 out-in -0.30  -30.00 out-in -0.30  -28.00 out-in -0.30  -26.00 out-in -0.30  -24.00 out-in -0.30  -22.00 out-in -0.30  -20.00 out-in -0.35  -18.00 out-in -0.99  -16.00 out-in -1.88  -14.00 out-in -2.88  -12.00 out-in -3.97  -10.00 out-in -5.12  -8.00 out-in -6.32  -6.00 out-in -7.55  -4.00 out-in -8.81  -2.00 out-in -10.09  0.00 out-in -11.40  (default gain is information only)
linear reference: each position's own gain at its quiet rung's upper level, checked against the lower (must differ by 6 dB within 0.1): -0.00 -0.00 -0.00 -0.00 -0.00 -0.00 -0.00 -0.00 -0.00 -0.00 0.00 -0.00 -0.00 -0.00 -0.00 -0.00 -0.00
reference ladder: 0 position(s) below the first rung
writes landed by: instack 1 render 16
write verify: 17 landed, 0 write_unlanded (skipped), in-stack read already matched on 1 of 17, pump slices total 3169, longest confirm 502.7 ms, re-rendered 1
hold doubled at positions: none
still moving AFTER doubling (reading not used): none

pos   norm      display        red@-24  red@-12  red@-6    T(peak)   T-display
  0  0.0000    -20.0 dB        9.94    18.02    22.21       -38.4    -18.40
  1  0.0667    -17.3 dB        8.62    16.60    20.76       -36.4    -19.10
  2  0.1000    -16.0 dB        7.56    15.46    19.60       -34.6    -18.60
  3  0.1333    -14.7 dB        6.69    14.51    18.62       -33.1    -18.40
  4  0.2000    -12.0 dB        5.29    12.95    17.03       -30.9    -18.90
  5  0.2667    -9.3 dB         3.86    11.32    15.35       -28.5    -19.20
  6  0.3333    -6.7 dB         2.49     9.67    13.64       -26.1    -19.40
  7  0.4000    -4.0 dB         1.27     8.09    11.99       -23.3    -19.30
  8  0.4667    -1.3 dB         0.28     6.55    10.36       -20.9    -19.60
  9  0.5333    1.3 dB         -0.00     5.05     8.76       -18.5    -19.80
 10  0.6000    3.9 dB          0.00     3.63     7.19       -16.2    -20.10
 11  0.6667    6.7 dB         -0.00     2.29     5.67       -13.8    -20.50
 12  0.7333    9.3 dB         -0.00     1.09     4.21       -11.6    -20.90
 13  0.8000    12.0 dB        -0.00     0.16     2.83        -9.5    -21.50
 14  0.8667    14.7 dB        -0.00    -0.00     1.57        -7.4    -22.10
 15  0.9333    17.3 dB        -0.00    -0.00     0.50        -5.4    -22.70
 16  1.0000    20.0 dB        -0.00    -0.00    -0.00        -3.1    -23.10

1 MAP:             certified | sense lower_is_harder | engage -60.00:none -58.00:none -56.00:none -54.00:none -52.00:none -50.00:none -48.00:none -46.00:none -44.00:none -42.00:none -40.00:0 -38.00:1 -36.00:2 -34.00:3 -32.00:4 -30.00:5 -28.00:6 -26.00:6 -24.00:7 -22.00:8 -20.00:9 -18.00:10 -16.00:10 -14.00:11 -12.00:12 -10.00:13 -8.00:14 -6.00:15 -4.00:15 -2.00:16 0.00:16
2 engage drift:    2.82  -10.00:22.89  -12.00:22.58  -14.00:22.54  -16.00:22.04  -18.00:22.27  -2.00:23.41  -20.00:22.09  -22.00:21.97  -24.00:21.71  -26.00:21.31  -28.00:21.58  -30.00:21.49  -32.00:21.28  -34.00:20.59  -36.00:20.69  -38.00:21.46  -4.00:23.08  -40.00:21.10  -42.00:null  -44.00:null  -46.00:null  -48.00:null  -50.00:null  -52.00:null  -54.00:null  -56.00:null  -58.00:null  -6.00:23.31  -60.00:null  -8.00:23.16  0.00:23.24   (primary; displayLinear unset until the population decides)
   offset IQR:      1.80 dB over 17 positions (min -23.10, max -18.40)
3 displayOffsetDb: -19.60  (outside spec 7's 2 dB bar)
fixture: AudioUnit_2520b63_1.4.5.rederived.json
  -> needs_review: export written (derive-only: the tone check was not run, nothing loaded); would be tone-checked by the follow-up

=== tone checks: UnFairchild
  linked_pair: linked pair 'Threshold' (measured, not by label): both certified; their 2 dB curves agree within 0.00 dB over 5 common positions; in the first's own sweep both output channels agree within 0.05 dB over 420 readings. 'L Threshold' is the amount; 'R Threshold' and every link/mode control stay at their instantiate values (neutral)
CANDIDATE [7] L Threshold - re-derived
host: EJ Map 0.1.0 / arm64 / 48k (native)
threshold: [7] L Threshold unit '' (class channels_lr) | positions 16 (16 evenly spaced), one process each, levels quiet to loud
ratio: no control holds the ratio role | auto make-up disabled: no
default-threshold reference ('0.0', spec 4.7 check only):  -60.00 out-in -0.00  -58.00 out-in -0.00  -56.00 out-in -0.00  -54.00 out-in -0.00  -52.00 out-in -0.00  -50.00 out-in -0.00  -48.00 out-in -0.00  -46.00 out-in 0.00  -44.00 out-in -0.00  -42.00 out-in 0.00  -40.00 out-in 0.00  -38.00 out-in 0.00  -36.00 out-in 0.01  -34.00 out-in 0.01  -32.00 out-in 0.01  -30.00 out-in 0.01  -28.00 out-in 0.02  -26.00 out-in 0.02  -24.00 out-in 0.03  -22.00 out-in 0.04  -20.00 out-in 0.03  -18.00 out-in 0.02  -16.00 out-in 0.02  -14.00 out-in 0.02  -12.00 out-in 0.00  -10.00 out-in -0.01  -8.00 out-in -0.06  -6.00 out-in -0.31  -4.00 out-in -0.28  -2.00 out-in -0.51  0.00 out-in -0.79  (default gain is information only)
linear reference: each position's own gain at its quiet rung's upper level, checked against the lower (must differ by 6 dB within 0.1): 0.00 -- -- 0.00 -- -- 0.00 -- -- 0.00 -- -- 0.00 -- -- 0.00
reference ladder: 0 position(s) below the first rung
writes landed by: instack 6 unlanded 10
write verify: 6 landed, 10 write_unlanded (skipped), in-stack read already matched on 6 of 6, pump slices total 6, longest confirm 2.6 ms, re-rendered 0
hold doubled at positions: none
still moving AFTER doubling (reading not used): none

pos   norm      display        red@-24  red@-12  red@-6    T(peak)   T-display
  0  0.0000    0.0            -0.03    -0.01     0.31          --          
  1  0.0667                      --       --       --          --          
  2  0.1333                      --       --       --          --          
  3  0.2000    2.0            -0.03     0.34     2.05          --          
  4  0.2667                      --       --       --          --          
  5  0.3333                      --       --       --          --          
  6  0.4000    4.0            -0.02     1.80     4.41          --          
  7  0.4667                      --       --       --          --          
  8  0.5333                      --       --       --          --          
  9  0.6000    6.0             0.12     3.88     7.27          --          
 10  0.6667                      --       --       --          --          
 11  0.7333                      --       --       --          --          
 12  0.8000    8.0             1.20     6.54    10.28          --          
 13  0.8667                      --       --       --          --          
 14  0.9333                      --       --       --          --          
 15  1.0000    10.0            2.91     9.39    13.61          --          

1 MAP:             certified (ratio unknown (no ratio control): no dB-equivalent map) | sense higher_is_harder | engage -60.00:none -58.00:none -56.00:none -54.00:none -52.00:none -50.00:none -48.00:none -46.00:none -44.00:none -42.00:none -40.00:none -38.00:none -36.00:none -34.00:none -32.00:none -30.00:15 -28.00:15 -26.00:12 -24.00:12 -22.00:12 -20.00:9 -18.00:9 -16.00:6 -14.00:6 -12.00:6 -10.00:3 -8.00:3 -6.00:3 -4.00:3 -2.00:0 0.00:0
2 engage drift:    null  (not a dB display)   (primary; displayLinear unset until the population decides)
   offset IQR:      null
3 displayOffsetDb: null
fixture: AudioUnit_6175727f_1.0.4.rederived.json

CANDIDATE [12] R Threshold - re-derived
host: EJ Map 0.1.0 / arm64 / 48k (native)
threshold: [12] R Threshold unit '' (class channels_lr) | positions 16 (16 evenly spaced), one process each, levels quiet to loud
ratio: no control holds the ratio role | auto make-up disabled: no
default-threshold reference ('0.0', spec 4.7 check only):  -60.00 out-in -0.00  -58.00 out-in -0.00  -56.00 out-in -0.00  -54.00 out-in -0.00  -52.00 out-in -0.00  -50.00 out-in -0.00  -48.00 out-in -0.00  -46.00 out-in 0.00  -44.00 out-in -0.00  -42.00 out-in 0.00  -40.00 out-in 0.00  -38.00 out-in 0.00  -36.00 out-in 0.01  -34.00 out-in 0.01  -32.00 out-in 0.01  -30.00 out-in 0.01  -28.00 out-in 0.02  -26.00 out-in 0.02  -24.00 out-in 0.03  -22.00 out-in 0.04  -20.00 out-in 0.03  -18.00 out-in 0.02  -16.00 out-in 0.02  -14.00 out-in 0.02  -12.00 out-in 0.00  -10.00 out-in -0.01  -8.00 out-in -0.06  -6.00 out-in -0.31  -4.00 out-in -0.28  -2.00 out-in -0.51  0.00 out-in -0.79  (default gain is information only)
linear reference: each position's own gain at its quiet rung's upper level, checked against the lower (must differ by 6 dB within 0.1): 0.00 -- -- 0.00 -- -- 0.00 -- -- 0.00 -- -- 0.00 -- -- 0.00
reference ladder: 0 position(s) below the first rung
writes landed by: instack 6 unlanded 10
write verify: 6 landed, 10 write_unlanded (skipped), in-stack read already matched on 6 of 6, pump slices total 6, longest confirm 2.6 ms, re-rendered 0
hold doubled at positions: none
still moving AFTER doubling (reading not used): none

pos   norm      display        red@-24  red@-12  red@-6    T(peak)   T-display
  0  0.0000    0.0            -0.03    -0.01     0.31          --          
  1  0.0667                      --       --       --          --          
  2  0.1333                      --       --       --          --          
  3  0.2000    2.0            -0.03     0.34     2.05          --          
  4  0.2667                      --       --       --          --          
  5  0.3333                      --       --       --          --          
  6  0.4000    4.0            -0.02     1.80     4.41          --          
  7  0.4667                      --       --       --          --          
  8  0.5333                      --       --       --          --          
  9  0.6000    6.0             0.12     3.88     7.27          --          
 10  0.6667                      --       --       --          --          
 11  0.7333                      --       --       --          --          
 12  0.8000    8.0             1.20     6.54    10.28          --          
 13  0.8667                      --       --       --          --          
 14  0.9333                      --       --       --          --          
 15  1.0000    10.0            2.91     9.39    13.61          --          

1 MAP:             certified (ratio unknown (no ratio control): no dB-equivalent map) | sense higher_is_harder | engage -60.00:none -58.00:none -56.00:none -54.00:none -52.00:none -50.00:none -48.00:none -46.00:none -44.00:none -42.00:none -40.00:none -38.00:none -36.00:none -34.00:none -32.00:none -30.00:15 -28.00:15 -26.00:12 -24.00:12 -22.00:12 -20.00:9 -18.00:9 -16.00:6 -14.00:6 -12.00:6 -10.00:3 -8.00:3 -6.00:3 -4.00:3 -2.00:0 0.00:0
2 engage drift:    null  (not a dB display)   (primary; displayLinear unset until the population decides)
   offset IQR:      null
3 displayOffsetDb: null
fixture: AudioUnit_6175727f_1.0.4.rederived.json

  -> needs_review: export refused: only 5 curve point(s) reach 1 dB inside the measured levels (his rule: at least 9)

=== tone checks: Abbey Road RS124 (s)
  linked_pair: linked pair 'Input Control' (measured, not by label): both certified; their 2 dB curves agree within 0.00 dB over 26 common positions; in the first's own sweep both output channels agree within 0.00 dB over 1890 readings. 'Input Control' is the amount; 'Input Control R' and every link/mode control stay at their instantiate values (neutral)
CANDIDATE [0] Input Control - re-derived
host: EJ Map 0.1.0 / arm64 / 48k (native)
threshold: [0] Input Control unit '' (class input_as_threshold, flags input_as_threshold) | positions 16 (16 evenly spaced), one process each, levels quiet to loud
links as instantiated (recorded, not written): [18] Link = 'On'
ratio: no control holds the ratio role | auto make-up disabled: no
default-threshold reference ('5.0', spec 4.7 check only):  -60.00 out-in 10.65  -58.00 out-in 10.66  -56.00 out-in 10.65  -54.00 out-in 10.65  -52.00 out-in 10.66  -50.00 out-in 10.65  -48.00 out-in 10.65  -46.00 out-in 10.65  -44.00 out-in 10.65  -42.00 out-in 10.65  -40.00 out-in 10.65  -38.00 out-in 10.01  -36.00 out-in 9.17  -34.00 out-in 8.22  -32.00 out-in 7.20  -30.00 out-in 6.07  -28.00 out-in 4.88  -26.00 out-in 3.63  -24.00 out-in 2.29  -22.00 out-in 0.97  -20.00 out-in -0.44  -18.00 out-in -1.84  -16.00 out-in -3.27  -14.00 out-in -4.71  -12.00 out-in -6.10  -10.00 out-in -7.49  -8.00 out-in -8.89  -6.00 out-in -10.20  -4.00 out-in -11.54  -2.00 out-in -12.92  0.00 out-in -14.27  (default gain is information only)
linear reference: each position's own gain at its quiet rung's upper level, checked against the lower (must differ by 6 dB within 0.1): -- -0.00 -0.00 -0.00 -0.00 -0.00 -0.00 -0.00 -0.00 -0.00 -0.00 -0.00 -0.00 -0.00 -0.00 -0.00 -0.00 -0.00 -0.00 0.00 0.00 0.00 0.00 0.00 0.00 -0.00 -0.00 -0.00
reference ladder: 9 position(s) below the first rung (19@-60 20@-60 21@-60 22@-60 23@-60 24@-60 25@-72 26@-72 27@-72)
writes landed by: instack 1 pump 27
write verify: 28 landed, 0 write_unlanded (skipped), in-stack read already matched on 1 of 28, pump slices total 195, longest confirm 32.4 ms, re-rendered 0
hold doubled at positions: none
still moving AFTER doubling (reading not used): none

pos   norm      display        red@-24  red@-12  red@-6    T(peak)   T-display
  0  0.0000    0.0               --       --       --          --          
  1  0.0667    0.7            -0.00    -0.00    -0.00          --          
  2  0.1333    1.3            -0.00     2.31     5.62          --          
  3  0.1444    1.4             0.00     2.93     6.39          --          
  4  0.1556    1.6             0.00     4.29     8.03          --          
  5  0.1778    1.8             0.00     5.77     9.68          --          
  6  0.2000    2.0             0.85     7.35    11.47          --          
  7  0.2333    2.3             1.83     8.85    13.02          --          
  8  0.2500    2.5             2.55     9.85    14.11          --          
  9  0.2667    2.7             3.32    10.91    15.20          --          
 10  0.3000    3.0             4.58    12.49    16.75          --          
 11  0.3333    3.3             5.13    13.13    17.41          --          
 12  0.4000    4.0             6.38    14.68    18.83          --          
 13  0.4667    4.7             7.75    16.11    20.26          --          
 14  0.5000    5.0             8.36    16.75    20.85          --          
 15  0.5333    5.3             9.96    18.41    22.47          --          
 16  0.5500    5.5            11.09    19.54    23.57          --          
 17  0.5667    5.7            12.22    20.59    24.65          --          
 18  0.6000    6.0            13.92    22.19    26.35          --          
 19  0.6333    6.3            15.03    23.24    27.44          --          
 20  0.6667    6.7            16.40    24.58    28.89          --          
 21  0.7000    7.0            17.47    25.62    29.97          --          
 22  0.7333    7.3            18.59    26.82    31.11          --          
 23  0.7667    7.7            20.10    28.42    32.68          --          
 24  0.8000    8.0            21.19    29.61    33.89          --          
 25  0.8667    8.7            22.60    31.08    35.43          --          
 26  0.9333    9.3            23.34    31.84    36.17          --          
 27  1.0000    10.0           23.57    32.09    36.42          --          

1 MAP:             certified (ratio unknown (no ratio control): no dB-equivalent map) | sense higher_is_harder | engage -60.00:26 -58.00:25 -56.00:24 -54.00:23 -52.00:22 -50.00:21 -48.00:20 -46.00:18 -44.00:18 -42.00:16 -40.00:15 -38.00:14 -36.00:13 -34.00:12 -32.00:10 -30.00:9 -28.00:8 -26.00:7 -24.00:6 -22.00:5 -20.00:5 -18.00:4 -16.00:2 -14.00:2 -12.00:2 -10.00:2 -8.00:2 -6.00:2 -4.00:2 -2.00:2 0.00:2
2 engage drift:    null  (not a dB display)   (primary; displayLinear unset until the population decides)
   offset IQR:      null
3 displayOffsetDb: null
fixture: AudioUnit_5855007d_15.0.70.rederived.json

CANDIDATE [8] Input Control R - re-derived
host: EJ Map 0.1.0 / arm64 / 48k (native)
threshold: [8] Input Control R unit '' (class input_as_threshold, flags input_as_threshold) | positions 16 (16 evenly spaced), one process each, levels quiet to loud
links as instantiated (recorded, not written): [18] Link = 'On'
ratio: no control holds the ratio role | auto make-up disabled: no
default-threshold reference ('5.0', spec 4.7 check only):  -60.00 out-in 10.65  -58.00 out-in 10.66  -56.00 out-in 10.65  -54.00 out-in 10.65  -52.00 out-in 10.66  -50.00 out-in 10.65  -48.00 out-in 10.65  -46.00 out-in 10.65  -44.00 out-in 10.65  -42.00 out-in 10.65  -40.00 out-in 10.65  -38.00 out-in 10.01  -36.00 out-in 9.17  -34.00 out-in 8.22  -32.00 out-in 7.20  -30.00 out-in 6.07  -28.00 out-in 4.88  -26.00 out-in 3.63  -24.00 out-in 2.29  -22.00 out-in 0.97  -20.00 out-in -0.44  -18.00 out-in -1.84  -16.00 out-in -3.27  -14.00 out-in -4.71  -12.00 out-in -6.10  -10.00 out-in -7.49  -8.00 out-in -8.89  -6.00 out-in -10.20  -4.00 out-in -11.54  -2.00 out-in -12.92  0.00 out-in -14.27  (default gain is information only)
linear reference: each position's own gain at its quiet rung's upper level, checked against the lower (must differ by 6 dB within 0.1): -- -0.00 -0.00 -0.00 -0.00 -0.00 -0.00 -0.00 -0.00 -0.00 -0.00 -0.00 -0.00 -0.00 -0.00 -0.00 -0.00 -0.00 -0.00 0.00 0.00 0.00 0.00 0.00 0.00 -0.00 -0.00 -0.00
reference ladder: 9 position(s) below the first rung (19@-60 20@-60 21@-60 22@-60 23@-60 24@-60 25@-72 26@-72 27@-72)
writes landed by: instack 1 pump 27
write verify: 28 landed, 0 write_unlanded (skipped), in-stack read already matched on 1 of 28, pump slices total 124, longest confirm 29.3 ms, re-rendered 0
hold doubled at positions: none
still moving AFTER doubling (reading not used): none

pos   norm      display        red@-24  red@-12  red@-6    T(peak)   T-display
  0  0.0000    0.0               --       --       --          --          
  1  0.0667    0.7            -0.00    -0.00    -0.00          --          
  2  0.1333    1.3            -0.00     2.31     5.62          --          
  3  0.1444    1.4             0.00     2.93     6.39          --          
  4  0.1556    1.6             0.00     4.29     8.03          --          
  5  0.1778    1.8             0.00     5.77     9.68          --          
  6  0.2000    2.0             0.85     7.35    11.47          --          
  7  0.2333    2.3             1.83     8.85    13.02          --          
  8  0.2500    2.5             2.55     9.85    14.11          --          
  9  0.2667    2.7             3.32    10.91    15.20          --          
 10  0.3000    3.0             4.58    12.49    16.75          --          
 11  0.3333    3.3             5.13    13.13    17.41          --          
 12  0.4000    4.0             6.38    14.68    18.83          --          
 13  0.4667    4.7             7.75    16.11    20.26          --          
 14  0.5000    5.0             8.36    16.75    20.85          --          
 15  0.5333    5.3             9.96    18.41    22.47          --          
 16  0.5500    5.5            11.09    19.54    23.57          --          
 17  0.5667    5.7            12.22    20.59    24.65          --          
 18  0.6000    6.0            13.92    22.19    26.35          --          
 19  0.6333    6.3            15.03    23.24    27.44          --          
 20  0.6667    6.7            16.40    24.58    28.89          --          
 21  0.7000    7.0            17.47    25.62    29.97          --          
 22  0.7333    7.3            18.59    26.82    31.11          --          
 23  0.7667    7.7            20.10    28.42    32.68          --          
 24  0.8000    8.0            21.19    29.61    33.89          --          
 25  0.8667    8.7            22.60    31.08    35.43          --          
 26  0.9333    9.3            23.34    31.84    36.17          --          
 27  1.0000    10.0           23.57    32.09    36.42          --          

1 MAP:             certified (ratio unknown (no ratio control): no dB-equivalent map) | sense higher_is_harder | engage -60.00:26 -58.00:25 -56.00:24 -54.00:23 -52.00:22 -50.00:21 -48.00:20 -46.00:18 -44.00:18 -42.00:16 -40.00:15 -38.00:14 -36.00:13 -34.00:12 -32.00:10 -30.00:9 -28.00:8 -26.00:7 -24.00:6 -22.00:5 -20.00:5 -18.00:4 -16.00:2 -14.00:2 -12.00:2 -10.00:2 -8.00:2 -6.00:2 -4.00:2 -2.00:2 0.00:2
2 engage drift:    null  (not a dB display)   (primary; displayLinear unset until the population decides)
   offset IQR:      null
3 displayOffsetDb: null
fixture: AudioUnit_5855007d_15.0.70.rederived.json

  -> needs_review: would export in the follow-up: the pick needs its detector measured (one load) and the tone check (derive-only ran neither)

=== tone checks: SSL Blitzer
RE-DERIVED from traces (nothing measured) - SSL Blitzer -> AudioUnit_706a7e6c_1.0.5.rederived.json
host: EJ Map 0.1.0 / arm64 / 48k (native)
threshold: [10] Input Gain unit '' (class input_as_threshold, flags input_as_threshold) | positions 16 (16 evenly spaced), one process each, levels quiet to loud
ratio: [3] ran at '4:1' -> 4 | auto make-up disabled: yes
default-threshold reference ('0.0', spec 4.7 check only):  -60.00 out-in -0.00  -58.00 out-in -0.00  -56.00 out-in 0.00  -54.00 out-in -0.00  -52.00 out-in 0.00  -50.00 out-in -0.00  -48.00 out-in -0.00  -46.00 out-in 0.00  -44.00 out-in -0.00  -42.00 out-in -0.00  -40.00 out-in 0.00  -38.00 out-in -0.00  -36.00 out-in 0.00  -34.00 out-in -0.00  -32.00 out-in -0.00  -30.00 out-in -0.10  -28.00 out-in -0.38  -26.00 out-in -0.97  -24.00 out-in -1.84  -22.00 out-in -2.92  -20.00 out-in -4.13  -18.00 out-in -5.44  -16.00 out-in -6.84  -14.00 out-in -8.30  -12.00 out-in -9.82  -10.00 out-in -11.40  -8.00 out-in -12.99  -6.00 out-in -14.62  -4.00 out-in -16.27  -2.00 out-in -17.93  0.00 out-in -19.61  (default gain is information only)
linear reference: each position's own gain at its quiet rung's upper level, checked against the lower (must differ by 6 dB within 0.1): -0.00 -0.00 -0.00 -0.00 -0.00 -0.00 -0.00 -0.00 -0.00 -0.00 -0.00 -0.00 -0.00 -0.00 -0.00 -0.00 -0.00 -0.00 -0.00 -0.00 -0.00 -0.00 -0.10 0.00 0.00 0.00 0.00 -0.00 -0.09
reference ladder: 6 position(s) below the first rung (23@-60 24@-60 25@-60 26@-60 27@-60 28@-60)
writes landed by: instack 29
write verify: 29 landed, 0 write_unlanded (skipped), in-stack read already matched on 29 of 29, pump slices total 29, longest confirm 3.1 ms, re-rendered 0
hold doubled at positions: none
still moving AFTER doubling (reading not used): none

pos   norm      display        red@-24  red@-12  red@-6    T(peak)   T-display
  0  0.0000    -30.0          -0.00    -0.00    -0.00   {"above": 0.0}          
  1  0.0667    -26.0          -0.00    -0.00     0.00        -1.3          
  2  0.1333    -22.0          -0.00    -0.00     0.38        -4.5          
  3  0.1667    -20.0          -0.00     0.00     0.97        -6.2          
  4  0.2000    -18.0          -0.00     0.09     1.84        -7.9          
  5  0.2333    -16.0          -0.00     0.38     2.91        -9.7          
  6  0.2667    -14.0          -0.00     0.97     4.13       -11.5          
  7  0.3000    -12.0          -0.00     1.84     5.44       -13.4          
  8  0.3333    -10.0          -0.00     2.91     6.83       -15.3          
  9  0.3667    -8.0            0.00     4.13     8.30       -17.3          
 10  0.4000    -6.0            0.09     5.44     9.82       -19.3          
 11  0.4333    -4.0            0.38     6.83    11.39       -21.3          
 12  0.4667    -2.0            0.97     8.30    12.99       -23.3          
 13  0.5000    0.0             1.84     9.82    14.62       -25.3          
 14  0.5333    2.0             2.91    11.39    16.27       -27.3          
 15  0.5667    4.0             4.13    12.99    17.93       -29.3          
 16  0.6000    6.0             5.44    14.62    19.60       -31.3          
 17  0.6333    8.0             6.83    16.27    21.29       -33.3          
 18  0.6667    10.0            8.30    17.93    22.99       -35.3          
 19  0.7000    12.0            9.82    19.60    24.70       -37.3          
 20  0.7333    14.0           11.39    21.29    26.42       -39.3          
 21  0.7667    16.0           12.99    22.99    28.15       -41.3          
 22  0.8000    18.0           14.52    24.60    29.80       -43.1          
 23  0.8333    20.0           16.27    26.42    31.65       -45.3          
 24  0.8667    22.0           17.93    28.16    33.41       -47.3          
 25  0.9000    24.0           19.60    29.90    35.17       -49.3          
 26  0.9333    26.0           21.29    31.65    36.95       -51.3          
 27  0.9667    28.0           22.99    33.40    38.72       -53.3          
 28  1.0000    30.0           24.61    35.08    40.41       -55.1          

1 MAP:             certified | sense higher_is_harder | engage -60.00:none -58.00:none -56.00:28 -54.00:27 -52.00:26 -50.00:25 -48.00:24 -46.00:23 -44.00:22 -42.00:21 -40.00:20 -38.00:19 -36.00:18 -34.00:17 -32.00:16 -30.00:15 -28.00:14 -26.00:13 -24.00:12 -22.00:11 -20.00:10 -18.00:9 -16.00:8 -14.00:7 -12.00:6 -10.00:5 -8.00:4 -6.00:3 -4.00:2 -2.00:2 0.00:1
2 engage drift:    null  (not a dB display)   (primary; displayLinear unset until the population decides)
   offset IQR:      null
3 displayOffsetDb: null
fixture: AudioUnit_706a7e6c_1.0.5.rederived.json
  -> needs_review: export written (derive-only: the tone check was not run, nothing loaded); would be tone-checked by the follow-up

=== tone checks: MixWave DW Fearn VT-7
  linked_pair: linked pair 'Threshold' (measured, not by label): both certified; their 2 dB curves agree within 0.00 dB over 18 common positions; in the first's own sweep both output channels agree within 0.00 dB over 1400 readings. 'Left Threshold' is the amount; 'Right Threshold' and every link/mode control stay at their instantiate values (neutral)
CANDIDATE [1] Left Threshold - re-derived
host: EJ Map 0.1.0 / arm64 / 48k (native)
threshold: [1] Left Threshold unit '%' (class bands_or_stages) | positions 16 (16 evenly spaced), one process each, levels quiet to loud
links as instantiated (recorded, not written): [12] Mono Link = 'Off'
ratio: no control holds the ratio role | auto make-up disabled: no
default-threshold reference ('0%', spec 4.7 check only):  -60.00 out-in 0.03  -58.00 out-in 0.03  -56.00 out-in 0.03  -54.00 out-in 0.03  -52.00 out-in 0.03  -50.00 out-in 0.03  -48.00 out-in 0.03  -46.00 out-in 0.03  -44.00 out-in 0.03  -42.00 out-in 0.03  -40.00 out-in 0.03  -38.00 out-in 0.03  -36.00 out-in 0.03  -34.00 out-in 0.03  -32.00 out-in 0.03  -30.00 out-in 0.03  -28.00 out-in 0.03  -26.00 out-in 0.03  -24.00 out-in 0.03  -22.00 out-in 0.03  -20.00 out-in 0.03  -18.00 out-in 0.03  -16.00 out-in 0.03  -14.00 out-in 0.03  -12.00 out-in 0.03  -10.00 out-in 0.03  -8.00 out-in 0.03  -6.00 out-in 0.03  -4.00 out-in 0.03  -2.00 out-in 0.03  0.00 out-in 0.03  (default gain is information only)
linear reference: each position's own gain at its quiet rung's upper level, checked against the lower (must differ by 6 dB within 0.1): -0.00 -0.02 -0.04 -0.05 -0.05 -0.06 -0.07 -0.08 -0.09 -0.10 0.00 0.00 0.00 0.00 0.00 0.00 0.00 0.00 0.00 0.00
reference ladder: 10 position(s) below the first rung (10@-60 11@-60 12@-60 13@-60 14@-60 15@-60 16@-60 17@-60 18@-60 19@-60)
writes landed by: instack 20
write verify: 20 landed, 0 write_unlanded (skipped), in-stack read already matched on 20 of 20, pump slices total 20, longest confirm 3.1 ms, re-rendered 0
hold doubled at positions: none
still moving AFTER doubling (reading not used): none

pos   norm      display        red@-24  red@-12  red@-6    T(peak)   T-display
  0  0.0000    0%             -0.00    -0.00    -0.00          --          
  1  0.0667    7%              0.20     0.39     0.53          --          
  2  0.1333    13%             0.40     0.79     1.84          --          
  3  0.1667    17%             0.50     1.19     2.65          --          
  4  0.2000    20%             0.60     1.70     3.45          --          
  5  0.2333    23%             0.70     2.26     4.22          --          
  6  0.2667    27%             0.81     2.87     4.99          --          
  7  0.3000    30%             1.01     3.54     5.86          --          
  8  0.3333    33%             1.27     4.15     6.56          --          
  9  0.3667    37%             1.59     4.78     7.27          --          
 10  0.4000    40%             1.96     5.35     7.91          --          
 11  0.4667    47%             2.34     6.05     8.73          --          
 12  0.5333    53%             2.73     6.73     9.52          --          
 13  0.6000    60%             3.14     7.38    10.27          --          
 14  0.6667    67%             3.56     7.95    10.90          --          
 15  0.7333    73%             3.97     8.41    11.36          --          
 16  0.8000    80%             4.37     8.89    11.70          --          
 17  0.8667    87%             4.76     9.48    12.16          --          
 18  0.9333    93%             5.14    10.04    12.79          --          
 19  1.0000    100%            5.54    10.60    13.43          --          

1 MAP:             certified (ratio unknown (no ratio control): no dB-equivalent map) | sense higher_is_harder | engage -60.00:none -58.00:none -56.00:none -54.00:none -52.00:none -50.00:none -48.00:none -46.00:none -44.00:17 -42.00:14 -40.00:12 -38.00:11 -36.00:10 -34.00:10 -32.00:8 -30.00:6 -28.00:5 -26.00:4 -24.00:3 -22.00:3 -20.00:2 -18.00:2 -16.00:2 -14.00:2 -12.00:2 -10.00:2 -8.00:2 -6.00:1 -4.00:1 -2.00:1 0.00:1
2 engage drift:    null  (not a dB display)   (primary; displayLinear unset until the population decides)
   offset IQR:      null
3 displayOffsetDb: null
fixture: AudioUnit_685a6739_1.0.1.rederived.json

CANDIDATE [6] Right Threshold - re-derived
host: EJ Map 0.1.0 / arm64 / 48k (native)
threshold: [6] Right Threshold unit '%' (class bands_or_stages) | positions 16 (16 evenly spaced), one process each, levels quiet to loud
links as instantiated (recorded, not written): [12] Mono Link = 'Off'
ratio: no control holds the ratio role | auto make-up disabled: no
default-threshold reference ('0%', spec 4.7 check only):  -60.00 out-in 0.03  -58.00 out-in 0.03  -56.00 out-in 0.03  -54.00 out-in 0.03  -52.00 out-in 0.03  -50.00 out-in 0.03  -48.00 out-in 0.03  -46.00 out-in 0.03  -44.00 out-in 0.03  -42.00 out-in 0.03  -40.00 out-in 0.03  -38.00 out-in 0.03  -36.00 out-in 0.03  -34.00 out-in 0.03  -32.00 out-in 0.03  -30.00 out-in 0.03  -28.00 out-in 0.03  -26.00 out-in 0.03  -24.00 out-in 0.03  -22.00 out-in 0.03  -20.00 out-in 0.03  -18.00 out-in 0.03  -16.00 out-in 0.03  -14.00 out-in 0.03  -12.00 out-in 0.03  -10.00 out-in 0.03  -8.00 out-in 0.03  -6.00 out-in 0.03  -4.00 out-in 0.03  -2.00 out-in 0.03  0.00 out-in 0.03  (default gain is information only)
linear reference: each position's own gain at its quiet rung's upper level, checked against the lower (must differ by 6 dB within 0.1): -0.00 -0.02 -0.04 -0.05 -0.05 -0.06 -0.07 -0.08 -0.09 -0.10 0.00 0.00 0.00 0.00 0.00 0.00 0.00 0.00 0.00 0.00
reference ladder: 10 position(s) below the first rung (10@-60 11@-60 12@-60 13@-60 14@-60 15@-60 16@-60 17@-60 18@-60 19@-60)
writes landed by: instack 20
write verify: 20 landed, 0 write_unlanded (skipped), in-stack read already matched on 20 of 20, pump slices total 20, longest confirm 3.1 ms, re-rendered 0
hold doubled at positions: none
still moving AFTER doubling (reading not used): none

pos   norm      display        red@-24  red@-12  red@-6    T(peak)   T-display
  0  0.0000    0%             -0.00    -0.00    -0.00          --          
  1  0.0667    7%              0.20     0.39     0.53          --          
  2  0.1333    13%             0.40     0.79     1.84          --          
  3  0.1667    17%             0.50     1.19     2.65          --          
  4  0.2000    20%             0.60     1.70     3.45          --          
  5  0.2333    23%             0.70     2.26     4.22          --          
  6  0.2667    27%             0.81     2.87     4.99          --          
  7  0.3000    30%             1.01     3.54     5.86          --          
  8  0.3333    33%             1.27     4.15     6.56          --          
  9  0.3667    37%             1.59     4.78     7.27          --          
 10  0.4000    40%             1.96     5.35     7.91          --          
 11  0.4667    47%             2.34     6.05     8.73          --          
 12  0.5333    53%             2.73     6.73     9.52          --          
 13  0.6000    60%             3.14     7.38    10.27          --          
 14  0.6667    67%             3.56     7.95    10.90          --          
 15  0.7333    73%             3.97     8.41    11.36          --          
 16  0.8000    80%             4.37     8.89    11.70          --          
 17  0.8667    87%             4.76     9.48    12.16          --          
 18  0.9333    93%             5.14    10.04    12.79          --          
 19  1.0000    100%            5.54    10.60    13.43          --          

1 MAP:             certified (ratio unknown (no ratio control): no dB-equivalent map) | sense higher_is_harder | engage -60.00:none -58.00:none -56.00:none -54.00:none -52.00:none -50.00:none -48.00:none -46.00:none -44.00:17 -42.00:14 -40.00:12 -38.00:11 -36.00:10 -34.00:10 -32.00:8 -30.00:6 -28.00:5 -26.00:4 -24.00:3 -22.00:3 -20.00:2 -18.00:2 -16.00:2 -14.00:2 -12.00:2 -10.00:2 -8.00:2 -6.00:1 -4.00:1 -2.00:1 0.00:1
2 engage drift:    null  (not a dB display)   (primary; displayLinear unset until the population decides)
   offset IQR:      null
3 displayOffsetDb: null
fixture: AudioUnit_685a6739_1.0.1.rederived.json

  -> needs_review: would export in the follow-up: the pick needs its detector measured (one load) and the tone check (derive-only ran neither)

=== tone checks: kHs Compressor
RE-DERIVED from traces (nothing measured) - kHs Compressor -> AudioUnit_2a6d4d7b_2.1.0.rederived.json
host: EJ Map 0.1.0 / arm64 / 48k (native)
threshold: [5] Threshold unit 'dB' (class single_threshold) | positions 16 (16 evenly spaced), one process each, levels quiet to loud
ratio: [4] ran at '2.0:1' -> 2 | auto make-up disabled: no
default-threshold reference ('−6.00 dB', spec 4.7 check only):  -60.00 out-in -0.00  -58.00 out-in 0.00  -56.00 out-in 0.00  -54.00 out-in -0.00  -52.00 out-in 0.00  -50.00 out-in -0.00  -48.00 out-in -0.00  -46.00 out-in 0.00  -44.00 out-in -0.00  -42.00 out-in -0.00  -40.00 out-in 0.00  -38.00 out-in -0.00  -36.00 out-in 0.00  -34.00 out-in 0.00  -32.00 out-in -0.00  -30.00 out-in 0.00  -28.00 out-in -0.00  -26.00 out-in -0.00  -24.00 out-in 0.00  -22.00 out-in -0.00  -20.00 out-in 0.00  -18.00 out-in 0.00  -16.00 out-in -0.00  -14.00 out-in 0.00  -12.00 out-in 0.00  -10.00 out-in -0.00  -8.00 out-in 0.00  -6.00 out-in -0.00  -4.00 out-in -0.67  -2.00 out-in -1.67  0.00 out-in -2.67  (default gain is information only)
linear reference: each position's own gain at its quiet rung's upper level, checked against the lower (must differ by 6 dB within 0.1): -0.00 -0.00 -0.00 -0.00 -0.00 -0.00 -0.00 -0.00 -0.00 -0.00 -0.00 -0.00 -0.00 -0.00 -0.00 -0.00 -0.00 -0.00 -0.00 -0.00 -0.00 -0.00 -0.00 -0.00
reference ladder: 0 position(s) below the first rung
writes landed by: instack 24
write verify: 24 landed, 0 write_unlanded (skipped), in-stack read already matched on 24 of 24, pump slices total 24, longest confirm 3.1 ms, re-rendered 0
hold doubled at positions: none
still moving AFTER doubling (reading not used): none

pos   norm      display        red@-24  red@-12  red@-6    T(peak)   T-display
  0  0.0000    −40.00 dB       7.67    13.67    16.67       -39.4          
  1  0.0333    −38.47 dB       6.90    12.90    15.90       -37.8          
  2  0.0667    −36.93 dB       6.14    12.13    15.13       -36.3          
  3  0.1000    −35.40 dB       5.37    11.37    14.37       -34.7          
  4  0.1333    −33.87 dB       4.60    10.60    13.60       -33.2          
  5  0.1667    −32.33 dB       3.84     9.83    12.83       -31.7          
  6  0.2000    −30.80 dB       3.07     9.07    12.07       -30.1          
  7  0.2667    −27.73 dB       1.54     7.53    10.53       -27.1          
  8  0.3000    −26.20 dB       0.77     6.77     9.77       -25.5          
  9  0.3333    −24.67 dB       0.00     6.00     9.00       -24.0          
 10  0.3667    −23.13 dB      -0.00     5.23     8.23       -22.5          
 11  0.4000    −21.60 dB      -0.00     4.47     7.47       -20.9          
 12  0.4667    −18.53 dB      -0.00     2.93     5.93       -17.9          
 13  0.5000    −17.00 dB      -0.00     2.17     5.17       -16.3          
 14  0.5333    −15.47 dB      -0.00     1.40     4.40       -14.8          
 15  0.5667    −13.93 dB      -0.00     0.63     3.63       -13.3          
 16  0.6000    −12.40 dB      -0.00    -0.00     2.87       -11.7          
 17  0.6667    −9.33 dB       -0.00    -0.00     1.33        -8.7          
 18  0.7000    −7.80 dB       -0.00    -0.00     0.57        -7.1          
 19  0.7333    −6.27 dB       -0.00    -0.00    -0.00        -5.6          
 20  0.8000    −3.20 dB       -0.00    -0.00    -0.00        -2.5          
 21  0.8667    −0.13 dB       -0.00    -0.00    -0.00   {"above": 0.0}          
 22  0.9333    +2.93 dB       -0.00    -0.00    -0.00   {"above": 0.0}          
 23  1.0000    +6.00 dB       -0.00    -0.00    -0.00   {"above": 0.0}          

1 MAP:             certified | sense lower_is_harder | engage -60.00:none -58.00:none -56.00:none -54.00:none -52.00:none -50.00:none -48.00:none -46.00:none -44.00:none -42.00:none -40.00:none -38.00:0 -36.00:1 -34.00:2 -32.00:4 -30.00:5 -28.00:6 -26.00:7 -24.00:8 -22.00:9 -20.00:10 -18.00:11 -16.00:12 -14.00:13 -12.00:15 -10.00:16 -8.00:16 -6.00:18 -4.00:19 -2.00:19 0.00:20
2 engage drift:    null  -10.00:null  -12.00:null  -14.00:null  -16.00:null  -18.00:null  -2.00:null  -20.00:null  -22.00:null  -24.00:null  -26.00:null  -28.00:null  -30.00:null  -32.00:null  -34.00:null  -36.00:null  -38.00:null  -4.00:null  -40.00:null  -42.00:null  -44.00:null  -46.00:null  -48.00:null  -50.00:null  -52.00:null  -54.00:null  -56.00:null  -58.00:null  -6.00:null  -60.00:null  -8.00:null  0.00:null   (primary; displayLinear unset until the population decides)
   offset IQR:      null
3 displayOffsetDb: null
fixture: AudioUnit_2a6d4d7b_2.1.0.rederived.json
  -> needs_review: export written (derive-only: the tone check was not run, nothing loaded); would be tone-checked by the follow-up

=== tone checks: C6 (m)
  no measured rule: 6 candidates, 1 certified: no channel pair, no master, no Main/Aux
CANDIDATE [10] Band 1 Threshold - re-derived
host: EJ Map 0.1.0 / arm64 / 48k (native)
threshold: [10] Band 1 Threshold unit 'dB' (class bands_or_stages) | positions 16 (16 evenly spaced), one process each, levels quiet to loud
ratio: no control holds the ratio role | auto make-up disabled: no
default-threshold reference ('0.0', spec 4.7 check only):  -60.00 out-in -0.00  -58.00 out-in -0.00  -56.00 out-in 0.00  -54.00 out-in -0.00  -52.00 out-in -0.00  -50.00 out-in 0.00  -48.00 out-in -0.00  -46.00 out-in 0.00  -44.00 out-in -0.00  -42.00 out-in -0.00  -40.00 out-in 0.00  -38.00 out-in -0.00  -36.00 out-in -0.00  -34.00 out-in -0.00  -32.00 out-in -0.01  -30.00 out-in -0.01  -28.00 out-in -0.01  -26.00 out-in -0.03  -24.00 out-in -0.04  -22.00 out-in -0.06  -20.00 out-in -0.09  -18.00 out-in -0.13  -16.00 out-in -0.19  -14.00 out-in -0.28  -12.00 out-in -0.40  -10.00 out-in -0.56  -8.00 out-in -0.77  -6.00 out-in -1.04  -4.00 out-in -1.38  -2.00 out-in -1.77  0.00 out-in -2.22  (default gain is information only)
linear reference: each position's own gain at its quiet rung's upper level, checked against the lower (must differ by 6 dB within 0.1): -0.00 -0.00 -0.00 -0.00 -0.00 -0.00 -0.00 -0.00 -0.00 -0.00 -0.00 -0.00 -0.00 -0.00 -0.00 -0.00
reference ladder: 0 position(s) below the first rung
writes landed by: instack 1 pump 15
write verify: 16 landed, 0 write_unlanded (skipped), in-stack read already matched on 1 of 16, pump slices total 158, longest confirm 30.2 ms, re-rendered 0
hold doubled at positions: none
still moving AFTER doubling (reading not used): none

pos   norm      display        red@-24  red@-12  red@-6    T(peak)   T-display
  0  0.0000    -80.0           0.04     0.40     1.04          --          
  1  0.0667    -74.7           0.04     0.40     1.04          --          
  2  0.1333    -69.3           0.04     0.40     1.04          --          
  3  0.2000    -64.0           0.04     0.40     1.04          --          
  4  0.2667    -58.7           0.04     0.40     1.04          --          
  5  0.3333    -53.3           0.04     0.40     1.04          --          
  6  0.4000    -48.0           0.04     0.40     1.04          --          
  7  0.4667    -42.7           0.04     0.40     1.04          --          
  8  0.5333    -37.3           0.04     0.40     1.04          --          
  9  0.6000    -32.0           0.04     0.40     1.04          --          
 10  0.6667    -26.7           0.04     0.40     1.04          --          
 11  0.7333    -21.3           0.04     0.40     1.04          --          
 12  0.8000    -16.0           0.04     0.40     1.04          --          
 13  0.8667    -10.7           0.04     0.40     1.04          --          
 14  0.9333    -5.3            0.04     0.40     1.04          --          
 15  1.0000    0.0             0.04     0.40     1.04          --          

1 MAP:             flat (no two positions differ by more than 1 dB at any test level) | sense -- | engage -60.00:none -58.00:none -56.00:none -54.00:none -52.00:none -50.00:none -48.00:none -46.00:none -44.00:none -42.00:none -40.00:none -38.00:none -36.00:none -34.00:none -32.00:none -30.00:none -28.00:none -26.00:none -24.00:none -22.00:none -20.00:none -18.00:none -16.00:none -14.00:none -12.00:none -10.00:none -8.00:none -6.00:none -4.00:none -2.00:none 0.00:none
2 engage drift:    null  (not a dB display)   (primary; displayLinear unset until the population decides)
   offset IQR:      null
3 displayOffsetDb: null
fixture: AudioUnit_49306063_15.0.70.rederived.json

CANDIDATE [19] Band 2 Threshold - re-derived
host: EJ Map 0.1.0 / arm64 / 48k (native)
threshold: [19] Band 2 Threshold unit 'dB' (class bands_or_stages) | positions 16 (16 evenly spaced), one process each, levels quiet to loud
ratio: no control holds the ratio role | auto make-up disabled: no
default-threshold reference ('0.0', spec 4.7 check only):  -60.00 out-in -0.00  -58.00 out-in -0.00  -56.00 out-in 0.00  -54.00 out-in -0.00  -52.00 out-in -0.00  -50.00 out-in 0.00  -48.00 out-in -0.00  -46.00 out-in 0.00  -44.00 out-in -0.00  -42.00 out-in -0.00  -40.00 out-in 0.00  -38.00 out-in -0.00  -36.00 out-in -0.00  -34.00 out-in -0.00  -32.00 out-in -0.01  -30.00 out-in -0.01  -28.00 out-in -0.01  -26.00 out-in -0.03  -24.00 out-in -0.04  -22.00 out-in -0.06  -20.00 out-in -0.09  -18.00 out-in -0.13  -16.00 out-in -0.19  -14.00 out-in -0.28  -12.00 out-in -0.40  -10.00 out-in -0.56  -8.00 out-in -0.77  -6.00 out-in -1.04  -4.00 out-in -1.38  -2.00 out-in -1.77  0.00 out-in -2.22  (default gain is information only)
linear reference: each position's own gain at its quiet rung's upper level, checked against the lower (must differ by 6 dB within 0.1): -0.00 -0.00 -0.00 -0.00 -0.00 -0.00 -0.00 -0.00 -0.00 -0.00 -0.00 -0.00 -0.00 -0.00 -0.00 -0.00
reference ladder: 0 position(s) below the first rung
writes landed by: instack 1 pump 15
write verify: 16 landed, 0 write_unlanded (skipped), in-stack read already matched on 1 of 16, pump slices total 156, longest confirm 30.4 ms, re-rendered 0
hold doubled at positions: none
still moving AFTER doubling (reading not used): none

pos   norm      display        red@-24  red@-12  red@-6    T(peak)   T-display
  0  0.0000    -80.0           0.04     0.40     1.04          --          
  1  0.0667    -74.7           0.04     0.40     1.04          --          
  2  0.1333    -69.3           0.04     0.40     1.04          --          
  3  0.2000    -64.0           0.04     0.40     1.04          --          
  4  0.2667    -58.7           0.04     0.40     1.04          --          
  5  0.3333    -53.3           0.04     0.40     1.04          --          
  6  0.4000    -48.0           0.04     0.40     1.04          --          
  7  0.4667    -42.7           0.04     0.40     1.04          --          
  8  0.5333    -37.3           0.04     0.40     1.04          --          
  9  0.6000    -32.0           0.04     0.40     1.04          --          
 10  0.6667    -26.7           0.04     0.40     1.04          --          
 11  0.7333    -21.3           0.04     0.40     1.04          --          
 12  0.8000    -16.0           0.04     0.40     1.04          --          
 13  0.8667    -10.7           0.04     0.40     1.04          --          
 14  0.9333    -5.3            0.04     0.40     1.04          --          
 15  1.0000    0.0             0.04     0.40     1.04          --          

1 MAP:             flat (no two positions differ by more than 1 dB at any test level) | sense -- | engage -60.00:none -58.00:none -56.00:none -54.00:none -52.00:none -50.00:none -48.00:none -46.00:none -44.00:none -42.00:none -40.00:none -38.00:none -36.00:none -34.00:none -32.00:none -30.00:none -28.00:none -26.00:none -24.00:none -22.00:none -20.00:none -18.00:none -16.00:none -14.00:none -12.00:none -10.00:none -8.00:none -6.00:none -4.00:none -2.00:none 0.00:none
2 engage drift:    null  (not a dB display)   (primary; displayLinear unset until the population decides)
   offset IQR:      null
3 displayOffsetDb: null
fixture: AudioUnit_49306063_15.0.70.rederived.json

CANDIDATE [26] Band 3 Threshold - re-derived
host: EJ Map 0.1.0 / arm64 / 48k (native)
threshold: [26] Band 3 Threshold unit 'dB' (class bands_or_stages) | positions 16 (16 evenly spaced), one process each, levels quiet to loud
ratio: no control holds the ratio role | auto make-up disabled: no
default-threshold reference ('0.0', spec 4.7 check only):  -60.00 out-in -0.00  -58.00 out-in -0.00  -56.00 out-in 0.00  -54.00 out-in -0.00  -52.00 out-in -0.00  -50.00 out-in 0.00  -48.00 out-in -0.00  -46.00 out-in 0.00  -44.00 out-in -0.00  -42.00 out-in -0.00  -40.00 out-in 0.00  -38.00 out-in -0.00  -36.00 out-in -0.00  -34.00 out-in -0.00  -32.00 out-in -0.01  -30.00 out-in -0.01  -28.00 out-in -0.01  -26.00 out-in -0.03  -24.00 out-in -0.04  -22.00 out-in -0.06  -20.00 out-in -0.09  -18.00 out-in -0.13  -16.00 out-in -0.19  -14.00 out-in -0.28  -12.00 out-in -0.40  -10.00 out-in -0.56  -8.00 out-in -0.77  -6.00 out-in -1.04  -4.00 out-in -1.38  -2.00 out-in -1.77  0.00 out-in -2.22  (default gain is information only)
linear reference: each position's own gain at its quiet rung's upper level, checked against the lower (must differ by 6 dB within 0.1): -0.81 -0.41 -0.17 -0.06 -0.02 -0.01 -0.01 -0.08 -0.05 -0.03 -0.02 -0.01 -0.06 -0.03 -0.02 -0.01 -0.01 -0.08 -0.05 -0.03 -0.02 -0.01 -0.01 -0.00 -0.00 -0.00 -0.00 -0.00 -0.00
reference ladder: 14 position(s) below the first rung (3@-84 4@-84 5@-84 6@-84 7@-72 8@-72 9@-72 10@-72 11@-72 12@-60 13@-60 14@-60 15@-60 16@-60)
writes landed by: instack 1 pump 28
write verify: 29 landed, 0 write_unlanded (skipped), in-stack read already matched on 1 of 29, pump slices total 294, longest confirm 30.6 ms, re-rendered 0
hold doubled at positions: none
still moving AFTER doubling (reading not used): none

pos   norm      display        red@-24  red@-12  red@-6    T(peak)   T-display
  0  0.0000    -80.0             --       --       --          --          
  1  0.0667    -74.7             --       --       --          --          
  2  0.1333    -69.3             --       --       --          --          
  3  0.2000    -64.0           7.38     7.47     7.48          --          
  4  0.2667    -58.7           7.35     7.50     7.53          --          
  5  0.3000    -56.0           7.28     7.50     7.53          --          
  6  0.3167    -54.7           7.24     7.49     7.53          --          
  7  0.3333    -53.3           7.08     7.37     7.42          --          
  8  0.3667    -50.7           7.00     7.38     7.45          --          
  9  0.4000    -48.0           6.84     7.36     7.45          --          
 10  0.4333    -45.3           6.62     7.31     7.44          --          
 11  0.4667    -42.7           6.33     7.24     7.40          --          
 12  0.5000    -40.0           5.87     7.05     7.27          --          
 13  0.5333    -37.3           5.43     6.93     7.22          --          
 14  0.5667    -34.7           4.90     6.75     7.14          --          
 15  0.6000    -32.0           4.26     6.49     7.01          --          
 16  0.6167    -30.7           3.93     6.34     6.92          --          
 17  0.6333    -29.3           3.46     6.04     6.71          --          
 18  0.6667    -26.7           2.82     5.67     6.51          --          
 19  0.7000    -24.0           2.18     5.17     6.22          --          
 20  0.7333    -21.3           1.60     4.57     5.82          --          
 21  0.7667    -18.7           1.14     3.93     5.34          --          
 22  0.8000    -16.0           0.77     3.22     4.75          --          
 23  0.8333    -13.3           0.49     2.53     4.09          --          
 24  0.8667    -10.7           0.31     1.92     3.41          --          
 25  0.9000    -8.0            0.19     1.37     2.71          --          
 26  0.9333    -5.3            0.11     0.94     2.05          --          
 27  0.9667    -2.7            0.07     0.63     1.50          --          
 28  1.0000    0.0             0.04     0.40     1.04          --          

1 MAP:             certified (ratio unknown (no ratio control): no dB-equivalent map) | sense lower_is_harder | engage -60.00:8 -58.00:9 -56.00:9 -54.00:10 -52.00:11 -50.00:11 -48.00:12 -46.00:13 -44.00:14 -42.00:15 -40.00:16 -38.00:17 -36.00:18 -34.00:19 -32.00:19 -30.00:20 -28.00:21 -26.00:22 -24.00:22 -22.00:23 -20.00:24 -18.00:25 -16.00:25 -14.00:26 -12.00:27 -10.00:28 -8.00:28 -6.00:28 -4.00:28 -2.00:28 0.00:28
2 engage drift:    3.65  -10.00:10.53  -12.00:10.34  -14.00:10.17  -16.00:9.94  -18.00:10.52  -2.00:7.55  -20.00:10.34  -22.00:10.16  -24.00:9.92  -26.00:10.47  -28.00:10.29  -30.00:10.09  -32.00:9.80  -34.00:10.21  -36.00:9.92  -38.00:9.11  -4.00:8.33  -40.00:10.37  -42.00:10.42  -44.00:10.20  -46.00:9.92  -48.00:9.12  -50.00:9.67  -52.00:10.27  -54.00:10.05  -56.00:9.80  -58.00:10.21  -6.00:9.15  -60.00:9.87  -8.00:9.94  0.00:6.89   (primary; displayLinear unset until the population decides)
   offset IQR:      null
3 displayOffsetDb: null
fixture: AudioUnit_49306063_15.0.70.rederived.json

CANDIDATE [33] Band 4 Threshold - re-derived
host: EJ Map 0.1.0 / arm64 / 48k (native)
threshold: [33] Band 4 Threshold unit 'dB' (class bands_or_stages) | positions 16 (16 evenly spaced), one process each, levels quiet to loud
ratio: no control holds the ratio role | auto make-up disabled: no
default-threshold reference ('0.0', spec 4.7 check only):  -60.00 out-in -0.00  -58.00 out-in -0.00  -56.00 out-in 0.00  -54.00 out-in -0.00  -52.00 out-in -0.00  -50.00 out-in 0.00  -48.00 out-in -0.00  -46.00 out-in 0.00  -44.00 out-in -0.00  -42.00 out-in -0.00  -40.00 out-in 0.00  -38.00 out-in -0.00  -36.00 out-in -0.00  -34.00 out-in -0.00  -32.00 out-in -0.01  -30.00 out-in -0.01  -28.00 out-in -0.01  -26.00 out-in -0.03  -24.00 out-in -0.04  -22.00 out-in -0.06  -20.00 out-in -0.09  -18.00 out-in -0.13  -16.00 out-in -0.19  -14.00 out-in -0.28  -12.00 out-in -0.40  -10.00 out-in -0.56  -8.00 out-in -0.77  -6.00 out-in -1.04  -4.00 out-in -1.38  -2.00 out-in -1.77  0.00 out-in -2.22  (default gain is information only)
linear reference: each position's own gain at its quiet rung's upper level, checked against the lower (must differ by 6 dB within 0.1): -0.04 -0.03 -0.02 -0.01 -0.00 -0.00 -0.00 -0.00 -0.00 -0.00 -0.00 -0.00 -0.00 -0.00 -0.00 -0.00
reference ladder: 0 position(s) below the first rung
writes landed by: instack 1 pump 15
write verify: 16 landed, 0 write_unlanded (skipped), in-stack read already matched on 1 of 16, pump slices total 157, longest confirm 30.6 ms, re-rendered 0
hold doubled at positions: none
still moving AFTER doubling (reading not used): none

pos   norm      display        red@-24  red@-12  red@-6    T(peak)   T-display
  0  0.0000    -80.0           0.12     0.49     1.15          --          
  1  0.0667    -74.7           0.14     0.52     1.18          --          
  2  0.1333    -69.3           0.16     0.54     1.20          --          
  3  0.2000    -64.0           0.15     0.55     1.21          --          
  4  0.2667    -58.7           0.13     0.55     1.22          --          
  5  0.3333    -53.3           0.10     0.53     1.21          --          
  6  0.4000    -48.0           0.07     0.50     1.19          --          
  7  0.4667    -42.7           0.05     0.47     1.16          --          
  8  0.5333    -37.3           0.04     0.44     1.13          --          
  9  0.6000    -32.0           0.04     0.42     1.09          --          
 10  0.6667    -26.7           0.04     0.40     1.06          --          
 11  0.7333    -21.3           0.04     0.40     1.05          --          
 12  0.8000    -16.0           0.04     0.40     1.04          --          
 13  0.8667    -10.7           0.04     0.40     1.04          --          
 14  0.9333    -5.3            0.04     0.40     1.04          --          
 15  1.0000    0.0             0.04     0.40     1.04          --          

1 MAP:             flat (no two positions differ by more than 1 dB at any test level) | sense -- | engage -60.00:none -58.00:none -56.00:none -54.00:none -52.00:none -50.00:none -48.00:none -46.00:none -44.00:none -42.00:none -40.00:none -38.00:none -36.00:none -34.00:none -32.00:none -30.00:none -28.00:none -26.00:none -24.00:none -22.00:none -20.00:none -18.00:none -16.00:none -14.00:none -12.00:none -10.00:none -8.00:none -6.00:none -4.00:none -2.00:none 0.00:none
2 engage drift:    null  (not a dB display)   (primary; displayLinear unset until the population decides)
   offset IQR:      null
3 displayOffsetDb: null
fixture: AudioUnit_49306063_15.0.70.rederived.json

CANDIDATE [40] Band 5 Threshold - re-derived
host: EJ Map 0.1.0 / arm64 / 48k (native)
threshold: [40] Band 5 Threshold unit 'dB' (class bands_or_stages) | positions 16 (16 evenly spaced), one process each, levels quiet to loud
ratio: no control holds the ratio role | auto make-up disabled: no
default-threshold reference ('0.0', spec 4.7 check only):  -60.00 out-in -0.00  -58.00 out-in -0.00  -56.00 out-in 0.00  -54.00 out-in -0.00  -52.00 out-in -0.00  -50.00 out-in 0.00  -48.00 out-in -0.00  -46.00 out-in 0.00  -44.00 out-in -0.00  -42.00 out-in -0.00  -40.00 out-in 0.00  -38.00 out-in -0.00  -36.00 out-in -0.00  -34.00 out-in -0.00  -32.00 out-in -0.01  -30.00 out-in -0.01  -28.00 out-in -0.01  -26.00 out-in -0.03  -24.00 out-in -0.04  -22.00 out-in -0.06  -20.00 out-in -0.09  -18.00 out-in -0.13  -16.00 out-in -0.19  -14.00 out-in -0.28  -12.00 out-in -0.40  -10.00 out-in -0.56  -8.00 out-in -0.77  -6.00 out-in -1.04  -4.00 out-in -1.38  -2.00 out-in -1.77  0.00 out-in -2.22  (default gain is information only)
linear reference: each position's own gain at its quiet rung's upper level, checked against the lower (must differ by 6 dB within 0.1): -0.00 -0.00 -0.00 -0.00 -0.00 -0.00 -0.00 -0.00 -0.00 -0.00 -0.00 -0.00 -0.00 -0.00 -0.00 -0.00
reference ladder: 0 position(s) below the first rung
writes landed by: instack 1 pump 15
write verify: 16 landed, 0 write_unlanded (skipped), in-stack read already matched on 1 of 16, pump slices total 149, longest confirm 30.5 ms, re-rendered 0
hold doubled at positions: none
still moving AFTER doubling (reading not used): none

pos   norm      display        red@-24  red@-12  red@-6    T(peak)   T-display
  0  0.0000    -80.0           0.04     0.40     1.04          --          
  1  0.0667    -74.7           0.04     0.40     1.04          --          
  2  0.1333    -69.3           0.04     0.40     1.04          --          
  3  0.2000    -64.0           0.04     0.40     1.04          --          
  4  0.2667    -58.7           0.04     0.40     1.04          --          
  5  0.3333    -53.3           0.04     0.40     1.04          --          
  6  0.4000    -48.0           0.04     0.40     1.04          --          
  7  0.4667    -42.7           0.04     0.40     1.04          --          
  8  0.5333    -37.3           0.04     0.40     1.04          --          
  9  0.6000    -32.0           0.04     0.40     1.04          --          
 10  0.6667    -26.7           0.04     0.40     1.04          --          
 11  0.7333    -21.3           0.04     0.40     1.04          --          
 12  0.8000    -16.0           0.04     0.40     1.04          --          
 13  0.8667    -10.7           0.04     0.40     1.04          --          
 14  0.9333    -5.3            0.04     0.40     1.04          --          
 15  1.0000    0.0             0.04     0.40     1.04          --          

1 MAP:             flat (no two positions differ by more than 1 dB at any test level) | sense -- | engage -60.00:none -58.00:none -56.00:none -54.00:none -52.00:none -50.00:none -48.00:none -46.00:none -44.00:none -42.00:none -40.00:none -38.00:none -36.00:none -34.00:none -32.00:none -30.00:none -28.00:none -26.00:none -24.00:none -22.00:none -20.00:none -18.00:none -16.00:none -14.00:none -12.00:none -10.00:none -8.00:none -6.00:none -4.00:none -2.00:none 0.00:none
2 engage drift:    null  (not a dB display)   (primary; displayLinear unset until the population decides)
   offset IQR:      null
3 displayOffsetDb: null
fixture: AudioUnit_49306063_15.0.70.rederived.json

CANDIDATE [47] Band 6 Threshold - re-derived
host: EJ Map 0.1.0 / arm64 / 48k (native)
threshold: [47] Band 6 Threshold unit 'dB' (class bands_or_stages) | positions 16 (16 evenly spaced), one process each, levels quiet to loud
ratio: no control holds the ratio role | auto make-up disabled: no
default-threshold reference ('0.0', spec 4.7 check only):  -60.00 out-in -0.00  -58.00 out-in -0.00  -56.00 out-in 0.00  -54.00 out-in -0.00  -52.00 out-in -0.00  -50.00 out-in 0.00  -48.00 out-in -0.00  -46.00 out-in 0.00  -44.00 out-in -0.00  -42.00 out-in -0.00  -40.00 out-in 0.00  -38.00 out-in -0.00  -36.00 out-in -0.00  -34.00 out-in -0.00  -32.00 out-in -0.01  -30.00 out-in -0.01  -28.00 out-in -0.01  -26.00 out-in -0.03  -24.00 out-in -0.04  -22.00 out-in -0.06  -20.00 out-in -0.09  -18.00 out-in -0.13  -16.00 out-in -0.19  -14.00 out-in -0.28  -12.00 out-in -0.40  -10.00 out-in -0.56  -8.00 out-in -0.77  -6.00 out-in -1.04  -4.00 out-in -1.38  -2.00 out-in -1.77  0.00 out-in -2.22  (default gain is information only)
linear reference: each position's own gain at its quiet rung's upper level, checked against the lower (must differ by 6 dB within 0.1): -0.00 -0.00 -0.00 -0.00 -0.00 -0.00 -0.00 -0.00 -0.00 -0.00 -0.00 -0.00 -0.00 -0.00 -0.00 -0.00
reference ladder: 0 position(s) below the first rung
writes landed by: instack 1 pump 15
write verify: 16 landed, 0 write_unlanded (skipped), in-stack read already matched on 1 of 16, pump slices total 155, longest confirm 30.5 ms, re-rendered 0
hold doubled at positions: none
still moving AFTER doubling (reading not used): none

pos   norm      display        red@-24  red@-12  red@-6    T(peak)   T-display
  0  0.0000    -80.0           0.04     0.40     1.04          --          
  1  0.0667    -74.7           0.04     0.40     1.04          --          
  2  0.1333    -69.3           0.04     0.40     1.04          --          
  3  0.2000    -64.0           0.04     0.40     1.04          --          
  4  0.2667    -58.7           0.04     0.40     1.04          --          
  5  0.3333    -53.3           0.04     0.40     1.04          --          
  6  0.4000    -48.0           0.04     0.40     1.04          --          
  7  0.4667    -42.7           0.04     0.40     1.04          --          
  8  0.5333    -37.3           0.04     0.40     1.04          --          
  9  0.6000    -32.0           0.04     0.40     1.04          --          
 10  0.6667    -26.7           0.04     0.40     1.04          --          
 11  0.7333    -21.3           0.04     0.40     1.04          --          
 12  0.8000    -16.0           0.04     0.40     1.04          --          
 13  0.8667    -10.7           0.04     0.40     1.04          --          
 14  0.9333    -5.3            0.04     0.40     1.04          --          
 15  1.0000    0.0             0.04     0.40     1.04          --          

1 MAP:             flat (no two positions differ by more than 1 dB at any test level) | sense -- | engage -60.00:none -58.00:none -56.00:none -54.00:none -52.00:none -50.00:none -48.00:none -46.00:none -44.00:none -42.00:none -40.00:none -38.00:none -36.00:none -34.00:none -32.00:none -30.00:none -28.00:none -26.00:none -24.00:none -22.00:none -20.00:none -18.00:none -16.00:none -14.00:none -12.00:none -10.00:none -8.00:none -6.00:none -4.00:none -2.00:none 0.00:none
2 engage drift:    null  (not a dB display)   (primary; displayLinear unset until the population decides)
   offset IQR:      null
3 displayOffsetDb: null
fixture: AudioUnit_49306063_15.0.70.rederived.json

  -> multiband: multiband: profiling not built yet (Band 1, Band 2, Band 3, Band 4, Band 5, Band 6; 6 threshold candidates)

=== tone checks: Ozone 12 Vintage Compressor
  main_over_aux: Stereo/Main over Aux (literal words): 'VCOMP: Stereo/Main Threshold' certified, 'VCOMP: Aux Threshold' did not; 'VCOMP: Stereo/Main Threshold' is the amount, 'VCOMP: Aux Threshold' stays at its instantiate value
CANDIDATE [8] VCOMP: Stereo/Main Threshold - re-derived
host: EJ Map 0.1.0 / arm64 / 48k (native)
threshold: [8] VCOMP: Stereo/Main Threshold unit '' (class bands_or_stages) | positions 16 (16 evenly spaced), one process each, levels quiet to loud
ratio: 2 controls hold the ratio role | auto make-up disabled: yes
default-threshold reference ('-12', spec 4.7 check only):  -60.00 out-in -0.00  -58.00 out-in 0.00  -56.00 out-in 0.00  -54.00 out-in -0.00  -52.00 out-in 0.00  -50.00 out-in -0.00  -48.00 out-in -0.00  -46.00 out-in 0.00  -44.00 out-in -0.00  -42.00 out-in -0.00  -40.00 out-in 0.00  -38.00 out-in -0.00  -36.00 out-in 0.00  -34.00 out-in 0.00  -32.00 out-in -0.00  -30.00 out-in 0.00  -28.00 out-in -0.00  -26.00 out-in -0.00  -24.00 out-in 0.00  -22.00 out-in -0.00  -20.00 out-in 0.00  -18.00 out-in 0.00  -16.00 out-in -0.00  -14.00 out-in 0.00  -12.00 out-in 0.00  -10.00 out-in -0.01  -8.00 out-in -0.47  -6.00 out-in -1.14  -4.00 out-in -1.81  -2.00 out-in -2.47  0.00 out-in -3.14  (default gain is information only)
linear reference: each position's own gain at its quiet rung's upper level, checked against the lower (must differ by 6 dB within 0.1): 0.00 0.00 0.00 0.00 0.00 -0.01 -0.00 -0.00 -0.00 -0.00 -0.00 -0.00 -0.00 -0.00 -0.00 -0.00 -0.00 -0.00 -0.00 -0.00 -0.00 -0.00 -0.00 -0.00 -0.00 -0.00 -0.00 -0.00
reference ladder: 5 position(s) below the first rung (0@-60 1@-60 2@-60 3@-60 4@-60)
writes landed by: instack 28
write verify: 28 landed, 0 write_unlanded (skipped), in-stack read already matched on 28 of 28, pump slices total 28, longest confirm 2.6 ms, re-rendered 0
hold doubled at positions: none
still moving AFTER doubling (reading not used): none

pos   norm      display        red@-24  red@-12  red@-6    T(peak)   T-display
  0  0.0000    -60            11.14    15.14    17.14          --          
  1  0.0333    -58            10.47    14.47    16.47          --          
  2  0.0667    -56             9.81    13.81    15.81          --          
  3  0.1000    -54             9.14    13.14    15.14          --          
  4  0.1333    -52             8.47    12.47    14.47          --          
  5  0.1667    -50             7.79    11.79    13.80          --          
  6  0.2000    -48             7.14    11.14    13.14          --          
  7  0.2333    -46             6.47    10.47    12.47          --          
  8  0.2667    -44             5.80     9.80    11.80          --          
  9  0.3000    -42             5.14     9.14    11.14          --          
 10  0.3333    -40             4.47     8.47    10.47          --          
 11  0.3667    -38             3.80     7.80     9.80          --          
 12  0.4000    -36             3.14     7.14     9.14          --          
 13  0.4333    -34             2.47     6.47     8.47          --          
 14  0.4667    -32             1.80     5.80     7.80          --          
 15  0.5000    -30             1.14     5.14     7.14          --          
 16  0.5333    -28             0.47     4.47     6.47          --          
 17  0.5667    -26             0.01     3.80     5.80          --          
 18  0.6000    -24            -0.00     3.14     5.14          --          
 19  0.6333    -22            -0.00     2.47     4.47          --          
 20  0.6667    -20            -0.00     1.80     3.80          --          
 21  0.7000    -18            -0.00     1.14     3.14          --          
 22  0.7333    -16            -0.00     0.47     2.47          --          
 23  0.7667    -14            -0.00     0.01     1.80          --          
 24  0.8000    -12            -0.00    -0.00     1.14          --          
 25  0.8667    -7.99998       -0.00    -0.00     0.01          --          
 26  0.9333    -4.00002       -0.00    -0.00    -0.00          --          
 27  1.0000    0              -0.00    -0.00    -0.00          --          

1 MAP:             certified (ratio unknown (no ratio control): no dB-equivalent map) | sense lower_is_harder | engage -60.00:none -58.00:none -56.00:none -54.00:0 -52.00:1 -50.00:2 -48.00:3 -46.00:4 -44.00:5 -42.00:6 -40.00:7 -38.00:8 -36.00:9 -34.00:10 -32.00:11 -30.00:12 -28.00:13 -26.00:14 -24.00:15 -22.00:16 -20.00:17 -18.00:18 -16.00:19 -14.00:20 -12.00:21 -10.00:22 -8.00:23 -6.00:24 -4.00:24 -2.00:25 0.00:25
2 engage drift:    null  (not a dB display)   (primary; displayLinear unset until the population decides)
   offset IQR:      null
3 displayOffsetDb: null
fixture: AudioUnit_526d484b_12.0.0.rederived.json

CANDIDATE [21] VCOMP: Aux Threshold - re-derived
host: EJ Map 0.1.0 / arm64 / 48k (native)
threshold: [21] VCOMP: Aux Threshold unit '' (class bands_or_stages) | positions 16 (16 evenly spaced), one process each, levels quiet to loud
ratio: 2 controls hold the ratio role | auto make-up disabled: yes
default-threshold reference ('-12', spec 4.7 check only):  -60.00 out-in -0.00  -58.00 out-in 0.00  -56.00 out-in 0.00  -54.00 out-in -0.00  -52.00 out-in 0.00  -50.00 out-in -0.00  -48.00 out-in -0.00  -46.00 out-in 0.00  -44.00 out-in -0.00  -42.00 out-in -0.00  -40.00 out-in 0.00  -38.00 out-in -0.00  -36.00 out-in 0.00  -34.00 out-in 0.00  -32.00 out-in -0.00  -30.00 out-in 0.00  -28.00 out-in -0.00  -26.00 out-in -0.00  -24.00 out-in 0.00  -22.00 out-in -0.00  -20.00 out-in 0.00  -18.00 out-in 0.00  -16.00 out-in -0.00  -14.00 out-in 0.00  -12.00 out-in 0.00  -10.00 out-in -0.01  -8.00 out-in -0.47  -6.00 out-in -1.14  -4.00 out-in -1.81  -2.00 out-in -2.47  0.00 out-in -3.14  (default gain is information only)
linear reference: each position's own gain at its quiet rung's upper level, checked against the lower (must differ by 6 dB within 0.1): -0.00 -0.00 -0.00 -0.00 -0.00 -0.00 -0.00 -0.00 -0.00 -0.00 -0.00 -0.00 -0.00 -0.00 -0.00 -0.00
reference ladder: 0 position(s) below the first rung
writes landed by: instack 16
write verify: 16 landed, 0 write_unlanded (skipped), in-stack read already matched on 16 of 16, pump slices total 16, longest confirm 2.6 ms, re-rendered 0
hold doubled at positions: none
still moving AFTER doubling (reading not used): none

pos   norm      display        red@-24  red@-12  red@-6    T(peak)   T-display
  0  0.0000    -60            -0.00    -0.00     1.14          --          
  1  0.0667    -56            -0.00    -0.00     1.14          --          
  2  0.1333    -52            -0.00    -0.00     1.14          --          
  3  0.2000    -48            -0.00    -0.00     1.14          --          
  4  0.2667    -44            -0.00    -0.00     1.14          --          
  5  0.3333    -40            -0.00    -0.00     1.14          --          
  6  0.4000    -36            -0.00    -0.00     1.14          --          
  7  0.4667    -32            -0.00    -0.00     1.14          --          
  8  0.5333    -28            -0.00    -0.00     1.14          --          
  9  0.6000    -24            -0.00    -0.00     1.14          --          
 10  0.6667    -20            -0.00    -0.00     1.14          --          
 11  0.7333    -16            -0.00    -0.00     1.14          --          
 12  0.8000    -12            -0.00    -0.00     1.14          --          
 13  0.8667    -7.99998       -0.00    -0.00     1.14          --          
 14  0.9333    -4.00002       -0.00    -0.00     1.14          --          
 15  1.0000    0              -0.00    -0.00     1.14          --          

1 MAP:             flat (no two positions differ by more than 1 dB at any test level) | sense -- | engage -60.00:none -58.00:none -56.00:none -54.00:none -52.00:none -50.00:none -48.00:none -46.00:none -44.00:none -42.00:none -40.00:none -38.00:none -36.00:none -34.00:none -32.00:none -30.00:none -28.00:none -26.00:none -24.00:none -22.00:none -20.00:none -18.00:none -16.00:none -14.00:none -12.00:none -10.00:none -8.00:none -6.00:none -4.00:none -2.00:none 0.00:none
2 engage drift:    null  (not a dB display)   (primary; displayLinear unset until the population decides)
   offset IQR:      null
3 displayOffsetDb: null
fixture: AudioUnit_526d484b_12.0.0.rederived.json

  -> needs_review: would export in the follow-up: the pick needs its detector measured (one load) and the tone check (derive-only ran neither)

=== tone checks: Kramer PIE (s)
RE-DERIVED from traces (nothing measured) - Kramer PIE (s) -> AudioUnit_5a5f747d_15.0.70.rederived.json
host: EJ Map 0.1.0 / arm64 / 48k (native)
threshold: [1] Threshold unit 'dB' (class single_threshold) | positions 16 (16 evenly spaced), one process each, levels quiet to loud
ratio: [2] ran at '3:1' -> 3 | auto make-up disabled: no
default-threshold reference ('0', spec 4.7 check only):  -60.00 out-in 6.04  -58.00 out-in 6.04  -56.00 out-in 6.04  -54.00 out-in 6.04  -52.00 out-in 6.04  -50.00 out-in 6.04  -48.00 out-in 6.04  -46.00 out-in 6.04  -44.00 out-in 6.04  -42.00 out-in 6.04  -40.00 out-in 6.04  -38.00 out-in 6.04  -36.00 out-in 6.04  -34.00 out-in 6.04  -32.00 out-in 6.04  -30.00 out-in 6.04  -28.00 out-in 6.04  -26.00 out-in 6.04  -24.00 out-in 6.04  -22.00 out-in 6.04  -20.00 out-in 6.04  -18.00 out-in 4.70  -16.00 out-in 3.30  -14.00 out-in 1.93  -12.00 out-in 0.58  -10.00 out-in -0.75  -8.00 out-in -2.06  -6.00 out-in -3.35  -4.00 out-in -4.64  -2.00 out-in -5.92  0.00 out-in -7.19  (default gain is information only)
linear reference: each position's own gain at its quiet rung's upper level, checked against the lower (must differ by 6 dB within 0.1): -0.00 -0.00 -0.00 -0.00 -0.00 -0.00 -0.00 -0.00 -0.00 -0.00 -0.00 -0.00 -0.00 -0.00 -0.00 -0.00 -0.00 -0.00 -0.00 -0.00 -0.00
reference ladder: 0 position(s) below the first rung
writes landed by: instack 1 pump 20
write verify: 21 landed, 0 write_unlanded (skipped), in-stack read already matched on 1 of 21, pump slices total 221, longest confirm 30.6 ms, re-rendered 0
hold doubled at positions: none
still moving AFTER doubling (reading not used): none

pos   norm      display        red@-24  red@-12  red@-6    T(peak)   T-display
  0  0.0000    -24            13.22    20.35    21.48       -44.1    -20.10
  1  0.0667    -22            11.95    19.27    21.48       -42.1    -20.10
  2  0.1000    -20            10.68    18.12    21.33       -40.1    -20.10
  3  0.1333    -18             9.39    16.94    20.35       -38.1    -20.10
  4  0.2000    -16             8.10    15.72    19.27       -36.1    -20.10
  5  0.2667    -14             6.78    14.48    18.12       -34.1    -20.10
  6  0.3000    -12             5.46    13.22    16.94       -32.1    -20.10
  7  0.3333    -10             4.11    11.95    15.72       -30.1    -20.10
  8  0.4000    -8              2.73    10.68    14.48       -28.1    -20.10
  9  0.4667    -6              1.34     9.39    13.23       -26.1    -20.10
 10  0.5000    -4             -0.00     8.09    11.96       -24.1    -20.10
 11  0.5333    -2             -0.00     6.78    10.68       -22.1    -20.10
 12  0.6000    0              -0.00     5.46     9.39       -20.1    -20.10
 13  0.6667    2              -0.00     4.11     8.10       -18.1    -20.10
 14  0.7000    4              -0.00     2.73     6.79       -16.1    -20.10
 15  0.7333    6              -0.00     1.34     5.46       -14.1    -20.10
 16  0.8000    8              -0.00    -0.00     4.11       -12.2    -20.20
 17  0.8667    10             -0.00    -0.00     2.73       -10.2    -20.20
 18  0.9000    12             -0.00    -0.00     1.34        -8.1    -20.10
 19  0.9333    14             -0.00    -0.00    -0.00        -6.1    -20.10
 20  1.0000    16             -0.00    -0.00    -0.00        -4.1    -20.10

1 MAP:             certified | sense lower_is_harder | engage -60.00:none -58.00:none -56.00:none -54.00:none -52.00:none -50.00:none -48.00:none -46.00:none -44.00:none -42.00:0 -40.00:1 -38.00:2 -36.00:3 -34.00:4 -32.00:5 -30.00:6 -28.00:7 -26.00:8 -24.00:9 -22.00:10 -20.00:11 -18.00:12 -16.00:13 -14.00:14 -12.00:15 -10.00:16 -8.00:17 -6.00:18 -4.00:19 -2.00:20 0.00:20
2 engage drift:    0.05  -10.00:19.21  -12.00:19.20  -14.00:19.21  -16.00:19.21  -18.00:19.20  -2.00:19.21  -20.00:19.21  -22.00:19.21  -24.00:19.20  -26.00:19.21  -28.00:19.21  -30.00:19.21  -32.00:19.20  -34.00:19.21  -36.00:19.21  -38.00:19.20  -4.00:19.20  -40.00:19.21  -42.00:19.26  -44.00:null  -46.00:null  -48.00:null  -50.00:null  -52.00:null  -54.00:null  -56.00:null  -58.00:null  -6.00:19.21  -60.00:null  -8.00:19.21  0.00:19.26   (primary; displayLinear unset until the population decides)
   offset IQR:      0.00 dB over 21 positions (min -20.20, max -20.10)
3 displayOffsetDb: -20.10  (outside spec 7's 2 dB bar)
fixture: AudioUnit_5a5f747d_15.0.70.rederived.json
  -> needs_review: export written (derive-only: the tone check was not run, nothing loaded); would be tone-checked by the follow-up

=== tone checks: Lindell 354E
  no measured rule: 3 candidates, 2 certified: no channel pair, no master, no Main/Aux
CANDIDATE [6] Low Threshold - re-derived
host: EJ Map 0.1.0 / arm64 / 48k (native)
threshold: [6] Low Threshold unit 'dB' (class bands_or_stages) | positions 16 (16 evenly spaced), one process each, levels quiet to loud
links as instantiated (recorded, not written): [34] Link = 'Off'
ratio: 3 controls hold the ratio role | auto make-up disabled: no
default-threshold reference ('-4.0dB', spec 4.7 check only):  -60.00 out-in 2.28  -58.00 out-in 2.28  -56.00 out-in 2.28  -54.00 out-in 2.28  -52.00 out-in 2.28  -50.00 out-in 2.28  -48.00 out-in 2.28  -46.00 out-in 2.28  -44.00 out-in 2.28  -42.00 out-in 2.28  -40.00 out-in 2.28  -38.00 out-in 2.28  -36.00 out-in 2.28  -34.00 out-in 2.28  -32.00 out-in 2.28  -30.00 out-in 2.28  -28.00 out-in 2.28  -26.00 out-in 2.28  -24.00 out-in 2.24  -22.00 out-in 0.87  -20.00 out-in -0.32  -18.00 out-in -1.08  -16.00 out-in -1.68  -14.00 out-in -2.42  -12.00 out-in -3.33  -10.00 out-in -4.36  -8.00 out-in -5.64  -6.00 out-in -6.93  -4.00 out-in -8.22  -2.00 out-in -9.53  0.00 out-in -10.88  (default gain is information only)
linear reference: each position's own gain at its quiet rung's upper level, checked against the lower (must differ by 6 dB within 0.1): -0.00 -0.00 -0.00 -0.00 -0.00 -0.00 -0.00 -0.00 -0.00 -0.00 -0.00 -0.00 -0.00 -0.00 -0.00 -0.00
reference ladder: 0 position(s) below the first rung
writes landed by: instack 16
write verify: 16 landed, 0 write_unlanded (skipped), in-stack read already matched on 16 of 16, pump slices total 16, longest confirm 2.6 ms, re-rendered 0
hold doubled at positions: none
still moving AFTER doubling (reading not used): none

pos   norm      display        red@-24  red@-12  red@-6    T(peak)   T-display
  0  0.0000    -20.0dB         0.12     5.89     9.50          --          
  1  0.0667    -18.0dB         0.05     5.88     9.49          --          
  2  0.1333    -16.0dB         0.04     5.87     9.48          --          
  3  0.2000    -14.0dB         0.04     5.85     9.46          --          
  4  0.2667    -12.0dB         0.04     5.83     9.43          --          
  5  0.3333    -10.0dB         0.04     5.80     9.38          --          
  6  0.4000    -8.0dB          0.04     5.74     9.33          --          
  7  0.4667    -6.0dB          0.04     5.63     9.28          --          
  8  0.5333    -4.0dB          0.04     5.61     9.21          --          
  9  0.6000    -2.0dB          0.04     5.61     9.07          --          
 10  0.6667    0.0dB           0.04     5.61     8.79          --          
 11  0.7333    2.0dB           0.04     5.61     8.76          --          
 12  0.8000    4.0dB           0.04     5.61     8.76          --          
 13  0.8667    6.0dB           0.04     5.61     8.76          --          
 14  0.9333    8.0dB           0.04     5.61     8.76          --          
 15  1.0000    10.0dB          0.04     5.61     8.76          --          

1 MAP:             certified (ratio unknown (no ratio control): no dB-equivalent map) | sense lower_is_harder | engage -60.00:none -58.00:none -56.00:none -54.00:none -52.00:none -50.00:none -48.00:none -46.00:none -44.00:none -42.00:none -40.00:none -38.00:none -36.00:none -34.00:none -32.00:none -30.00:none -28.00:none -26.00:none -24.00:none -22.00:15 -20.00:15 -18.00:15 -16.00:15 -14.00:15 -12.00:15 -10.00:15 -8.00:15 -6.00:15 -4.00:15 -2.00:15 0.00:15
2 engage drift:    null  -10.00:null  -12.00:null  -14.00:null  -16.00:null  -18.00:null  -2.00:null  -20.00:null  -22.00:null  -24.00:null  -26.00:null  -28.00:null  -30.00:null  -32.00:null  -34.00:null  -36.00:null  -38.00:null  -4.00:null  -40.00:null  -42.00:null  -44.00:null  -46.00:null  -48.00:null  -50.00:null  -52.00:null  -54.00:null  -56.00:null  -58.00:null  -6.00:null  -60.00:null  -8.00:null  0.00:null   (primary; displayLinear unset until the population decides)
   offset IQR:      null
3 displayOffsetDb: null
fixture: AudioUnit_6f457234_1.0.4.rederived.json

CANDIDATE [15] Mid Threshold - re-derived
host: EJ Map 0.1.0 / arm64 / 48k (native)
threshold: [15] Mid Threshold unit 'dB' (class bands_or_stages) | positions 16 (16 evenly spaced), one process each, levels quiet to loud
links as instantiated (recorded, not written): [34] Link = 'Off'
ratio: 3 controls hold the ratio role | auto make-up disabled: no
default-threshold reference ('-4.0dB', spec 4.7 check only):  -60.00 out-in 2.28  -58.00 out-in 2.28  -56.00 out-in 2.28  -54.00 out-in 2.28  -52.00 out-in 2.28  -50.00 out-in 2.28  -48.00 out-in 2.28  -46.00 out-in 2.28  -44.00 out-in 2.28  -42.00 out-in 2.28  -40.00 out-in 2.28  -38.00 out-in 2.28  -36.00 out-in 2.28  -34.00 out-in 2.28  -32.00 out-in 2.28  -30.00 out-in 2.28  -28.00 out-in 2.28  -26.00 out-in 2.28  -24.00 out-in 2.24  -22.00 out-in 0.87  -20.00 out-in -0.32  -18.00 out-in -1.08  -16.00 out-in -1.68  -14.00 out-in -2.42  -12.00 out-in -3.33  -10.00 out-in -4.36  -8.00 out-in -5.64  -6.00 out-in -6.93  -4.00 out-in -8.22  -2.00 out-in -9.53  0.00 out-in -10.88  (default gain is information only)
linear reference: each position's own gain at its quiet rung's upper level, checked against the lower (must differ by 6 dB within 0.1): -0.00 -0.00 -0.00 -0.00 -0.00 -0.00 -0.00 -0.00 -0.00 -0.00 -0.00 -0.00 -0.00 -0.00 -0.00 -0.00
reference ladder: 0 position(s) below the first rung
writes landed by: instack 16
write verify: 16 landed, 0 write_unlanded (skipped), in-stack read already matched on 16 of 16, pump slices total 16, longest confirm 2.5 ms, re-rendered 0
hold doubled at positions: none
still moving AFTER doubling (reading not used): none

pos   norm      display        red@-24  red@-12  red@-6    T(peak)   T-display
  0  0.0000    -20.0dB         7.71    14.46    18.46          --          
  1  0.0667    -18.0dB         6.63    13.38    17.41          --          
  2  0.1333    -16.0dB         5.61    12.27    16.32          --          
  3  0.2000    -14.0dB         4.70    11.13    15.18          --          
  4  0.2667    -12.0dB         3.96     9.99    14.02          --          
  5  0.3333    -10.0dB         3.37     8.84    12.83          --          
  6  0.4000    -8.0dB          2.61     7.71    11.62          --          
  7  0.4667    -6.0dB          1.42     6.63    10.41          --          
  8  0.5333    -4.0dB          0.04     5.61     9.21          --          
  9  0.6000    -2.0dB         -0.00     4.70     8.04          --          
 10  0.6667    0.0dB          -0.00     3.96     6.91          --          
 11  0.7333    2.0dB          -0.00     3.37     5.87          --          
 12  0.8000    4.0dB          -0.00     2.60     4.93          --          
 13  0.8667    6.0dB          -0.00     1.42     4.17          --          
 14  0.9333    8.0dB          -0.00     0.04     3.56          --          
 15  1.0000    10.0dB         -0.00    -0.00     2.78          --          

1 MAP:             certified (ratio unknown (no ratio control): no dB-equivalent map) | sense lower_is_harder | engage -60.00:none -58.00:none -56.00:none -54.00:none -52.00:none -50.00:none -48.00:none -46.00:none -44.00:none -42.00:none -40.00:none -38.00:0 -36.00:1 -34.00:2 -32.00:3 -30.00:4 -28.00:5 -26.00:6 -24.00:7 -22.00:8 -20.00:9 -18.00:10 -16.00:11 -14.00:12 -12.00:13 -10.00:14 -8.00:15 -6.00:15 -4.00:15 -2.00:15 0.00:15
2 engage drift:    4.88  -10.00:19.56  -12.00:19.54  -14.00:19.55  -16.00:19.55  -18.00:19.54  -2.00:21.72  -20.00:19.55  -22.00:19.55  -24.00:19.54  -26.00:19.55  -28.00:19.55  -30.00:19.55  -32.00:19.54  -34.00:19.55  -36.00:19.55  -38.00:19.33  -4.00:24.22  -40.00:null  -42.00:null  -44.00:null  -46.00:null  -48.00:null  -50.00:null  -52.00:null  -54.00:null  -56.00:null  -58.00:null  -6.00:21.88  -60.00:null  -8.00:19.69  0.00:19.59   (primary; displayLinear unset until the population decides)
   offset IQR:      null
3 displayOffsetDb: null
fixture: AudioUnit_6f457234_1.0.4.rederived.json

CANDIDATE [24] High Threshold - re-derived
host: EJ Map 0.1.0 / arm64 / 48k (native)
threshold: [24] High Threshold unit 'dB' (class bands_or_stages) | positions 16 (16 evenly spaced), one process each, levels quiet to loud
links as instantiated (recorded, not written): [34] Link = 'Off'
ratio: 3 controls hold the ratio role | auto make-up disabled: no
default-threshold reference ('-4.0dB', spec 4.7 check only):  -60.00 out-in 2.28  -58.00 out-in 2.28  -56.00 out-in 2.28  -54.00 out-in 2.28  -52.00 out-in 2.28  -50.00 out-in 2.28  -48.00 out-in 2.28  -46.00 out-in 2.28  -44.00 out-in 2.28  -42.00 out-in 2.28  -40.00 out-in 2.28  -38.00 out-in 2.28  -36.00 out-in 2.28  -34.00 out-in 2.28  -32.00 out-in 2.28  -30.00 out-in 2.28  -28.00 out-in 2.28  -26.00 out-in 2.28  -24.00 out-in 2.24  -22.00 out-in 0.87  -20.00 out-in -0.32  -18.00 out-in -1.08  -16.00 out-in -1.68  -14.00 out-in -2.42  -12.00 out-in -3.33  -10.00 out-in -4.36  -8.00 out-in -5.64  -6.00 out-in -6.93  -4.00 out-in -8.22  -2.00 out-in -9.53  0.00 out-in -10.88  (default gain is information only)
linear reference: each position's own gain at its quiet rung's upper level, checked against the lower (must differ by 6 dB within 0.1): -0.00 -0.00 -0.00 -0.00 -0.00 -0.00 -0.00 -0.00 -0.00 -0.00 -0.00 -0.00 -0.00 -0.00 -0.00 -0.00
reference ladder: 0 position(s) below the first rung
writes landed by: instack 16
write verify: 16 landed, 0 write_unlanded (skipped), in-stack read already matched on 16 of 16, pump slices total 16, longest confirm 2.6 ms, re-rendered 0
hold doubled at positions: none
still moving AFTER doubling (reading not used): none

pos   norm      display        red@-24  red@-12  red@-6    T(peak)   T-display
  0  0.0000    -20.0dB         0.04     5.44     8.98          --          
  1  0.0667    -18.0dB         0.04     5.47     9.02          --          
  2  0.1333    -16.0dB         0.04     5.51     9.07          --          
  3  0.2000    -14.0dB         0.04     5.53     9.12          --          
  4  0.2667    -12.0dB         0.04     5.55     9.16          --          
  5  0.3333    -10.0dB         0.04     5.57     9.18          --          
  6  0.4000    -8.0dB          0.04     5.60     9.20          --          
  7  0.4667    -6.0dB          0.04     5.61     9.21          --          
  8  0.5333    -4.0dB          0.04     5.61     9.21          --          
  9  0.6000    -2.0dB          0.04     5.61     9.19          --          
 10  0.6667    0.0dB           0.04     5.61     9.09          --          
 11  0.7333    2.0dB           0.04     5.61     9.08          --          
 12  0.8000    4.0dB           0.04     5.61     9.08          --          
 13  0.8667    6.0dB           0.04     5.61     9.08          --          
 14  0.9333    8.0dB           0.04     5.61     9.08          --          
 15  1.0000    10.0dB          0.04     5.61     9.08          --          

1 MAP:             flat (no two positions differ by more than 1 dB at any test level) | sense -- | engage -60.00:none -58.00:none -56.00:none -54.00:none -52.00:none -50.00:none -48.00:none -46.00:none -44.00:none -42.00:none -40.00:none -38.00:none -36.00:none -34.00:none -32.00:none -30.00:none -28.00:none -26.00:none -24.00:none -22.00:none -20.00:none -18.00:none -16.00:none -14.00:none -12.00:none -10.00:none -8.00:none -6.00:none -4.00:none -2.00:none 0.00:none
2 engage drift:    null  (not a dB display)   (primary; displayLinear unset until the population decides)
   offset IQR:      null
3 displayOffsetDb: null
fixture: AudioUnit_6f457234_1.0.4.rederived.json

  -> multiband: multiband: profiling not built yet (Low, Mid, High; 3 threshold candidates)

=== tone checks: DPR-402 (s)
  linked_pair: linked pair 'Threshold' (measured, not by label): both certified; their 2 dB curves agree within 0.00 dB over 24 common positions; in the first's own sweep both output channels agree within 0.00 dB over 1820 readings. 'Threshold L/M' is the amount; 'Threshold R/S' and every link/mode control stay at their instantiate values (neutral)
CANDIDATE [6] Threshold L/M - re-derived
host: EJ Map 0.1.0 / arm64 / 48k (native)
threshold: [6] Threshold L/M unit 'dB' (class bands_or_stages) | positions 16 (16 evenly spaced), one process each, levels quiet to loud
ratio: 2 controls hold the ratio role | auto make-up disabled: no
default-threshold reference ('Out', spec 4.7 check only):  -60.00 out-in -0.00  -58.00 out-in -0.00  -56.00 out-in -0.00  -54.00 out-in -0.00  -52.00 out-in -0.00  -50.00 out-in -0.00  -48.00 out-in -0.00  -46.00 out-in -0.00  -44.00 out-in -0.00  -42.00 out-in -0.00  -40.00 out-in -0.00  -38.00 out-in -0.00  -36.00 out-in -0.00  -34.00 out-in -0.00  -32.00 out-in -0.00  -30.00 out-in -0.00  -28.00 out-in -0.00  -26.00 out-in -0.00  -24.00 out-in -0.00  -22.00 out-in -0.00  -20.00 out-in -0.00  -18.00 out-in -0.00  -16.00 out-in -0.00  -14.00 out-in -0.00  -12.00 out-in -0.00  -10.00 out-in -0.00  -8.00 out-in -0.00  -6.00 out-in -0.00  -4.00 out-in -0.00  -2.00 out-in -0.00  0.00 out-in -0.00  (default gain is information only)
linear reference: each position's own gain at its quiet rung's upper level, checked against the lower (must differ by 6 dB within 0.1): -0.00 -0.00 -0.00 -0.00 -0.00 0.00 0.00 0.00 0.00 0.00 0.00 0.00 0.00 0.00 0.00 0.00 0.00 0.00 0.00 0.00 0.00 0.00 0.00 0.00 0.00 0.00
reference ladder: 5 position(s) below the first rung (0@-60 1@-60 2@-60 3@-60 4@-60)
writes landed by: instack 1 pump 25
write verify: 26 landed, 0 write_unlanded (skipped), in-stack read already matched on 1 of 26, pump slices total 92, longest confirm 28.2 ms, re-rendered 0
hold doubled at positions: none
still moving AFTER doubling (reading not used): none

pos   norm      display        red@-24  red@-12  red@-6    T(peak)   T-display
  0  0.0000    -50.0 dB       20.11    24.28    24.40          --          
  1  0.0667    -46.7 dB       19.80    24.27    24.40          --          
  2  0.1333    -43.3 dB       18.02    24.19    24.35          --          
  3  0.2000    -40.0 dB       15.30    23.99    24.29          --          
  4  0.2167    -39.2 dB       13.93    23.81    24.25          --          
  5  0.2333    -38.3 dB       12.74    23.40    24.19          --          
  6  0.2667    -36.7 dB       10.88    21.54    24.06          --          
  7  0.3000    -35.0 dB        9.48    19.67    23.86          --          
  8  0.3333    -33.3 dB        7.19    17.09    22.69          --          
  9  0.3667    -31.7 dB        5.99    15.15    20.59          --          
 10  0.4000    -30.0 dB        4.71    13.35    18.81          --          
 11  0.4333    -28.3 dB        3.49    11.75    16.87          --          
 12  0.4667    -26.7 dB        2.76    10.41    15.31          --          
 13  0.5000    -25.0 dB        1.67     8.99    13.69          --          
 14  0.5333    -23.3 dB        1.22     7.64    12.47          --          
 15  0.5667    -21.7 dB        0.83     6.71    11.02          --          
 16  0.6000    -20.0 dB        0.47     5.57     9.76          --          
 17  0.6333    -18.3 dB        0.41     4.72     8.71          --          
 18  0.6667    -16.7 dB        0.00     3.85     7.54          --          
 19  0.7333    -13.3 dB        0.00     2.31     5.64          --          
 20  0.7667    -11.7 dB        0.00     1.51     4.66          --          
 21  0.8000    -10.0 dB        0.00     1.03     3.46          --          
 22  0.8333    -8.3 dB         0.00     0.55     2.58          --          
 23  0.8667    -6.7 dB         0.00     0.09     1.43          --          
 24  0.9333    -3.3 dB         0.00     0.00     0.00          --          
 25  1.0000    Out             0.00     0.00     0.00          --          

1 MAP:             certified (ratio unknown (no ratio control): no dB-equivalent map) | sense lower_is_harder | engage -60.00:none -58.00:none -56.00:none -54.00:none -52.00:1 -50.00:2 -48.00:3 -46.00:4 -44.00:5 -42.00:6 -40.00:7 -38.00:8 -36.00:9 -34.00:10 -32.00:11 -30.00:12 -28.00:13 -26.00:14 -24.00:15 -22.00:17 -20.00:18 -18.00:18 -16.00:20 -14.00:21 -12.00:22 -10.00:22 -8.00:23 -6.00:23 -4.00:23 -2.00:24 0.00:24
2 engage drift:    21.78  -10.00:3.60  -12.00:3.89  -14.00:4.18  -16.00:4.51  -18.00:4.47  -2.00:-1.03  -20.00:4.24  -22.00:4.08  -24.00:3.69  -26.00:3.67  -28.00:3.58  -30.00:3.71  -32.00:3.92  -34.00:4.23  -36.00:4.51  -38.00:4.98  -4.00:0.07  -40.00:6.09  -42.00:6.14  -44.00:6.53  -46.00:7.23  -48.00:8.52  -50.00:8.80  -52.00:19.19  -54.00:null  -56.00:null  -58.00:null  -6.00:0.59  -60.00:null  -8.00:2.57  0.00:-2.59   (primary; displayLinear unset until the population decides)
   offset IQR:      null
3 displayOffsetDb: null
fixture: AudioUnit_4842637d_15.0.70.rederived.json

CANDIDATE [7] Threshold R/S - re-derived
host: EJ Map 0.1.0 / arm64 / 48k (native)
threshold: [7] Threshold R/S unit 'dB' (class bands_or_stages) | positions 16 (16 evenly spaced), one process each, levels quiet to loud
ratio: 2 controls hold the ratio role | auto make-up disabled: no
default-threshold reference ('Out', spec 4.7 check only):  -60.00 out-in -0.00  -58.00 out-in -0.00  -56.00 out-in -0.00  -54.00 out-in -0.00  -52.00 out-in -0.00  -50.00 out-in -0.00  -48.00 out-in -0.00  -46.00 out-in -0.00  -44.00 out-in -0.00  -42.00 out-in -0.00  -40.00 out-in -0.00  -38.00 out-in -0.00  -36.00 out-in -0.00  -34.00 out-in -0.00  -32.00 out-in -0.00  -30.00 out-in -0.00  -28.00 out-in -0.00  -26.00 out-in -0.00  -24.00 out-in -0.00  -22.00 out-in -0.00  -20.00 out-in -0.00  -18.00 out-in -0.00  -16.00 out-in -0.00  -14.00 out-in -0.00  -12.00 out-in -0.00  -10.00 out-in -0.00  -8.00 out-in -0.00  -6.00 out-in -0.00  -4.00 out-in -0.00  -2.00 out-in -0.00  0.00 out-in -0.00  (default gain is information only)
linear reference: each position's own gain at its quiet rung's upper level, checked against the lower (must differ by 6 dB within 0.1): -0.00 -0.00 -0.00 -0.00 -0.00 0.00 0.00 0.00 0.00 0.00 0.00 0.00 0.00 0.00 0.00 0.00 0.00 0.00 0.00 0.00 0.00 0.00 0.00 0.00 0.00 0.00
reference ladder: 5 position(s) below the first rung (0@-60 1@-60 2@-60 3@-60 4@-60)
writes landed by: instack 1 pump 25
write verify: 26 landed, 0 write_unlanded (skipped), in-stack read already matched on 1 of 26, pump slices total 106, longest confirm 30.8 ms, re-rendered 0
hold doubled at positions: none
still moving AFTER doubling (reading not used): none

pos   norm      display        red@-24  red@-12  red@-6    T(peak)   T-display
  0  0.0000    -50.0 dB       20.11    24.28    24.40          --          
  1  0.0667    -46.7 dB       19.80    24.27    24.40          --          
  2  0.1333    -43.3 dB       18.02    24.19    24.35          --          
  3  0.2000    -40.0 dB       15.30    23.99    24.29          --          
  4  0.2167    -39.2 dB       13.93    23.81    24.25          --          
  5  0.2333    -38.3 dB       12.74    23.40    24.19          --          
  6  0.2667    -36.7 dB       10.88    21.54    24.06          --          
  7  0.3000    -35.0 dB        9.48    19.67    23.86          --          
  8  0.3333    -33.3 dB        7.19    17.09    22.69          --          
  9  0.3667    -31.7 dB        5.99    15.15    20.59          --          
 10  0.4000    -30.0 dB        4.71    13.35    18.81          --          
 11  0.4333    -28.3 dB        3.49    11.75    16.87          --          
 12  0.4667    -26.7 dB        2.76    10.41    15.31          --          
 13  0.5000    -25.0 dB        1.67     8.99    13.69          --          
 14  0.5333    -23.3 dB        1.22     7.64    12.47          --          
 15  0.5667    -21.7 dB        0.83     6.71    11.02          --          
 16  0.6000    -20.0 dB        0.47     5.57     9.76          --          
 17  0.6333    -18.3 dB        0.41     4.72     8.71          --          
 18  0.6667    -16.7 dB        0.00     3.85     7.54          --          
 19  0.7333    -13.3 dB        0.00     2.31     5.64          --          
 20  0.7667    -11.7 dB        0.00     1.51     4.66          --          
 21  0.8000    -10.0 dB        0.00     1.03     3.46          --          
 22  0.8333    -8.3 dB         0.00     0.55     2.58          --          
 23  0.8667    -6.7 dB         0.00     0.09     1.43          --          
 24  0.9333    -3.3 dB         0.00     0.00     0.00          --          
 25  1.0000    Out             0.00     0.00     0.00          --          

1 MAP:             certified (ratio unknown (no ratio control): no dB-equivalent map) | sense lower_is_harder | engage -60.00:none -58.00:none -56.00:none -54.00:none -52.00:1 -50.00:2 -48.00:3 -46.00:4 -44.00:5 -42.00:6 -40.00:7 -38.00:8 -36.00:9 -34.00:10 -32.00:11 -30.00:12 -28.00:13 -26.00:14 -24.00:15 -22.00:17 -20.00:18 -18.00:18 -16.00:20 -14.00:21 -12.00:22 -10.00:22 -8.00:23 -6.00:23 -4.00:23 -2.00:24 0.00:24
2 engage drift:    21.78  -10.00:3.60  -12.00:3.89  -14.00:4.18  -16.00:4.51  -18.00:4.47  -2.00:-1.03  -20.00:4.24  -22.00:4.08  -24.00:3.69  -26.00:3.67  -28.00:3.58  -30.00:3.71  -32.00:3.92  -34.00:4.23  -36.00:4.51  -38.00:4.98  -4.00:0.07  -40.00:6.09  -42.00:6.14  -44.00:6.53  -46.00:7.23  -48.00:8.52  -50.00:8.80  -52.00:19.19  -54.00:null  -56.00:null  -58.00:null  -6.00:0.59  -60.00:null  -8.00:2.57  0.00:-2.59   (primary; displayLinear unset until the population decides)
   offset IQR:      null
3 displayOffsetDb: null
fixture: AudioUnit_4842637d_15.0.70.rederived.json

  -> needs_review: would export in the follow-up: the pick needs its detector measured (one load) and the tone check (derive-only ran neither)

=== tone checks: C4 (m)
  no measured rule: 4 candidates, 1 certified: no channel pair, no master, no Main/Aux
CANDIDATE [14] Band 1 Thresh - re-derived
host: EJ Map 0.1.0 / arm64 / 48k (native)
threshold: [14] Band 1 Thresh unit 'dB' (class bands_or_stages) | positions 16 (16 evenly spaced), one process each, levels quiet to loud
ratio: no control holds the ratio role | auto make-up disabled: no
default-threshold reference ('-27.0', spec 4.7 check only):  -60.00 out-in -0.00  -58.00 out-in -0.00  -56.00 out-in -0.00  -54.00 out-in -0.00  -52.00 out-in -0.01  -50.00 out-in -0.01  -48.00 out-in -0.01  -46.00 out-in -0.02  -44.00 out-in -0.03  -42.00 out-in -0.05  -40.00 out-in -0.07  -38.00 out-in -0.11  -36.00 out-in -0.16  -34.00 out-in -0.24  -32.00 out-in -0.34  -30.00 out-in -0.49  -28.00 out-in -0.68  -26.00 out-in -0.93  -24.00 out-in -1.23  -22.00 out-in -1.60  -20.00 out-in -2.03  -18.00 out-in -2.51  -16.00 out-in -3.03  -14.00 out-in -3.56  -12.00 out-in -4.09  -10.00 out-in -4.60  -8.00 out-in -5.08  -6.00 out-in -5.52  -4.00 out-in -5.91  -2.00 out-in -6.26  0.00 out-in -6.55  (default gain is information only)
linear reference: each position's own gain at its quiet rung's upper level, checked against the lower (must differ by 6 dB within 0.1): -0.01 -0.01 -0.01 -0.01 -0.01 -0.01 -0.01 -0.01 -0.01 -0.01 -0.01 -0.01 -0.01 -0.01 -0.01 -0.01
reference ladder: 0 position(s) below the first rung
writes landed by: instack 1 pump 15
write verify: 16 landed, 0 write_unlanded (skipped), in-stack read already matched on 1 of 16, pump slices total 152, longest confirm 30.6 ms, re-rendered 1
hold doubled at positions: none
still moving AFTER doubling (reading not used): none

pos   norm      display        red@-24  red@-12  red@-6    T(peak)   T-display
  0  0.0000    -80.0           1.22     4.08     5.51          --          
  1  0.0667    -74.7           1.22     4.08     5.51          --          
  2  0.1333    -69.3           1.22     4.08     5.51          --          
  3  0.2000    -64.0           1.22     4.08     5.51          --          
  4  0.2667    -58.7           1.22     4.08     5.51          --          
  5  0.3333    -53.3           1.22     4.08     5.51          --          
  6  0.4000    -48.0           1.22     4.08     5.51          --          
  7  0.4667    -42.7           1.22     4.08     5.51          --          
  8  0.5333    -37.3           1.22     4.08     5.51          --          
  9  0.6000    -32.0           1.22     4.08     5.51          --          
 10  0.6667    -27.0           1.22     4.08     5.51          --          
 11  0.7333    -21.3           1.22     4.08     5.51          --          
 12  0.8000    -16.0           1.22     4.08     5.51          --          
 13  0.8667    -10.7           1.22     4.08     5.51          --          
 14  0.9333    -5.3            1.22     4.08     5.51          --          
 15  1.0000    0.0             1.22     4.08     5.51          --          

1 MAP:             flat (no two positions differ by more than 1 dB at any test level) | sense -- | engage -60.00:none -58.00:none -56.00:none -54.00:none -52.00:none -50.00:none -48.00:none -46.00:none -44.00:none -42.00:none -40.00:none -38.00:none -36.00:none -34.00:none -32.00:none -30.00:none -28.00:none -26.00:none -24.00:none -22.00:none -20.00:none -18.00:none -16.00:none -14.00:none -12.00:none -10.00:none -8.00:none -6.00:none -4.00:none -2.00:none 0.00:none
2 engage drift:    null  (not a dB display)   (primary; displayLinear unset until the population decides)
   offset IQR:      null
3 displayOffsetDb: null
fixture: AudioUnit_4e436063_15.0.70.rederived.json

CANDIDATE [21] Band 2 Thresh - re-derived
host: EJ Map 0.1.0 / arm64 / 48k (native)
threshold: [21] Band 2 Thresh unit 'dB' (class bands_or_stages) | positions 16 (16 evenly spaced), one process each, levels quiet to loud
ratio: no control holds the ratio role | auto make-up disabled: no
default-threshold reference ('-19.2', spec 4.7 check only):  -60.00 out-in -0.00  -58.00 out-in -0.00  -56.00 out-in -0.00  -54.00 out-in -0.00  -52.00 out-in -0.01  -50.00 out-in -0.01  -48.00 out-in -0.01  -46.00 out-in -0.02  -44.00 out-in -0.03  -42.00 out-in -0.05  -40.00 out-in -0.07  -38.00 out-in -0.11  -36.00 out-in -0.16  -34.00 out-in -0.24  -32.00 out-in -0.34  -30.00 out-in -0.49  -28.00 out-in -0.68  -26.00 out-in -0.93  -24.00 out-in -1.23  -22.00 out-in -1.60  -20.00 out-in -2.03  -18.00 out-in -2.51  -16.00 out-in -3.03  -14.00 out-in -3.56  -12.00 out-in -4.09  -10.00 out-in -4.60  -8.00 out-in -5.08  -6.00 out-in -5.52  -4.00 out-in -5.91  -2.00 out-in -6.26  0.00 out-in -6.55  (default gain is information only)
linear reference: each position's own gain at its quiet rung's upper level, checked against the lower (must differ by 6 dB within 0.1): -0.81 -0.41 -0.17 -0.06 -0.02 -0.01 -0.01 -0.08 -0.05 -0.03 -0.02 -0.01 -0.06 -0.03 -0.02 -0.01 -0.01 -0.08 -0.05 -0.03 -0.02 -0.01 -0.01 -0.00 -0.00 -0.00 -0.00 -0.00 -0.00
reference ladder: 14 position(s) below the first rung (3@-84 4@-84 5@-84 6@-84 7@-72 8@-72 9@-72 10@-72 11@-72 12@-60 13@-60 14@-60 15@-60 16@-60)
writes landed by: pump 29
write verify: 29 landed, 0 write_unlanded (skipped), in-stack read already matched on 0 of 29, pump slices total 318, longest confirm 30.6 ms, re-rendered 0
hold doubled at positions: none
still moving AFTER doubling (reading not used): none

pos   norm      display        red@-24  red@-12  red@-6    T(peak)   T-display
  0  0.0000    -80.0             --       --       --          --          
  1  0.0667    -74.7             --       --       --          --          
  2  0.1333    -69.3             --       --       --          --          
  3  0.2000    -64.0           7.39     7.50     7.57          --          
  4  0.2667    -58.7           7.35     7.54     7.61          --          
  5  0.3000    -56.0           7.29     7.53     7.62          --          
  6  0.3167    -54.7           7.24     7.52     7.61          --          
  7  0.3333    -53.3           7.09     7.40     7.50          --          
  8  0.3667    -50.7           7.00     7.42     7.53          --          
  9  0.4000    -48.0           6.85     7.40     7.54          --          
 10  0.4333    -45.3           6.63     7.35     7.52          --          
 11  0.4667    -42.7           6.34     7.27     7.48          --          
 12  0.5000    -40.0           5.88     7.08     7.35          --          
 13  0.5333    -37.3           5.43     6.96     7.31          --          
 14  0.5667    -34.7           4.90     6.78     7.22          --          
 15  0.6000    -32.0           4.26     6.52     7.08          --          
 16  0.6167    -30.7           3.93     6.37     7.00          --          
 17  0.6333    -29.3           3.46     6.07     6.79          --          
 18  0.6667    -26.7           2.82     5.70     6.59          --          
 19  0.7000    -24.0           2.18     5.20     6.29          --          
 20  0.7333    -21.3           1.60     4.60     5.89          --          
 21  0.7667    -18.7           1.14     3.95     5.41          --          
 22  0.8000    -16.0           0.77     3.24     4.81          --          
 23  0.8333    -13.3           0.49     2.55     4.15          --          
 24  0.8667    -10.7           0.31     1.93     3.46          --          
 25  0.9000    -8.0            0.19     1.39     2.75          --          
 26  0.9333    -5.3            0.11     0.95     2.10          --          
 27  0.9667    -2.7            0.07     0.64     1.54          --          
 28  1.0000    0.0             0.04     0.41     1.08          --          

1 MAP:             certified (ratio unknown (no ratio control): no dB-equivalent map) | sense lower_is_harder | engage -60.00:8 -58.00:9 -56.00:9 -54.00:10 -52.00:11 -50.00:11 -48.00:12 -46.00:13 -44.00:14 -42.00:15 -40.00:16 -38.00:17 -36.00:18 -34.00:19 -32.00:19 -30.00:20 -28.00:21 -26.00:22 -24.00:22 -22.00:23 -20.00:24 -18.00:25 -16.00:26 -14.00:26 -12.00:27 -10.00:28 -8.00:28 -6.00:28 -4.00:28 -2.00:28 0.00:28
2 engage drift:    3.58  -10.00:10.72  -12.00:10.46  -14.00:10.24  -16.00:10.74  -18.00:10.56  -2.00:7.80  -20.00:10.36  -22.00:10.18  -24.00:9.92  -26.00:10.47  -28.00:10.29  -30.00:10.08  -32.00:9.80  -34.00:10.21  -36.00:9.91  -38.00:9.11  -4.00:8.56  -40.00:10.36  -42.00:10.42  -44.00:10.20  -46.00:9.92  -48.00:9.12  -50.00:9.66  -52.00:10.27  -54.00:10.05  -56.00:9.80  -58.00:10.20  -6.00:9.36  -60.00:9.87  -8.00:10.13  0.00:7.16   (primary; displayLinear unset until the population decides)
   offset IQR:      null
3 displayOffsetDb: null
fixture: AudioUnit_4e436063_15.0.70.rederived.json

CANDIDATE [28] Band 3 Thresh - re-derived
host: EJ Map 0.1.0 / arm64 / 48k (native)
threshold: [28] Band 3 Thresh unit 'dB' (class bands_or_stages) | positions 16 (16 evenly spaced), one process each, levels quiet to loud
ratio: no control holds the ratio role | auto make-up disabled: no
default-threshold reference ('-30.1', spec 4.7 check only):  -60.00 out-in -0.00  -58.00 out-in -0.00  -56.00 out-in -0.00  -54.00 out-in -0.00  -52.00 out-in -0.01  -50.00 out-in -0.01  -48.00 out-in -0.01  -46.00 out-in -0.02  -44.00 out-in -0.03  -42.00 out-in -0.05  -40.00 out-in -0.07  -38.00 out-in -0.11  -36.00 out-in -0.16  -34.00 out-in -0.24  -32.00 out-in -0.34  -30.00 out-in -0.49  -28.00 out-in -0.68  -26.00 out-in -0.93  -24.00 out-in -1.23  -22.00 out-in -1.60  -20.00 out-in -2.03  -18.00 out-in -2.51  -16.00 out-in -3.03  -14.00 out-in -3.56  -12.00 out-in -4.09  -10.00 out-in -4.60  -8.00 out-in -5.08  -6.00 out-in -5.52  -4.00 out-in -5.91  -2.00 out-in -6.26  0.00 out-in -6.55  (default gain is information only)
linear reference: each position's own gain at its quiet rung's upper level, checked against the lower (must differ by 6 dB within 0.1): -0.05 -0.04 -0.03 -0.02 -0.01 -0.01 -0.01 -0.01 -0.01 -0.01 -0.01 -0.01 -0.01 -0.01 -0.01 -0.01
reference ladder: 0 position(s) below the first rung
writes landed by: pump 16
write verify: 16 landed, 0 write_unlanded (skipped), in-stack read already matched on 0 of 16, pump slices total 175, longest confirm 30.6 ms, re-rendered 0
hold doubled at positions: none
still moving AFTER doubling (reading not used): none

pos   norm      display        red@-24  red@-12  red@-6    T(peak)   T-display
  0  0.0000    -80.0           1.33     4.24     5.68          --          
  1  0.0667    -74.7           1.35     4.27     5.71          --          
  2  0.1333    -69.3           1.36     4.29     5.73          --          
  3  0.2000    -64.0           1.35     4.30     5.74          --          
  4  0.2667    -58.7           1.33     4.29     5.74          --          
  5  0.3333    -53.3           1.29     4.26     5.72          --          
  6  0.4000    -48.0           1.26     4.22     5.69          --          
  7  0.4667    -42.7           1.24     4.17     5.65          --          
  8  0.5333    -37.3           1.23     4.12     5.58          --          
  9  0.6000    -32.0           1.22     4.09     5.53          --          
 10  0.6667    -26.7           1.22     4.07     5.48          --          
 11  0.7333    -21.3           1.22     4.06     5.46          --          
 12  0.8000    -16.0           1.22     4.06     5.45          --          
 13  0.8667    -10.7           1.22     4.05     5.44          --          
 14  0.9333    -5.3            1.22     4.05     5.44          --          
 15  1.0000    0.0             1.22     4.05     5.44          --          

1 MAP:             flat (no two positions differ by more than 1 dB at any test level) | sense -- | engage -60.00:none -58.00:none -56.00:none -54.00:none -52.00:none -50.00:none -48.00:none -46.00:none -44.00:none -42.00:none -40.00:none -38.00:none -36.00:none -34.00:none -32.00:none -30.00:none -28.00:none -26.00:none -24.00:none -22.00:none -20.00:none -18.00:none -16.00:none -14.00:none -12.00:none -10.00:none -8.00:none -6.00:none -4.00:none -2.00:none 0.00:none
2 engage drift:    null  (not a dB display)   (primary; displayLinear unset until the population decides)
   offset IQR:      null
3 displayOffsetDb: null
fixture: AudioUnit_4e436063_15.0.70.rederived.json

CANDIDATE [35] Band 4 Thresh - re-derived
host: EJ Map 0.1.0 / arm64 / 48k (native)
threshold: [35] Band 4 Thresh unit 'dB' (class bands_or_stages) | positions 16 (16 evenly spaced), one process each, levels quiet to loud
ratio: no control holds the ratio role | auto make-up disabled: no
default-threshold reference ('-35.3', spec 4.7 check only):  -60.00 out-in -0.00  -58.00 out-in -0.00  -56.00 out-in -0.00  -54.00 out-in -0.00  -52.00 out-in -0.01  -50.00 out-in -0.01  -48.00 out-in -0.01  -46.00 out-in -0.02  -44.00 out-in -0.03  -42.00 out-in -0.05  -40.00 out-in -0.07  -38.00 out-in -0.11  -36.00 out-in -0.16  -34.00 out-in -0.24  -32.00 out-in -0.34  -30.00 out-in -0.49  -28.00 out-in -0.68  -26.00 out-in -0.93  -24.00 out-in -1.23  -22.00 out-in -1.60  -20.00 out-in -2.03  -18.00 out-in -2.51  -16.00 out-in -3.03  -14.00 out-in -3.56  -12.00 out-in -4.09  -10.00 out-in -4.60  -8.00 out-in -5.08  -6.00 out-in -5.52  -4.00 out-in -5.91  -2.00 out-in -6.26  0.00 out-in -6.55  (default gain is information only)
linear reference: each position's own gain at its quiet rung's upper level, checked against the lower (must differ by 6 dB within 0.1): -0.01 -0.01 -0.01 -0.01 -0.01 -0.01 -0.01 -0.01 -0.01 -0.01 -0.01 -0.01 -0.01 -0.01 -0.01 -0.01
reference ladder: 0 position(s) below the first rung
writes landed by: pump 16
write verify: 16 landed, 0 write_unlanded (skipped), in-stack read already matched on 0 of 16, pump slices total 162, longest confirm 30.4 ms, re-rendered 0
hold doubled at positions: none
still moving AFTER doubling (reading not used): none

pos   norm      display        red@-24  red@-12  red@-6    T(peak)   T-display
  0  0.0000    -80.0           1.22     4.08     5.51          --          
  1  0.0667    -74.7           1.22     4.08     5.51          --          
  2  0.1333    -69.3           1.22     4.08     5.51          --          
  3  0.2000    -64.0           1.22     4.08     5.51          --          
  4  0.2667    -58.7           1.22     4.08     5.51          --          
  5  0.3333    -53.3           1.22     4.08     5.51          --          
  6  0.4000    -48.0           1.22     4.08     5.51          --          
  7  0.4667    -42.7           1.22     4.08     5.51          --          
  8  0.5333    -37.3           1.22     4.08     5.51          --          
  9  0.6000    -32.0           1.22     4.08     5.51          --          
 10  0.6667    -26.7           1.22     4.08     5.51          --          
 11  0.7333    -21.3           1.22     4.08     5.51          --          
 12  0.8000    -16.0           1.22     4.08     5.51          --          
 13  0.8667    -10.7           1.22     4.08     5.51          --          
 14  0.9333    -5.3            1.22     4.08     5.51          --          
 15  1.0000    0.0             1.22     4.08     5.51          --          

1 MAP:             flat (no two positions differ by more than 1 dB at any test level) | sense -- | engage -60.00:none -58.00:none -56.00:none -54.00:none -52.00:none -50.00:none -48.00:none -46.00:none -44.00:none -42.00:none -40.00:none -38.00:none -36.00:none -34.00:none -32.00:none -30.00:none -28.00:none -26.00:none -24.00:none -22.00:none -20.00:none -18.00:none -16.00:none -14.00:none -12.00:none -10.00:none -8.00:none -6.00:none -4.00:none -2.00:none 0.00:none
2 engage drift:    null  (not a dB display)   (primary; displayLinear unset until the population decides)
   offset IQR:      null
3 displayOffsetDb: null
fixture: AudioUnit_4e436063_15.0.70.rederived.json

  -> multiband: multiband: profiling not built yet (Band 1, Band 2, Band 3, Band 4; 4 threshold candidates)

=== tone checks: SSL Native X-Comp v6
RE-DERIVED from traces (nothing measured) - SSL Native X-Comp v6 -> AudioUnit_61687275_6.6.7.rederived.json
host: EJ Map 0.1.0 / arm64 / 48k (native)
threshold: [4] Threshold unit '' (class single_threshold) | positions 16 (16 evenly spaced), one process each, levels quiet to loud
ratio: [3] ran at '4.00' -> 4 | auto make-up disabled: no
default-threshold reference ('12.0', spec 4.7 check only):  -60.00 out-in 0.56  -58.00 out-in 0.56  -56.00 out-in 0.56  -54.00 out-in 0.56  -52.00 out-in 0.56  -50.00 out-in 0.56  -48.00 out-in 0.56  -46.00 out-in 0.56  -44.00 out-in 0.56  -42.00 out-in 0.56  -40.00 out-in 0.56  -38.00 out-in 0.56  -36.00 out-in 0.56  -34.00 out-in 0.56  -32.00 out-in 0.56  -30.00 out-in 0.56  -28.00 out-in 0.56  -26.00 out-in 0.56  -24.00 out-in 0.56  -22.00 out-in 0.56  -20.00 out-in 0.56  -18.00 out-in 0.56  -16.00 out-in 0.56  -14.00 out-in 0.56  -12.00 out-in 0.56  -10.00 out-in 0.56  -8.00 out-in 0.56  -6.00 out-in 0.56  -4.00 out-in 0.56  -2.00 out-in 0.56  0.00 out-in 0.56  (default gain is information only)
linear reference: each position's own gain at its quiet rung's upper level, checked against the lower (must differ by 6 dB within 0.1): -0.00 -0.00 -0.00 -0.00 -0.00 -0.00 -0.00 -0.00 -0.00 -0.00 -0.00 -0.00 -0.00 -0.00 -0.00 -0.00 -0.00 -0.00 -0.00 -0.00 -0.00 -0.00 -0.00 -0.00 -0.00 -0.00 -0.00
reference ladder: 0 position(s) below the first rung
writes landed by: instack 27
write verify: 27 landed, 0 write_unlanded (skipped), in-stack read already matched on 27 of 27, pump slices total 27, longest confirm 3.1 ms, re-rendered 0
hold doubled at positions: none
still moving AFTER doubling (reading not used): none

pos   norm      display        red@-24  red@-12  red@-6    T(peak)   T-display
  0  0.0000    -48.0          17.13    26.13    30.63       -46.8          
  1  0.0333    -46.0          15.63    24.63    29.13       -44.8          
  2  0.0667    -44.0          14.13    23.13    27.63       -42.8          
  3  0.1000    -42.0          12.63    21.63    26.13       -40.8          
  4  0.1333    -40.0          11.13    20.13    24.63       -38.8          
  5  0.1667    -38.0           9.63    18.63    23.13       -36.8          
  6  0.2000    -36.0           8.13    17.13    21.63       -34.8          
  7  0.2333    -34.0           6.63    15.63    20.13       -32.8          
  8  0.2667    -32.0           5.13    14.13    18.63       -30.8          
  9  0.3000    -30.0           3.63    12.63    17.13       -28.8          
 10  0.3333    -28.0           2.13    11.13    15.63       -26.8          
 11  0.3667    -26.0           0.63     9.63    14.13       -24.8          
 12  0.4000    -24.0          -0.00     8.13    12.63       -22.8          
 13  0.4333    -22.0          -0.00     6.63    11.13       -20.8          
 14  0.4667    -20.0          -0.00     5.13     9.63       -18.8          
 15  0.5000    -18.0          -0.00     3.63     8.13       -16.8          
 16  0.5333    -16.0          -0.00     2.13     6.63       -14.8          
 17  0.5667    -14.0          -0.00     0.63     5.13       -12.8          
 18  0.6000    -12.0          -0.00    -0.00     3.63       -10.8          
 19  0.6333    -10.0          -0.00    -0.00     2.13        -8.8          
 20  0.6667    -8.0           -0.00    -0.00     0.63        -6.8          
 21  0.7000    -6.0           -0.00    -0.00    -0.00        -4.8          
 22  0.7333    -4.0           -0.00    -0.00    -0.00        -2.8          
 23  0.8000    0.0            -0.00    -0.00    -0.00   {"above": 0.0}          
 24  0.8667    4.0            -0.00    -0.00    -0.00   {"above": 0.0}          
 25  0.9333    8.0            -0.00    -0.00    -0.00   {"above": 0.0}          
 26  1.0000    12.0           -0.00    -0.00    -0.00   {"above": 0.0}          

1 MAP:             certified | sense lower_is_harder | engage -60.00:none -58.00:none -56.00:none -54.00:none -52.00:none -50.00:none -48.00:none -46.00:0 -44.00:1 -42.00:2 -40.00:3 -38.00:4 -36.00:5 -34.00:6 -32.00:7 -30.00:8 -28.00:9 -26.00:10 -24.00:11 -22.00:12 -20.00:13 -18.00:14 -16.00:15 -14.00:16 -12.00:17 -10.00:18 -8.00:19 -6.00:20 -4.00:21 -2.00:22 0.00:22
2 engage drift:    null  (not a dB display)   (primary; displayLinear unset until the population decides)
   offset IQR:      null
3 displayOffsetDb: null
fixture: AudioUnit_61687275_6.6.7.rederived.json
  -> needs_review: export written (derive-only: the tone check was not run, nothing loaded); would be tone-checked by the follow-up

=== tone checks: Renaissance Axx (s)
RE-DERIVED from traces (nothing measured) - Renaissance Axx (s) -> AudioUnit_5847697d_15.0.70.rederived.json
host: EJ Map 0.1.0 / arm64 / 48k (native)
threshold: [1] Threshold unit 'dB' (class single_threshold) | positions 16 (16 evenly spaced), one process each, levels quiet to loud
ratio: no control holds the ratio role | auto make-up disabled: no
default-threshold reference ('0.0', spec 4.7 check only):  -60.00 out-in 0.00  -58.00 out-in -0.00  -56.00 out-in 0.00  -54.00 out-in 0.00  -52.00 out-in -0.00  -50.00 out-in 0.00  -48.00 out-in -0.00  -46.00 out-in -0.00  -44.00 out-in 0.00  -42.00 out-in -0.00  -40.00 out-in 0.00  -38.00 out-in 0.00  -36.00 out-in -0.00  -34.00 out-in 0.00  -32.00 out-in 0.00  -30.00 out-in -0.00  -28.00 out-in 0.00  -26.00 out-in -0.00  -24.00 out-in -0.00  -22.00 out-in 0.00  -20.00 out-in -0.00  -18.00 out-in 0.00  -16.00 out-in 0.00  -14.00 out-in -0.00  -12.00 out-in 0.00  -10.00 out-in 0.00  -8.00 out-in -0.00  -6.00 out-in 0.00  -4.00 out-in -0.00  -2.00 out-in -0.00  0.00 out-in 0.00  (default gain is information only)
linear reference: each position's own gain at its quiet rung's upper level, checked against the lower (must differ by 6 dB within 0.1): -0.26 -0.17 -0.10 -0.07 -0.05 -0.04 -0.03 -0.03 -0.08 -0.07 -0.05 -0.04 -0.03 -0.03 -0.08 -0.06 -0.05 -0.04 -0.03 -0.09 -0.07 -0.05 -0.04 -0.03 -0.03 -0.02 -0.01 -0.01 -0.01 0.00
reference ladder: 16 position(s) below the first rung (3@-84 4@-84 5@-84 6@-84 7@-84 8@-72 9@-72 10@-72 11@-72 12@-72 13@-72 14@-60 15@-60 16@-60 17@-60 18@-60)
writes landed by: instack 1 pump 29
write verify: 30 landed, 0 write_unlanded (skipped), in-stack read already matched on 1 of 30, pump slices total 308, longest confirm 30.5 ms, re-rendered 0
hold doubled at positions: none
still moving AFTER doubling (reading not used): none

pos   norm      display        red@-24  red@-12  red@-6    T(peak)   T-display
  0  0.0000    -60.0             --       --       --          --          
  1  0.0667    -56.0             --       --       --          --          
  2  0.1333    -52.0             --       --       --          --          
  3  0.2000    -48.0          24.37    35.97    41.91          --          
  4  0.2333    -46.0          22.52    34.02    39.94          --          
  5  0.2667    -44.0          20.70    32.08    37.98          --          
  6  0.3000    -42.0          18.90    30.14    36.00          --          
  7  0.3333    -40.0          17.15    28.20    34.04          --          
  8  0.3667    -38.0          15.32    26.15    31.94          --          
  9  0.4000    -36.0          13.70    24.27    30.00          --          
 10  0.4333    -34.0          12.15    22.39    28.06          --          
 11  0.4667    -32.0          10.67    20.54    26.13          --          
 12  0.5000    -30.0           9.28    18.71    24.20          --          
 13  0.5333    -28.0           7.98    16.92    22.28          --          
 14  0.5667    -26.0           6.67    15.05    20.26          --          
 15  0.6000    -24.0           5.62    13.37    18.40          --          
 16  0.6333    -22.0           4.67    11.75    16.56          --          
 17  0.6667    -20.0           3.83    10.19    14.75          --          
 18  0.7000    -18.0           3.10     8.71    12.96          --          
 19  0.7333    -16.0           2.33     7.18    11.09          --          
 20  0.7667    -14.0           1.82     5.92     9.44          --          
 21  0.8000    -12.0           1.40     4.75     7.84          --          
 22  0.8333    -10.0           1.04     3.69     6.30          --          
 23  0.8500    -9.0            0.88     3.21     5.56          --          
 24  0.8667    -8.0            0.74     2.74     4.85          --          
 25  0.8889    -6.7            0.58     2.19     3.95          --          
 26  0.9111    -5.3            0.42     1.64     3.03          --          
 27  0.9222    -4.7            0.36     1.42     2.64          --          
 28  0.9333    -4.0            0.30     1.17     2.21          --          
 29  1.0000    0.0             0.00     0.00     0.00          --          

1 MAP:             certified (ratio unknown (no ratio control): no dB-equivalent map) | sense lower_is_harder | engage -60.00:7 -58.00:9 -56.00:10 -54.00:11 -52.00:12 -50.00:13 -48.00:13 -46.00:14 -44.00:16 -42.00:17 -40.00:18 -38.00:18 -36.00:19 -34.00:20 -32.00:21 -30.00:22 -28.00:23 -26.00:24 -24.00:25 -22.00:26 -20.00:27 -18.00:28 -16.00:28 -14.00:28 -12.00:28 -10.00:28 -8.00:28 -6.00:28 -4.00:28 -2.00:28 0.00:28
2 engage drift:    23.63  -10.00:8.24  -12.00:9.92  -14.00:11.54  -16.00:13.09  -18.00:14.53  -2.00:1.26  -20.00:15.79  -22.00:16.94  -24.00:17.91  -26.00:18.73  -28.00:19.45  -30.00:20.02  -32.00:20.30  -34.00:20.38  -36.00:20.13  -38.00:21.81  -4.00:3.02  -40.00:22.30  -42.00:22.30  -44.00:22.21  -46.00:20.80  -48.00:22.55  -50.00:23.13  -52.00:23.04  -54.00:22.86  -56.00:22.63  -58.00:22.30  -6.00:4.77  -60.00:22.83  -8.00:6.52  0.00:-0.50   (primary; displayLinear unset until the population decides)
   offset IQR:      null
3 displayOffsetDb: null
fixture: AudioUnit_5847697d_15.0.70.rederived.json
  -> needs_review: export written (derive-only: the tone check was not run, nothing loaded); would be tone-checked by the follow-up

=== tone checks: VBC FG-MU
  linked_pair: linked pair 'Threshold' (measured, not by label): both certified; their 2 dB curves agree within 0.00 dB over 18 common positions; in the first's own sweep both output channels agree within 0.02 dB over 1680 readings. 'Threshold Left' is the amount; 'Threshold Right' and every link/mode control stay at their instantiate values (neutral)
CANDIDATE [5] Threshold Left - re-derived
host: EJ Map 0.1.0 / arm64 / 48k (native)
threshold: [5] Threshold Left unit '' (class bands_or_stages) | positions 16 (16 evenly spaced), one process each, levels quiet to loud
ratio: no control holds the ratio role | auto make-up disabled: no
default-threshold reference ('-0.0', spec 4.7 check only):  -60.00 out-in 1.43  -58.00 out-in 1.43  -56.00 out-in 1.43  -54.00 out-in 1.43  -52.00 out-in 1.43  -50.00 out-in 1.43  -48.00 out-in 1.43  -46.00 out-in 1.43  -44.00 out-in 1.43  -42.00 out-in 1.43  -40.00 out-in 1.43  -38.00 out-in 1.43  -36.00 out-in 1.43  -34.00 out-in 1.43  -32.00 out-in 1.43  -30.00 out-in 1.43  -28.00 out-in 1.43  -26.00 out-in 1.43  -24.00 out-in 1.43  -22.00 out-in 1.42  -20.00 out-in 1.42  -18.00 out-in 1.41  -16.00 out-in 1.39  -14.00 out-in 1.37  -12.00 out-in 1.33  -10.00 out-in 1.28  -8.00 out-in 1.20  -6.00 out-in 1.08  -4.00 out-in 0.91  -2.00 out-in 0.68  0.00 out-in 0.34  (default gain is information only)
linear reference: each position's own gain at its quiet rung's upper level, checked against the lower (must differ by 6 dB within 0.1): -0.00 -0.00 -0.00 -0.00 -0.00 -0.00 -0.00 -0.00 -0.00 -0.00 -0.00 -0.00 -0.01 -0.01 -0.01 -0.02 -0.03 -0.04 -0.06 -0.09 -0.01 -0.01 -0.02 -0.04
reference ladder: 4 position(s) below the first rung (20@-60 21@-60 22@-60 23@-60)
writes landed by: instack 24
write verify: 24 landed, 0 write_unlanded (skipped), in-stack read already matched on 24 of 24, pump slices total 24, longest confirm 2.6 ms, re-rendered 0
hold doubled at positions: none
still moving AFTER doubling (reading not used): none

pos   norm      display        red@-24  red@-12  red@-6    T(peak)   T-display
  0  0.0000    12.0            0.00     0.05     0.19          --          
  1  0.0667    8.0             0.00     0.06     0.21          --          
  2  0.1333    4.0             0.00     0.07     0.25          --          
  3  0.2000    -0.0            0.00     0.10     0.35          --          
  4  0.2667    -4.0            0.01     0.17     0.55          --          
  5  0.3333    -8.0            0.02     0.31     0.83          --          
  6  0.4000    -12.0           0.05     0.55     1.17          --          
  7  0.4667    -16.0           0.12     0.86     1.63          --          
  8  0.5000    -18.0           0.18     1.03     2.01          --          
  9  0.5333    -20.0           0.26     1.21     2.44          --          
 10  0.5667    -22.0           0.37     1.48     2.88          --          
 11  0.6000    -24.0           0.50     1.86     3.32          --          
 12  0.6333    -26.0           0.64     2.27     3.71          --          
 13  0.6667    -28.0           0.80     2.71     4.03          --          
 14  0.7000    -30.0           0.97     3.13     4.28          --          
 15  0.7333    -32.0           1.14     3.51     4.48          --          
 16  0.7667    -34.0           1.40     3.81     4.63          --          
 17  0.8000    -36.0           1.75     4.04     4.75          --          
 18  0.8333    -38.0           2.14     4.22     4.82          --          
 19  0.8667    -40.0           2.54     4.34     4.87          --          
 20  0.9000    -42.0           3.07     4.58     5.04          --          
 21  0.9333    -44.0           3.44     4.67     5.09          --          
 22  0.9667    -46.0           3.74     4.74     5.12          --          
 23  1.0000    -48.0           3.97     4.79     5.14          --          

1 MAP:             certified (ratio unknown (no ratio control): no dB-equivalent map) | sense higher_is_harder | engage -60.00:none -58.00:none -56.00:none -54.00:none -52.00:none -50.00:none -48.00:none -46.00:23 -44.00:22 -42.00:21 -40.00:20 -38.00:19 -36.00:18 -34.00:17 -32.00:16 -30.00:15 -28.00:14 -26.00:13 -24.00:12 -22.00:10 -20.00:9 -18.00:8 -16.00:7 -14.00:7 -12.00:6 -10.00:6 -8.00:5 -6.00:4 -4.00:3 -2.00:2 0.00:0
2 engage drift:    null  (not a dB display)   (primary; displayLinear unset until the population decides)
   offset IQR:      null
3 displayOffsetDb: null
fixture: AudioUnit_645b6172_1.3.5.rederived.json

CANDIDATE [7] Threshold Right - re-derived
host: EJ Map 0.1.0 / arm64 / 48k (native)
threshold: [7] Threshold Right unit '' (class bands_or_stages) | positions 16 (16 evenly spaced), one process each, levels quiet to loud
ratio: no control holds the ratio role | auto make-up disabled: no
default-threshold reference ('-0.0', spec 4.7 check only):  -60.00 out-in 1.43  -58.00 out-in 1.43  -56.00 out-in 1.43  -54.00 out-in 1.43  -52.00 out-in 1.43  -50.00 out-in 1.43  -48.00 out-in 1.43  -46.00 out-in 1.43  -44.00 out-in 1.43  -42.00 out-in 1.43  -40.00 out-in 1.43  -38.00 out-in 1.43  -36.00 out-in 1.43  -34.00 out-in 1.43  -32.00 out-in 1.43  -30.00 out-in 1.43  -28.00 out-in 1.43  -26.00 out-in 1.43  -24.00 out-in 1.43  -22.00 out-in 1.42  -20.00 out-in 1.42  -18.00 out-in 1.41  -16.00 out-in 1.39  -14.00 out-in 1.37  -12.00 out-in 1.33  -10.00 out-in 1.28  -8.00 out-in 1.20  -6.00 out-in 1.08  -4.00 out-in 0.91  -2.00 out-in 0.68  0.00 out-in 0.34  (default gain is information only)
linear reference: each position's own gain at its quiet rung's upper level, checked against the lower (must differ by 6 dB within 0.1): -0.00 -0.00 -0.00 -0.00 -0.00 -0.00 -0.00 -0.00 -0.00 -0.00 -0.00 -0.00 -0.01 -0.01 -0.01 -0.02 -0.03 -0.04 -0.06 -0.09 -0.01 -0.01 -0.02 -0.04
reference ladder: 4 position(s) below the first rung (20@-60 21@-60 22@-60 23@-60)
writes landed by: instack 24
write verify: 24 landed, 0 write_unlanded (skipped), in-stack read already matched on 24 of 24, pump slices total 24, longest confirm 2.6 ms, re-rendered 0
hold doubled at positions: none
still moving AFTER doubling (reading not used): none

pos   norm      display        red@-24  red@-12  red@-6    T(peak)   T-display
  0  0.0000    12.0            0.00     0.05     0.19          --          
  1  0.0667    8.0             0.00     0.06     0.21          --          
  2  0.1333    4.0             0.00     0.07     0.25          --          
  3  0.2000    -0.0            0.00     0.10     0.35          --          
  4  0.2667    -4.0            0.01     0.17     0.55          --          
  5  0.3333    -8.0            0.02     0.31     0.83          --          
  6  0.4000    -12.0           0.05     0.55     1.17          --          
  7  0.4667    -16.0           0.12     0.86     1.63          --          
  8  0.5000    -18.0           0.18     1.03     2.01          --          
  9  0.5333    -20.0           0.26     1.21     2.44          --          
 10  0.5667    -22.0           0.37     1.48     2.88          --          
 11  0.6000    -24.0           0.50     1.86     3.32          --          
 12  0.6333    -26.0           0.64     2.27     3.71          --          
 13  0.6667    -28.0           0.80     2.71     4.03          --          
 14  0.7000    -30.0           0.97     3.13     4.28          --          
 15  0.7333    -32.0           1.14     3.51     4.48          --          
 16  0.7667    -34.0           1.40     3.81     4.63          --          
 17  0.8000    -36.0           1.75     4.04     4.75          --          
 18  0.8333    -38.0           2.14     4.22     4.82          --          
 19  0.8667    -40.0           2.54     4.34     4.87          --          
 20  0.9000    -42.0           3.07     4.58     5.04          --          
 21  0.9333    -44.0           3.44     4.67     5.09          --          
 22  0.9667    -46.0           3.74     4.74     5.12          --          
 23  1.0000    -48.0           3.97     4.79     5.14          --          

1 MAP:             certified (ratio unknown (no ratio control): no dB-equivalent map) | sense higher_is_harder | engage -60.00:none -58.00:none -56.00:none -54.00:none -52.00:none -50.00:none -48.00:none -46.00:23 -44.00:22 -42.00:21 -40.00:20 -38.00:19 -36.00:18 -34.00:17 -32.00:16 -30.00:15 -28.00:14 -26.00:13 -24.00:12 -22.00:10 -20.00:9 -18.00:8 -16.00:7 -14.00:7 -12.00:6 -10.00:6 -8.00:5 -6.00:4 -4.00:3 -2.00:2 0.00:0
2 engage drift:    null  (not a dB display)   (primary; displayLinear unset until the population decides)
   offset IQR:      null
3 displayOffsetDb: null
fixture: AudioUnit_645b6172_1.3.5.rederived.json

  -> needs_review: would export in the follow-up: the pick needs its detector measured (one load) and the tone check (derive-only ran neither)

=== tone checks: C1 comp-sc (m)
RE-DERIVED from traces (nothing measured) - C1 comp-sc (m) -> AudioUnit_49377263_15.0.70.rederived.json
host: EJ Map 0.1.0 / arm64 / 48k (native)
threshold: [8] Threshold unit 'dB' (class single_threshold) | positions 16 (16 evenly spaced), one process each, levels quiet to loud
ratio: [5] ran at '4.13:1' -> 4.13 (RAISED from '1.00:1', value READ BACK after the write) | auto make-up disabled: no
default-threshold reference ('0.0', spec 4.7 check only):  -60.00 out-in 0.00  -58.00 out-in 0.00  -56.00 out-in 0.00  -54.00 out-in 0.00  -52.00 out-in 0.01  -50.00 out-in 0.01  -48.00 out-in 0.01  -46.00 out-in 0.01  -44.00 out-in 0.01  -42.00 out-in 0.02  -40.00 out-in 0.02  -38.00 out-in 0.02  -36.00 out-in 0.03  -34.00 out-in 0.04  -32.00 out-in 0.05  -30.00 out-in 0.06  -28.00 out-in 0.07  -26.00 out-in 0.09  -24.00 out-in 0.10  -22.00 out-in 0.12  -20.00 out-in 0.14  -18.00 out-in 0.16  -16.00 out-in 0.17  -14.00 out-in 0.14  -12.00 out-in 0.07  -10.00 out-in -0.05  -8.00 out-in -0.24  -6.00 out-in -0.53  -4.00 out-in -0.92  -2.00 out-in -1.46  0.00 out-in -2.14  (default gain is information only)
linear reference: each position's own gain at its quiet rung's upper level, checked against the lower (must differ by 6 dB within 0.1): -4.78 -3.77 -2.22 -0.88 -0.17 0.05 -0.09 0.06 0.05 0.05 -0.03 0.04 0.06 0.06 0.05 -0.07 0.02 0.05 0.06 0.05 0.05 0.04 0.03 0.03 0.02 0.02 0.01 0.01 0.01 0.01 0.00 0.00
reference ladder: 10 position(s) below the first rung (5@-84 6@-72 7@-72 8@-72 9@-72 10@-60 11@-60 12@-60 13@-60 14@-60)
writes landed by: instack 1 pump 31
write verify: 32 landed, 0 write_unlanded (skipped), in-stack read already matched on 1 of 32, pump slices total 104, longest confirm 17.5 ms, re-rendered 0
hold doubled at positions: none
still moving AFTER doubling (reading not used): none

pos   norm      display        red@-24  red@-12  red@-6    T(peak)   T-display
  0  0.0000    -100.0            --       --       --          --          
  1  0.0667    -93.3             --       --       --          --          
  2  0.1333    -86.7             --       --       --          --          
  3  0.2000    -80.0             --       --       --          --          
  4  0.2667    -73.3             --       --       --          --          
  5  0.3333    -66.7          28.69    30.51    30.86       -67.4     -0.70
  6  0.4000    -60.0          26.34    29.66    30.36       -60.8     -0.80
  7  0.4667    -53.3          22.91    28.30    29.63       -55.0     -1.70
  8  0.4889    -51.1          21.46    27.59    29.21       -52.8     -1.70
  9  0.5111    -48.9          19.89    26.76    28.69       -50.1     -1.20
 10  0.5333    -46.7          18.24    25.82    28.09       -47.9     -1.20
 11  0.5556    -44.4          16.47    24.72    27.38       -45.8     -1.40
 12  0.5778    -42.2          14.66    23.47    26.52       -43.6     -1.40
 13  0.6000    -40.0          12.82    22.07    25.50       -41.5     -1.50
 14  0.6222    -37.8          11.00    20.54    24.35       -39.3     -1.50
 15  0.6444    -35.6           9.21    18.90    23.03       -37.1     -1.50
 16  0.6667    -33.3           7.54    17.17    21.62       -35.0     -1.70
 17  0.6889    -31.1           6.03    15.41    20.09       -32.9     -1.80
 18  0.7111    -28.9           4.64    13.58    18.42       -30.4     -1.50
 19  0.7333    -26.7           3.44    11.74    16.67       -27.9     -1.20
 20  0.7556    -24.4           2.40     9.86    14.77       -25.7     -1.30
 21  0.7778    -22.2           1.60     8.14    12.94       -23.5     -1.30
 22  0.8000    -20.0           0.99     6.54    11.11       -21.4     -1.40
 23  0.8222    -17.8           0.55     5.09     9.34       -19.2     -1.40
 24  0.8444    -15.6           0.24     3.82     7.65       -17.0     -1.40
 25  0.8667    -13.3           0.03     2.70     6.03       -14.6     -1.30
 26  0.8889    -11.1          -0.08     1.84     4.64       -12.7     -1.60
 27  0.9111    -8.9           -0.14     1.17     3.44       -10.9     -2.00
 28  0.9333    -6.7           -0.15     0.67     2.43        -9.2     -2.50
 29  0.9556    -4.4           -0.13     0.30     1.59        -7.6     -3.20
 30  0.9778    -2.2           -0.12     0.07     0.98        -6.0     -3.80
 31  1.0000    0.0            -0.10    -0.07     0.53        -4.6     -4.60

1 MAP:             certified | sense lower_is_harder | engage -60.00:7 -58.00:8 -56.00:8 -54.00:9 -52.00:10 -50.00:11 -48.00:12 -46.00:13 -44.00:14 -42.00:15 -40.00:16 -38.00:17 -36.00:18 -34.00:18 -32.00:19 -30.00:20 -28.00:21 -26.00:22 -24.00:23 -22.00:24 -20.00:24 -18.00:25 -16.00:26 -14.00:27 -12.00:28 -10.00:29 -8.00:30 -6.00:31 -4.00:31 -2.00:31 0.00:31
2 engage drift:    3.34  -10.00:6.09  -12.00:6.04  -14.00:6.00  -16.00:5.96  -18.00:5.91  -2.00:4.78  -20.00:5.86  -22.00:6.43  -24.00:6.43  -26.00:6.46  -28.00:6.48  -30.00:6.49  -32.00:6.49  -34.00:6.52  -36.00:7.13  -38.00:7.20  -4.00:5.59  -40.00:7.15  -42.00:6.64  -44.00:6.74  -46.00:6.79  -48.00:6.85  -50.00:6.94  -52.00:6.53  -54.00:6.36  -56.00:6.37  -58.00:6.99  -6.00:6.17  -60.00:6.98  -8.00:6.13  0.00:3.86   (primary; displayLinear unset until the population decides)
   offset IQR:      0.40 dB over 27 positions (min -4.60, max -0.70)
3 displayOffsetDb: -1.50  (inside spec 7's 2 dB bar)
fixture: AudioUnit_49377263_15.0.70.rederived.json
  -> needs_review: export written (derive-only: the tone check was not run, nothing loaded); would be tone-checked by the follow-up

=== tone checks: MaxxVolume (s)
  no measured rule: 2 candidates, 2 certified: no channel pair, no master, no Main/Aux
CANDIDATE [0] Low Level Thresh - re-derived
host: EJ Map 0.1.0 / arm64 / 48k (native)
threshold: [0] Low Level Thresh unit 'dB' (class bands_or_stages) | positions 16 (16 evenly spaced), one process each, levels quiet to loud
ratio: no control holds the ratio role | auto make-up disabled: no
default-threshold reference ('-96.0', spec 4.7 check only):  -60.00 out-in 0.60  -58.00 out-in 0.48  -56.00 out-in 0.39  -54.00 out-in 0.31  -52.00 out-in 0.25  -50.00 out-in 0.20  -48.00 out-in 0.16  -46.00 out-in 0.12  -44.00 out-in 0.10  -42.00 out-in 0.07  -40.00 out-in 0.06  -38.00 out-in 0.05  -36.00 out-in 0.04  -34.00 out-in 0.03  -32.00 out-in 0.02  -30.00 out-in 0.02  -28.00 out-in 0.01  -26.00 out-in 0.01  -24.00 out-in 0.01  -22.00 out-in 0.01  -20.00 out-in 0.00  -18.00 out-in 0.00  -16.00 out-in 0.00  -14.00 out-in -0.00  -12.00 out-in 0.00  -10.00 out-in 0.00  -8.00 out-in -0.00  -6.00 out-in 0.00  -4.00 out-in -0.00  -2.00 out-in -0.00  0.00 out-in 0.00  (default gain is information only)
linear reference: each position's own gain at its quiet rung's upper level, checked against the lower (must differ by 6 dB within 0.1): -2.41 -1.95 -1.00 -0.40 -0.15 -0.06 -0.04 -0.03 -0.03 -0.09 -0.07 -0.05 -0.04 -0.03 -0.09 -0.07 -0.06 -0.04 -0.03 -0.03 -0.08 -0.07 -0.05 -0.03 -0.03 -0.02 -0.02 -0.01 -0.01 -0.01 -0.00 0.00
reference ladder: 15 position(s) below the first rung (5@-84 6@-84 7@-84 8@-84 9@-72 10@-72 11@-72 12@-72 13@-72 14@-60 15@-60 16@-60 17@-60 18@-60 19@-60)
writes landed by: instack 1 pump 31
write verify: 32 landed, 0 write_unlanded (skipped), in-stack read already matched on 1 of 32, pump slices total 89, longest confirm 29.8 ms, re-rendered 0
hold doubled at positions: none
still moving AFTER doubling (reading not used): none

pos   norm      display        red@-24  red@-12  red@-6    T(peak)   T-display
  0  0.0000    -96.0             --       --       --          --          
  1  0.0667    -85.5             --       --       --          --          
  2  0.1333    -75.5             --       --       --          --          
  3  0.2000    -66.0             --       --       --          --          
  4  0.2667    -57.0             --       --       --          --          
  5  0.3333    -48.6          12.89    14.32    14.59          --          
  6  0.3556    -45.9          12.34    14.15    14.52          --          
  7  0.3778    -43.3          11.68    13.93    14.41          --          
  8  0.3889    -42.0          11.31    13.79    14.34          --          
  9  0.4000    -40.7          10.76    13.48    14.11          --          
 10  0.4222    -38.2           9.94    13.14    13.93          --          
 11  0.4444    -35.8           9.06    12.71    13.70          --          
 12  0.4667    -33.4           8.11    12.18    13.38          --          
 13  0.4889    -31.1           7.18    11.57    13.00          --          
 14  0.5111    -28.9           6.14    10.75    12.40          --          
 15  0.5333    -26.7           5.29    10.01    11.88          --          
 16  0.5556    -24.6           4.51     9.21    11.29          --          
 17  0.5778    -22.6           3.82     8.40    10.63          --          
 18  0.6000    -20.6           3.19     7.53     9.88          --          
 19  0.6222    -18.7           2.64     6.69     9.10          --          
 20  0.6444    -16.9           2.06     5.75     8.17          --          
 21  0.6667    -15.2           1.70     5.02     7.38          --          
 22  0.7000    -12.7           1.24     3.97     6.16          --          
 23  0.7333    -10.4           0.90     3.06     4.99          --          
 24  0.7556    -9.0            0.72     2.54     4.27          --          
 25  0.7778    -7.7            0.57     2.08     3.61          --          
 26  0.8000    -6.4            0.44     1.66     2.95          --          
 27  0.8222    -5.3            0.35     1.32     2.40          --          
 28  0.8444    -4.2            0.26     1.01     1.87          --          
 29  0.8667    -3.3            0.19     0.76     1.45          --          
 30  0.9333    -1.0            0.05     0.21     0.42          --          
 31  1.0000    0.0             0.00     0.00     0.00          --          

1 MAP:             certified (ratio unknown (no ratio control): no dB-equivalent map) | sense lower_is_harder | engage -60.00:9 -58.00:10 -56.00:11 -54.00:12 -52.00:13 -50.00:13 -48.00:14 -46.00:15 -44.00:16 -42.00:17 -40.00:18 -38.00:19 -36.00:19 -34.00:21 -32.00:21 -30.00:22 -28.00:23 -26.00:24 -24.00:25 -22.00:26 -20.00:27 -18.00:28 -16.00:28 -14.00:29 -12.00:29 -10.00:29 -8.00:29 -6.00:29 -4.00:30 -2.00:30 0.00:30
2 engage drift:    22.00  -10.00:8.08  -12.00:9.69  -14.00:11.21  -16.00:12.58  -18.00:13.92  -2.00:1.23  -20.00:15.05  -22.00:16.07  -24.00:16.96  -26.00:17.66  -28.00:18.21  -30.00:18.49  -32.00:18.58  -34.00:18.91  -36.00:19.83  -38.00:20.50  -4.00:3.05  -40.00:20.52  -42.00:20.47  -44.00:20.35  -46.00:20.04  -48.00:19.30  -50.00:21.01  -52.00:21.39  -54.00:21.13  -56.00:20.80  -58.00:20.39  -6.00:4.71  -60.00:19.46  -8.00:6.41  0.00:-0.60   (primary; displayLinear unset until the population decides)
   offset IQR:      null
3 displayOffsetDb: null
fixture: AudioUnit_43507d7d_15.0.70.rederived.json

CANDIDATE [4] High Level Thresh - re-derived
host: EJ Map 0.1.0 / arm64 / 48k (native)
threshold: [4] High Level Thresh unit 'dB' (class bands_or_stages) | positions 16 (16 evenly spaced), one process each, levels quiet to loud
ratio: no control holds the ratio role | auto make-up disabled: no
default-threshold reference ('0.0', spec 4.7 check only):  -60.00 out-in 0.00  -58.00 out-in -0.00  -56.00 out-in 0.00  -54.00 out-in 0.00  -52.00 out-in -0.00  -50.00 out-in 0.00  -48.00 out-in -0.00  -46.00 out-in -0.00  -44.00 out-in 0.00  -42.00 out-in -0.00  -40.00 out-in 0.00  -38.00 out-in 0.00  -36.00 out-in -0.00  -34.00 out-in 0.00  -32.00 out-in 0.00  -30.00 out-in -0.00  -28.00 out-in 0.00  -26.00 out-in -0.00  -24.00 out-in -0.00  -22.00 out-in 0.00  -20.00 out-in -0.00  -18.00 out-in 0.00  -16.00 out-in 0.00  -14.00 out-in -0.00  -12.00 out-in 0.00  -10.00 out-in 0.00  -8.00 out-in -0.00  -6.00 out-in 0.00  -4.00 out-in -0.00  -2.00 out-in -0.00  0.00 out-in 0.00  (default gain is information only)
linear reference: each position's own gain at its quiet rung's upper level, checked against the lower (must differ by 6 dB within 0.1): -0.07 -0.05 -0.04 -0.03 -0.08 -0.06 -0.05 -0.04 -0.03 -0.09 -0.07 -0.05 -0.04 -0.03 -0.10 -0.08 -0.06 -0.05 -0.04 -0.03 -0.02 -0.02 -0.01 -0.01 -0.01 -0.00 -0.00 0.00
reference ladder: 14 position(s) below the first rung (0@-84 1@-84 2@-84 3@-84 4@-72 5@-72 6@-72 7@-72 8@-72 9@-60 10@-60 11@-60 12@-60 13@-60)
writes landed by: instack 1 pump 27
write verify: 28 landed, 0 write_unlanded (skipped), in-stack read already matched on 1 of 28, pump slices total 100, longest confirm 30.6 ms, re-rendered 0
hold doubled at positions: none
still moving AFTER doubling (reading not used): none

pos   norm      display        red@-24  red@-12  red@-6    T(peak)   T-display
  0  0.0000    -48.0          24.37    35.97    41.90          --          
  1  0.0333    -45.3          21.88    33.34    39.25          --          
  2  0.0667    -42.8          19.62    30.91    36.79          --          
  3  0.1000    -40.2          17.32    28.40    34.23          --          
  4  0.1333    -37.8          15.16    25.96    31.74          --          
  5  0.1667    -35.3          13.15    23.61    29.32          --          
  6  0.2000    -33.0          11.40    21.47    27.09          --          
  7  0.2333    -30.7           9.75    19.35    24.88          --          
  8  0.2667    -28.5           8.30    17.37    22.76          --          
  9  0.3000    -26.4           6.89    15.39    20.63          --          
 10  0.3333    -24.3           5.77    13.62    18.68          --          
 11  0.3667    -22.3           4.80    11.99    16.84          --          
 12  0.4000    -20.4           3.99    10.49    15.11          --          
 13  0.4333    -18.5           3.27     9.07    13.41          --          
 14  0.4667    -16.7           2.53     7.64    11.68          --          
 15  0.5000    -15.0           2.07     6.54    10.26          --          
 16  0.5333    -13.4           1.69     5.56     8.95          --          
 17  0.5667    -11.8           1.36     4.64     7.68          --          
 18  0.6000    -10.3           1.09     3.85     6.53          --          
 19  0.6333    -8.9            0.87     3.16     5.49          --          
 20  0.6667    -7.6            0.69     2.57     4.57          --          
 21  0.7000    -6.4            0.54     2.07     3.75          --          
 22  0.7333    -5.2            0.41     1.60     2.96          --          
 23  0.7667    -4.2            0.31     1.24     2.34          --          
 24  0.8000    -3.2            0.23     0.91     1.74          --          
 25  0.8667    -1.6            0.11     0.42     0.83          --          
 26  0.9333    -0.5            0.03     0.13     0.25          --          
 27  1.0000    0.0             0.00     0.00     0.00          --          

1 MAP:             certified (ratio unknown (no ratio control): no dB-equivalent map) | sense lower_is_harder | engage -60.00:3 -58.00:4 -56.00:5 -54.00:6 -52.00:7 -50.00:8 -48.00:8 -46.00:10 -44.00:11 -42.00:12 -40.00:13 -38.00:13 -36.00:14 -34.00:15 -32.00:17 -30.00:18 -28.00:19 -26.00:20 -24.00:21 -22.00:22 -20.00:23 -18.00:23 -16.00:24 -14.00:24 -12.00:24 -10.00:25 -8.00:25 -6.00:25 -4.00:25 -2.00:25 0.00:25
2 engage drift:    23.51  -10.00:8.49  -12.00:10.02  -14.00:11.64  -16.00:13.16  -18.00:14.51  -2.00:1.35  -20.00:15.81  -22.00:16.96  -24.00:17.96  -26.00:18.78  -28.00:19.45  -30.00:19.99  -32.00:20.34  -34.00:20.21  -36.00:19.68  -38.00:21.68  -4.00:3.18  -40.00:22.23  -42.00:22.25  -44.00:22.18  -46.00:21.91  -48.00:22.34  -50.00:23.00  -52.00:22.86  -54.00:22.61  -56.00:22.31  -58.00:21.11  -6.00:4.99  -60.00:22.66  -8.00:6.77  0.00:-0.50   (primary; displayLinear unset until the population decides)
   offset IQR:      null
3 displayOffsetDb: null
fixture: AudioUnit_43507d7d_15.0.70.rederived.json

  -> needs_review: 2 threshold candidates (a channel strip or multiband): no rule decides it, nobody picks

=== tone checks: C6-SideChain (s)
  no measured rule: 6 candidates, 1 certified: no channel pair, no master, no Main/Aux
CANDIDATE [10] Band 1 Threshold - re-derived
host: EJ Map 0.1.0 / arm64 / 48k (native)
threshold: [10] Band 1 Threshold unit 'dB' (class bands_or_stages) | positions 16 (16 evenly spaced), one process each, levels quiet to loud
ratio: no control holds the ratio role | auto make-up disabled: no
default-threshold reference ('0.0', spec 4.7 check only):  -60.00 out-in -0.00  -58.00 out-in -0.00  -56.00 out-in 0.00  -54.00 out-in -0.00  -52.00 out-in -0.00  -50.00 out-in 0.00  -48.00 out-in -0.00  -46.00 out-in 0.00  -44.00 out-in -0.00  -42.00 out-in -0.00  -40.00 out-in 0.00  -38.00 out-in -0.00  -36.00 out-in -0.00  -34.00 out-in -0.00  -32.00 out-in -0.01  -30.00 out-in -0.01  -28.00 out-in -0.01  -26.00 out-in -0.03  -24.00 out-in -0.04  -22.00 out-in -0.06  -20.00 out-in -0.09  -18.00 out-in -0.13  -16.00 out-in -0.19  -14.00 out-in -0.28  -12.00 out-in -0.40  -10.00 out-in -0.56  -8.00 out-in -0.77  -6.00 out-in -1.04  -4.00 out-in -1.38  -2.00 out-in -1.77  0.00 out-in -2.22  (default gain is information only)
linear reference: each position's own gain at its quiet rung's upper level, checked against the lower (must differ by 6 dB within 0.1): -0.00 -0.00 -0.00 -0.00 -0.00 -0.00 -0.00 -0.00 -0.00 -0.00 -0.00 -0.00 -0.00 -0.00 -0.00 -0.00
reference ladder: 0 position(s) below the first rung
writes landed by: instack 1 pump 15
write verify: 16 landed, 0 write_unlanded (skipped), in-stack read already matched on 1 of 16, pump slices total 153, longest confirm 30.2 ms, re-rendered 0
hold doubled at positions: none
still moving AFTER doubling (reading not used): none

pos   norm      display        red@-24  red@-12  red@-6    T(peak)   T-display
  0  0.0000    -80.0           0.04     0.40     1.04          --          
  1  0.0667    -74.7           0.04     0.40     1.04          --          
  2  0.1333    -69.3           0.04     0.40     1.04          --          
  3  0.2000    -64.0           0.04     0.40     1.04          --          
  4  0.2667    -58.7           0.04     0.40     1.04          --          
  5  0.3333    -53.3           0.04     0.40     1.04          --          
  6  0.4000    -48.0           0.04     0.40     1.04          --          
  7  0.4667    -42.7           0.04     0.40     1.04          --          
  8  0.5333    -37.3           0.04     0.40     1.04          --          
  9  0.6000    -32.0           0.04     0.40     1.04          --          
 10  0.6667    -26.7           0.04     0.40     1.04          --          
 11  0.7333    -21.3           0.04     0.40     1.04          --          
 12  0.8000    -16.0           0.04     0.40     1.04          --          
 13  0.8667    -10.7           0.04     0.40     1.04          --          
 14  0.9333    -5.3            0.04     0.40     1.04          --          
 15  1.0000    0.0             0.04     0.40     1.04          --          

1 MAP:             flat (no two positions differ by more than 1 dB at any test level) | sense -- | engage -60.00:none -58.00:none -56.00:none -54.00:none -52.00:none -50.00:none -48.00:none -46.00:none -44.00:none -42.00:none -40.00:none -38.00:none -36.00:none -34.00:none -32.00:none -30.00:none -28.00:none -26.00:none -24.00:none -22.00:none -20.00:none -18.00:none -16.00:none -14.00:none -12.00:none -10.00:none -8.00:none -6.00:none -4.00:none -2.00:none 0.00:none
2 engage drift:    null  (not a dB display)   (primary; displayLinear unset until the population decides)
   offset IQR:      null
3 displayOffsetDb: null
fixture: AudioUnit_4930627d_15.0.70.rederived.json

CANDIDATE [20] Band 2 Threshold - re-derived
host: EJ Map 0.1.0 / arm64 / 48k (native)
threshold: [20] Band 2 Threshold unit 'dB' (class bands_or_stages) | positions 16 (16 evenly spaced), one process each, levels quiet to loud
ratio: no control holds the ratio role | auto make-up disabled: no
default-threshold reference ('0.0', spec 4.7 check only):  -60.00 out-in -0.00  -58.00 out-in -0.00  -56.00 out-in 0.00  -54.00 out-in -0.00  -52.00 out-in -0.00  -50.00 out-in 0.00  -48.00 out-in -0.00  -46.00 out-in 0.00  -44.00 out-in -0.00  -42.00 out-in -0.00  -40.00 out-in 0.00  -38.00 out-in -0.00  -36.00 out-in -0.00  -34.00 out-in -0.00  -32.00 out-in -0.01  -30.00 out-in -0.01  -28.00 out-in -0.01  -26.00 out-in -0.03  -24.00 out-in -0.04  -22.00 out-in -0.06  -20.00 out-in -0.09  -18.00 out-in -0.13  -16.00 out-in -0.19  -14.00 out-in -0.28  -12.00 out-in -0.40  -10.00 out-in -0.56  -8.00 out-in -0.77  -6.00 out-in -1.04  -4.00 out-in -1.38  -2.00 out-in -1.77  0.00 out-in -2.22  (default gain is information only)
linear reference: each position's own gain at its quiet rung's upper level, checked against the lower (must differ by 6 dB within 0.1): -0.00 -0.00 -0.00 -0.00 -0.00 -0.00 -0.00 -0.00 -0.00 -0.00 -0.00 -0.00 -0.00 -0.00 -0.00 -0.00
reference ladder: 0 position(s) below the first rung
writes landed by: instack 1 pump 15
write verify: 16 landed, 0 write_unlanded (skipped), in-stack read already matched on 1 of 16, pump slices total 153, longest confirm 29.8 ms, re-rendered 0
hold doubled at positions: none
still moving AFTER doubling (reading not used): none

pos   norm      display        red@-24  red@-12  red@-6    T(peak)   T-display
  0  0.0000    -80.0           0.04     0.40     1.04          --          
  1  0.0667    -74.7           0.04     0.40     1.04          --          
  2  0.1333    -69.3           0.04     0.40     1.04          --          
  3  0.2000    -64.0           0.04     0.40     1.04          --          
  4  0.2667    -58.7           0.04     0.40     1.04          --          
  5  0.3333    -53.3           0.04     0.40     1.04          --          
  6  0.4000    -48.0           0.04     0.40     1.04          --          
  7  0.4667    -42.7           0.04     0.40     1.04          --          
  8  0.5333    -37.3           0.04     0.40     1.04          --          
  9  0.6000    -32.0           0.04     0.40     1.04          --          
 10  0.6667    -26.7           0.04     0.40     1.04          --          
 11  0.7333    -21.3           0.04     0.40     1.04          --          
 12  0.8000    -16.0           0.04     0.40     1.04          --          
 13  0.8667    -10.7           0.04     0.40     1.04          --          
 14  0.9333    -5.3            0.04     0.40     1.04          --          
 15  1.0000    0.0             0.04     0.40     1.04          --          

1 MAP:             flat (no two positions differ by more than 1 dB at any test level) | sense -- | engage -60.00:none -58.00:none -56.00:none -54.00:none -52.00:none -50.00:none -48.00:none -46.00:none -44.00:none -42.00:none -40.00:none -38.00:none -36.00:none -34.00:none -32.00:none -30.00:none -28.00:none -26.00:none -24.00:none -22.00:none -20.00:none -18.00:none -16.00:none -14.00:none -12.00:none -10.00:none -8.00:none -6.00:none -4.00:none -2.00:none 0.00:none
2 engage drift:    null  (not a dB display)   (primary; displayLinear unset until the population decides)
   offset IQR:      null
3 displayOffsetDb: null
fixture: AudioUnit_4930627d_15.0.70.rederived.json

CANDIDATE [28] Band 3 Threshold - re-derived
host: EJ Map 0.1.0 / arm64 / 48k (native)
threshold: [28] Band 3 Threshold unit 'dB' (class bands_or_stages) | positions 16 (16 evenly spaced), one process each, levels quiet to loud
ratio: no control holds the ratio role | auto make-up disabled: no
default-threshold reference ('0.0', spec 4.7 check only):  -60.00 out-in -0.00  -58.00 out-in -0.00  -56.00 out-in 0.00  -54.00 out-in -0.00  -52.00 out-in -0.00  -50.00 out-in 0.00  -48.00 out-in -0.00  -46.00 out-in 0.00  -44.00 out-in -0.00  -42.00 out-in -0.00  -40.00 out-in 0.00  -38.00 out-in -0.00  -36.00 out-in -0.00  -34.00 out-in -0.00  -32.00 out-in -0.01  -30.00 out-in -0.01  -28.00 out-in -0.01  -26.00 out-in -0.03  -24.00 out-in -0.04  -22.00 out-in -0.06  -20.00 out-in -0.09  -18.00 out-in -0.13  -16.00 out-in -0.19  -14.00 out-in -0.28  -12.00 out-in -0.40  -10.00 out-in -0.56  -8.00 out-in -0.77  -6.00 out-in -1.04  -4.00 out-in -1.38  -2.00 out-in -1.77  0.00 out-in -2.22  (default gain is information only)
linear reference: each position's own gain at its quiet rung's upper level, checked against the lower (must differ by 6 dB within 0.1): -0.81 -0.41 -0.17 -0.06 -0.02 -0.01 -0.01 -0.08 -0.05 -0.03 -0.02 -0.01 -0.06 -0.03 -0.02 -0.01 -0.01 -0.08 -0.05 -0.03 -0.02 -0.01 -0.01 -0.00 -0.00 -0.00 -0.00 -0.00 -0.00
reference ladder: 14 position(s) below the first rung (3@-84 4@-84 5@-84 6@-84 7@-72 8@-72 9@-72 10@-72 11@-72 12@-60 13@-60 14@-60 15@-60 16@-60)
writes landed by: instack 1 pump 28
write verify: 29 landed, 0 write_unlanded (skipped), in-stack read already matched on 1 of 29, pump slices total 300, longest confirm 30.4 ms, re-rendered 0
hold doubled at positions: none
still moving AFTER doubling (reading not used): none

pos   norm      display        red@-24  red@-12  red@-6    T(peak)   T-display
  0  0.0000    -80.0             --       --       --          --          
  1  0.0667    -74.7             --       --       --          --          
  2  0.1333    -69.3             --       --       --          --          
  3  0.2000    -64.0           7.38     7.47     7.48          --          
  4  0.2667    -58.7           7.35     7.50     7.53          --          
  5  0.3000    -56.0           7.28     7.50     7.53          --          
  6  0.3167    -54.7           7.24     7.49     7.53          --          
  7  0.3333    -53.3           7.08     7.37     7.42          --          
  8  0.3667    -50.7           7.00     7.38     7.45          --          
  9  0.4000    -48.0           6.84     7.36     7.45          --          
 10  0.4333    -45.3           6.62     7.31     7.44          --          
 11  0.4667    -42.7           6.33     7.24     7.40          --          
 12  0.5000    -40.0           5.87     7.05     7.27          --          
 13  0.5333    -37.3           5.43     6.93     7.22          --          
 14  0.5667    -34.7           4.90     6.75     7.14          --          
 15  0.6000    -32.0           4.26     6.49     7.01          --          
 16  0.6167    -30.7           3.93     6.34     6.92          --          
 17  0.6333    -29.3           3.46     6.04     6.71          --          
 18  0.6667    -26.7           2.82     5.67     6.51          --          
 19  0.7000    -24.0           2.18     5.17     6.22          --          
 20  0.7333    -21.3           1.60     4.57     5.82          --          
 21  0.7667    -18.7           1.14     3.93     5.34          --          
 22  0.8000    -16.0           0.77     3.22     4.75          --          
 23  0.8333    -13.3           0.49     2.53     4.09          --          
 24  0.8667    -10.7           0.31     1.92     3.41          --          
 25  0.9000    -8.0            0.19     1.37     2.71          --          
 26  0.9333    -5.3            0.11     0.94     2.05          --          
 27  0.9667    -2.7            0.07     0.63     1.50          --          
 28  1.0000    0.0             0.04     0.40     1.04          --          

1 MAP:             certified (ratio unknown (no ratio control): no dB-equivalent map) | sense lower_is_harder | engage -60.00:8 -58.00:9 -56.00:9 -54.00:10 -52.00:11 -50.00:11 -48.00:12 -46.00:13 -44.00:14 -42.00:15 -40.00:16 -38.00:17 -36.00:18 -34.00:19 -32.00:19 -30.00:20 -28.00:21 -26.00:22 -24.00:22 -22.00:23 -20.00:24 -18.00:25 -16.00:25 -14.00:26 -12.00:27 -10.00:28 -8.00:28 -6.00:28 -4.00:28 -2.00:28 0.00:28
2 engage drift:    3.65  -10.00:10.53  -12.00:10.34  -14.00:10.17  -16.00:9.94  -18.00:10.52  -2.00:7.55  -20.00:10.34  -22.00:10.16  -24.00:9.92  -26.00:10.47  -28.00:10.29  -30.00:10.09  -32.00:9.80  -34.00:10.21  -36.00:9.92  -38.00:9.11  -4.00:8.33  -40.00:10.37  -42.00:10.42  -44.00:10.20  -46.00:9.92  -48.00:9.12  -50.00:9.67  -52.00:10.27  -54.00:10.05  -56.00:9.80  -58.00:10.21  -6.00:9.15  -60.00:9.87  -8.00:9.94  0.00:6.89   (primary; displayLinear unset until the population decides)
   offset IQR:      null
3 displayOffsetDb: null
fixture: AudioUnit_4930627d_15.0.70.rederived.json

CANDIDATE [36] Band 4 Threshold - re-derived
host: EJ Map 0.1.0 / arm64 / 48k (native)
threshold: [36] Band 4 Threshold unit 'dB' (class bands_or_stages) | positions 16 (16 evenly spaced), one process each, levels quiet to loud
ratio: no control holds the ratio role | auto make-up disabled: no
default-threshold reference ('0.0', spec 4.7 check only):  -60.00 out-in -0.00  -58.00 out-in -0.00  -56.00 out-in 0.00  -54.00 out-in -0.00  -52.00 out-in -0.00  -50.00 out-in 0.00  -48.00 out-in -0.00  -46.00 out-in 0.00  -44.00 out-in -0.00  -42.00 out-in -0.00  -40.00 out-in 0.00  -38.00 out-in -0.00  -36.00 out-in -0.00  -34.00 out-in -0.00  -32.00 out-in -0.01  -30.00 out-in -0.01  -28.00 out-in -0.01  -26.00 out-in -0.03  -24.00 out-in -0.04  -22.00 out-in -0.06  -20.00 out-in -0.09  -18.00 out-in -0.13  -16.00 out-in -0.19  -14.00 out-in -0.28  -12.00 out-in -0.40  -10.00 out-in -0.56  -8.00 out-in -0.77  -6.00 out-in -1.04  -4.00 out-in -1.38  -2.00 out-in -1.77  0.00 out-in -2.22  (default gain is information only)
linear reference: each position's own gain at its quiet rung's upper level, checked against the lower (must differ by 6 dB within 0.1): -0.04 -0.03 -0.02 -0.01 -0.00 -0.00 -0.00 -0.00 -0.00 -0.00 -0.00 -0.00 -0.00 -0.00 -0.00 -0.00
reference ladder: 0 position(s) below the first rung
writes landed by: instack 1 pump 15
write verify: 16 landed, 0 write_unlanded (skipped), in-stack read already matched on 1 of 16, pump slices total 164, longest confirm 30.4 ms, re-rendered 0
hold doubled at positions: none
still moving AFTER doubling (reading not used): none

pos   norm      display        red@-24  red@-12  red@-6    T(peak)   T-display
  0  0.0000    -80.0           0.12     0.49     1.15          --          
  1  0.0667    -74.7           0.14     0.52     1.18          --          
  2  0.1333    -69.3           0.16     0.54     1.20          --          
  3  0.2000    -64.0           0.15     0.55     1.21          --          
  4  0.2667    -58.7           0.13     0.55     1.22          --          
  5  0.3333    -53.3           0.10     0.53     1.21          --          
  6  0.4000    -48.0           0.07     0.50     1.19          --          
  7  0.4667    -42.7           0.05     0.47     1.16          --          
  8  0.5333    -37.3           0.04     0.44     1.13          --          
  9  0.6000    -32.0           0.04     0.42     1.09          --          
 10  0.6667    -26.7           0.04     0.40     1.06          --          
 11  0.7333    -21.3           0.04     0.40     1.05          --          
 12  0.8000    -16.0           0.04     0.40     1.04          --          
 13  0.8667    -10.7           0.04     0.40     1.04          --          
 14  0.9333    -5.3            0.04     0.40     1.04          --          
 15  1.0000    0.0             0.04     0.40     1.04          --          

1 MAP:             flat (no two positions differ by more than 1 dB at any test level) | sense -- | engage -60.00:none -58.00:none -56.00:none -54.00:none -52.00:none -50.00:none -48.00:none -46.00:none -44.00:none -42.00:none -40.00:none -38.00:none -36.00:none -34.00:none -32.00:none -30.00:none -28.00:none -26.00:none -24.00:none -22.00:none -20.00:none -18.00:none -16.00:none -14.00:none -12.00:none -10.00:none -8.00:none -6.00:none -4.00:none -2.00:none 0.00:none
2 engage drift:    null  (not a dB display)   (primary; displayLinear unset until the population decides)
   offset IQR:      null
3 displayOffsetDb: null
fixture: AudioUnit_4930627d_15.0.70.rederived.json

CANDIDATE [44] Band 5 Threshold - re-derived
host: EJ Map 0.1.0 / arm64 / 48k (native)
threshold: [44] Band 5 Threshold unit 'dB' (class bands_or_stages) | positions 16 (16 evenly spaced), one process each, levels quiet to loud
ratio: no control holds the ratio role | auto make-up disabled: no
default-threshold reference ('0.0', spec 4.7 check only):  -60.00 out-in -0.00  -58.00 out-in -0.00  -56.00 out-in 0.00  -54.00 out-in -0.00  -52.00 out-in -0.00  -50.00 out-in 0.00  -48.00 out-in -0.00  -46.00 out-in 0.00  -44.00 out-in -0.00  -42.00 out-in -0.00  -40.00 out-in 0.00  -38.00 out-in -0.00  -36.00 out-in -0.00  -34.00 out-in -0.00  -32.00 out-in -0.01  -30.00 out-in -0.01  -28.00 out-in -0.01  -26.00 out-in -0.03  -24.00 out-in -0.04  -22.00 out-in -0.06  -20.00 out-in -0.09  -18.00 out-in -0.13  -16.00 out-in -0.19  -14.00 out-in -0.28  -12.00 out-in -0.40  -10.00 out-in -0.56  -8.00 out-in -0.77  -6.00 out-in -1.04  -4.00 out-in -1.38  -2.00 out-in -1.77  0.00 out-in -2.22  (default gain is information only)
linear reference: each position's own gain at its quiet rung's upper level, checked against the lower (must differ by 6 dB within 0.1): -0.00 -0.00 -0.00 -0.00 -0.00 -0.00 -0.00 -0.00 -0.00 -0.00 -0.00 -0.00 -0.00 -0.00 -0.00 -0.00
reference ladder: 0 position(s) below the first rung
writes landed by: instack 1 pump 15
write verify: 16 landed, 0 write_unlanded (skipped), in-stack read already matched on 1 of 16, pump slices total 158, longest confirm 30.1 ms, re-rendered 0
hold doubled at positions: none
still moving AFTER doubling (reading not used): none

pos   norm      display        red@-24  red@-12  red@-6    T(peak)   T-display
  0  0.0000    -80.0           0.04     0.40     1.04          --          
  1  0.0667    -74.7           0.04     0.40     1.04          --          
  2  0.1333    -69.3           0.04     0.40     1.04          --          
  3  0.2000    -64.0           0.04     0.40     1.04          --          
  4  0.2667    -58.7           0.04     0.40     1.04          --          
  5  0.3333    -53.3           0.04     0.40     1.04          --          
  6  0.4000    -48.0           0.04     0.40     1.04          --          
  7  0.4667    -42.7           0.04     0.40     1.04          --          
  8  0.5333    -37.3           0.04     0.40     1.04          --          
  9  0.6000    -32.0           0.04     0.40     1.04          --          
 10  0.6667    -26.7           0.04     0.40     1.04          --          
 11  0.7333    -21.3           0.04     0.40     1.04          --          
 12  0.8000    -16.0           0.04     0.40     1.04          --          
 13  0.8667    -10.7           0.04     0.40     1.04          --          
 14  0.9333    -5.3            0.04     0.40     1.04          --          
 15  1.0000    0.0             0.04     0.40     1.04          --          

1 MAP:             flat (no two positions differ by more than 1 dB at any test level) | sense -- | engage -60.00:none -58.00:none -56.00:none -54.00:none -52.00:none -50.00:none -48.00:none -46.00:none -44.00:none -42.00:none -40.00:none -38.00:none -36.00:none -34.00:none -32.00:none -30.00:none -28.00:none -26.00:none -24.00:none -22.00:none -20.00:none -18.00:none -16.00:none -14.00:none -12.00:none -10.00:none -8.00:none -6.00:none -4.00:none -2.00:none 0.00:none
2 engage drift:    null  (not a dB display)   (primary; displayLinear unset until the population decides)
   offset IQR:      null
3 displayOffsetDb: null
fixture: AudioUnit_4930627d_15.0.70.rederived.json

CANDIDATE [52] Band 6 Threshold - re-derived
host: EJ Map 0.1.0 / arm64 / 48k (native)
threshold: [52] Band 6 Threshold unit 'dB' (class bands_or_stages) | positions 16 (16 evenly spaced), one process each, levels quiet to loud
ratio: no control holds the ratio role | auto make-up disabled: no
default-threshold reference ('0.0', spec 4.7 check only):  -60.00 out-in -0.00  -58.00 out-in -0.00  -56.00 out-in 0.00  -54.00 out-in -0.00  -52.00 out-in -0.00  -50.00 out-in 0.00  -48.00 out-in -0.00  -46.00 out-in 0.00  -44.00 out-in -0.00  -42.00 out-in -0.00  -40.00 out-in 0.00  -38.00 out-in -0.00  -36.00 out-in -0.00  -34.00 out-in -0.00  -32.00 out-in -0.01  -30.00 out-in -0.01  -28.00 out-in -0.01  -26.00 out-in -0.03  -24.00 out-in -0.04  -22.00 out-in -0.06  -20.00 out-in -0.09  -18.00 out-in -0.13  -16.00 out-in -0.19  -14.00 out-in -0.28  -12.00 out-in -0.40  -10.00 out-in -0.56  -8.00 out-in -0.77  -6.00 out-in -1.04  -4.00 out-in -1.38  -2.00 out-in -1.77  0.00 out-in -2.22  (default gain is information only)
linear reference: each position's own gain at its quiet rung's upper level, checked against the lower (must differ by 6 dB within 0.1): -0.00 -0.00 -0.00 -0.00 -0.00 -0.00 -0.00 -0.00 -0.00 -0.00 -0.00 -0.00 -0.00 -0.00 -0.00 -0.00
reference ladder: 0 position(s) below the first rung
writes landed by: instack 1 pump 15
write verify: 16 landed, 0 write_unlanded (skipped), in-stack read already matched on 1 of 16, pump slices total 164, longest confirm 30.3 ms, re-rendered 0
hold doubled at positions: none
still moving AFTER doubling (reading not used): none

pos   norm      display        red@-24  red@-12  red@-6    T(peak)   T-display
  0  0.0000    -80.0           0.04     0.40     1.04          --          
  1  0.0667    -74.7           0.04     0.40     1.04          --          
  2  0.1333    -69.3           0.04     0.40     1.04          --          
  3  0.2000    -64.0           0.04     0.40     1.04          --          
  4  0.2667    -58.7           0.04     0.40     1.04          --          
  5  0.3333    -53.3           0.04     0.40     1.04          --          
  6  0.4000    -48.0           0.04     0.40     1.04          --          
  7  0.4667    -42.7           0.04     0.40     1.04          --          
  8  0.5333    -37.3           0.04     0.40     1.04          --          
  9  0.6000    -32.0           0.04     0.40     1.04          --          
 10  0.6667    -26.7           0.04     0.40     1.04          --          
 11  0.7333    -21.3           0.04     0.40     1.04          --          
 12  0.8000    -16.0           0.04     0.40     1.04          --          
 13  0.8667    -10.7           0.04     0.40     1.04          --          
 14  0.9333    -5.3            0.04     0.40     1.04          --          
 15  1.0000    0.0             0.04     0.40     1.04          --          

1 MAP:             flat (no two positions differ by more than 1 dB at any test level) | sense -- | engage -60.00:none -58.00:none -56.00:none -54.00:none -52.00:none -50.00:none -48.00:none -46.00:none -44.00:none -42.00:none -40.00:none -38.00:none -36.00:none -34.00:none -32.00:none -30.00:none -28.00:none -26.00:none -24.00:none -22.00:none -20.00:none -18.00:none -16.00:none -14.00:none -12.00:none -10.00:none -8.00:none -6.00:none -4.00:none -2.00:none 0.00:none
2 engage drift:    null  (not a dB display)   (primary; displayLinear unset until the population decides)
   offset IQR:      null
3 displayOffsetDb: null
fixture: AudioUnit_4930627d_15.0.70.rederived.json

  -> multiband: multiband: profiling not built yet (Band 1, Band 2, Band 3, Band 4, Band 5, Band 6; 6 threshold candidates)

=== tone checks: Lindell 254E
RE-DERIVED from traces (nothing measured) - Lindell 254E -> AudioUnit_6f457233_1.2.2.rederived.json
host: EJ Map 0.1.0 / arm64 / 48k (native)
threshold: [7] Threshold unit 'dBu' (class single_threshold) | positions 16 (16 evenly spaced), one process each, levels quiet to loud
ratio: [6] ran at '3:1' -> 3 | auto make-up disabled: no
default-threshold reference ('-4dBu', spec 4.7 check only):  -60.00 out-in 2.28  -58.00 out-in 2.28  -56.00 out-in 2.28  -54.00 out-in 2.28  -52.00 out-in 2.28  -50.00 out-in 2.28  -48.00 out-in 2.28  -46.00 out-in 2.28  -44.00 out-in 2.28  -42.00 out-in 2.28  -40.00 out-in 2.28  -38.00 out-in 2.28  -36.00 out-in 2.28  -34.00 out-in 2.28  -32.00 out-in 2.28  -30.00 out-in 2.28  -28.00 out-in 2.28  -26.00 out-in 2.28  -24.00 out-in 1.88  -22.00 out-in 0.30  -20.00 out-in -0.80  -18.00 out-in -1.52  -16.00 out-in -2.20  -14.00 out-in -3.09  -12.00 out-in -4.14  -10.00 out-in -5.31  -8.00 out-in -6.57  -6.00 out-in -7.90  -4.00 out-in -9.27  -2.00 out-in -10.67  0.00 out-in -12.11  (default gain is information only)
linear reference: each position's own gain at its quiet rung's upper level, checked against the lower (must differ by 6 dB within 0.1): -0.00 -0.00 -0.00 -0.00 -0.00 -0.00 -0.00 -0.00 -0.00 -0.00 -0.00 -0.00 -0.00 -0.00 -0.00 -0.00
reference ladder: 0 position(s) below the first rung
writes landed by: instack 16
write verify: 16 landed, 0 write_unlanded (skipped), in-stack read already matched on 16 of 16, pump slices total 16, longest confirm 2.5 ms, re-rendered 0
hold doubled at positions: none
still moving AFTER doubling (reading not used): none

pos   norm      display        red@-24  red@-12  red@-6    T(peak)   T-display
  0  0.0000    -20dBu          8.85    17.30    21.76       -37.8          
  1  0.0667    -18dBu          7.59    15.84    20.25       -35.8          
  2  0.1333    -16dBu          6.42    14.38    18.77       -33.8          
  3  0.2000    -14dBu          5.37    12.95    17.30       -31.8          
  4  0.2667    -12dBu          4.48    11.55    15.84       -29.8          
  5  0.3333    -10dBu          3.81    10.18    14.39       -27.8          
  6  0.4000    -8dBu           3.09     8.85    12.95       -25.8          
  7  0.4667    -6dBu           1.99     7.59    11.55       -23.8          
  8  0.5333    -4dBu           0.40     6.42    10.18       -21.8          
  9  0.6000    -2dBu          -0.00     5.37     8.86       -19.8          
 10  0.6667    0dBu           -0.00     4.48     7.59       -17.8          
 11  0.7333    2dBu           -0.00     3.81     6.42       -16.1          
 12  0.8000    4dBu           -0.00     3.09     5.37       -14.4          
 13  0.8667    6dBu           -0.00     1.99     4.48       -12.7          
 14  0.9333    8dBu           -0.00     0.40     3.81       -11.2          
 15  1.0000    10dBu          -0.00    -0.00     3.09        -9.7          

1 MAP:             certified | sense lower_is_harder | engage -60.00:none -58.00:none -56.00:none -54.00:none -52.00:none -50.00:none -48.00:none -46.00:none -44.00:none -42.00:none -40.00:none -38.00:0 -36.00:1 -34.00:2 -32.00:3 -30.00:4 -28.00:5 -26.00:6 -24.00:7 -22.00:8 -20.00:9 -18.00:10 -16.00:11 -14.00:12 -12.00:13 -10.00:14 -8.00:15 -6.00:15 -4.00:15 -2.00:15 0.00:15
2 engage drift:    null  (not a dB display)   (primary; displayLinear unset until the population decides)
   offset IQR:      null
3 displayOffsetDb: null
fixture: AudioUnit_6f457233_1.2.2.rederived.json
  -> needs_review: export written (derive-only: the tone check was not run, nothing loaded); would be tone-checked by the follow-up

=== tone checks: PuigChild 670 (s)
  leader_follower: leader/follower 'Threshold' (measured): 'Left Threshold' certified and in its own sweep both output channels agree within 0.00 dB over 1330 readings, while 'Right Threshold' did not certify (it follows the leader). 'Left Threshold' is the amount; 'Right Threshold' stays at its instantiate value (neutral)
CANDIDATE [4] Left Threshold - re-derived
host: EJ Map 0.1.0 / arm64 / 48k (native)
threshold: [4] Left Threshold unit '' (class bands_or_stages) | positions 16 (16 evenly spaced), one process each, levels quiet to loud
links as instantiated (recorded, not written): [1] Link = 'Linked'
ratio: no control holds the ratio role | auto make-up disabled: no
default-threshold reference ('2.2', spec 4.7 check only):  -60.00 out-in 1.90  -58.00 out-in 1.90  -56.00 out-in 1.90  -54.00 out-in 1.90  -52.00 out-in 1.90  -50.00 out-in 1.90  -48.00 out-in 1.90  -46.00 out-in 1.90  -44.00 out-in 1.90  -42.00 out-in 1.90  -40.00 out-in 1.90  -38.00 out-in 1.90  -36.00 out-in 1.90  -34.00 out-in 1.90  -32.00 out-in 1.90  -30.00 out-in 1.91  -28.00 out-in 1.91  -26.00 out-in 1.91  -24.00 out-in 1.91  -22.00 out-in 1.91  -20.00 out-in 1.90  -18.00 out-in 1.86  -16.00 out-in 1.75  -14.00 out-in 1.51  -12.00 out-in 1.05  -10.00 out-in 0.30  -8.00 out-in -0.70  -6.00 out-in -1.89  -4.00 out-in -3.22  -2.00 out-in -4.64  0.00 out-in -6.16  (default gain is information only)
linear reference: each position's own gain at its quiet rung's upper level, checked against the lower (must differ by 6 dB within 0.1): -0.00 -0.00 -0.00 -0.00 -0.00 -0.00 -0.00 -0.00 -0.00 -0.00 -0.00 -0.00 -0.00 -0.00 -0.00 -0.00 -0.00 -0.00 -0.00
reference ladder: 0 position(s) below the first rung
writes landed by: pump 19
write verify: 19 landed, 0 write_unlanded (skipped), in-stack read already matched on 0 of 19, pump slices total 196, longest confirm 30.6 ms, re-rendered 0
hold doubled at positions: none
still moving AFTER doubling (reading not used): none

pos   norm      display        red@-24  red@-12  red@-6    T(peak)   T-display
  0  0.0000    0.0            -0.02    -0.06    -0.10          --          
  1  0.0667    0.7            -0.02    -0.06    -0.09          --          
  2  0.1333    1.3            -0.02     0.02     0.85          --          
  3  0.1500    1.5            -0.02     0.12     1.49          --          
  4  0.1667    1.7            -0.01     0.26     2.17          --          
  5  0.2000    2.0            -0.01     0.58     3.17          --          
  6  0.2333    2.3            -0.01     1.00     4.09          --          
  7  0.2667    2.7            -0.01     1.65     5.19          --          
  8  0.3333    3.3             0.00     2.67     6.63          --          
  9  0.4000    4.0             0.05     3.78     8.04          --          
 10  0.4667    4.7             0.13     4.79     9.25          --          
 11  0.5333    5.3             0.23     5.58    10.16          --          
 12  0.6000    6.0             0.38     6.41    11.11          --          
 13  0.6667    6.7             0.57     7.17    11.96          --          
 14  0.7333    7.3             0.76     7.76    12.63          --          
 15  0.8000    8.0             1.02     8.41    13.35          --          
 16  0.8667    8.7             1.29     9.01    14.01          --          
 17  0.9333    9.3             1.54     9.49    14.54          --          
 18  1.0000    10.0            1.84    10.02    15.12          --          

1 MAP:             certified (ratio unknown (no ratio control): no dB-equivalent map) | sense higher_is_harder | engage -60.00:none -58.00:none -56.00:none -54.00:none -52.00:none -50.00:none -48.00:none -46.00:none -44.00:none -42.00:none -40.00:none -38.00:none -36.00:none -34.00:none -32.00:none -30.00:none -28.00:18 -26.00:16 -24.00:13 -22.00:11 -20.00:10 -18.00:9 -16.00:8 -14.00:7 -12.00:5 -10.00:4 -8.00:3 -6.00:2 -4.00:2 -2.00:2 0.00:2
2 engage drift:    null  (not a dB display)   (primary; displayLinear unset until the population decides)
   offset IQR:      null
3 displayOffsetDb: null
fixture: AudioUnit_4c45797d_15.0.70.rederived.json

CANDIDATE [8] Right Threshold - re-derived
host: EJ Map 0.1.0 / arm64 / 48k (native)
threshold: [8] Right Threshold unit '' (class bands_or_stages) | positions 16 (16 evenly spaced), one process each, levels quiet to loud
links as instantiated (recorded, not written): [1] Link = 'Linked'
ratio: no control holds the ratio role | auto make-up disabled: no
default-threshold reference ('2.2', spec 4.7 check only):  -60.00 out-in 1.90  -58.00 out-in 1.90  -56.00 out-in 1.90  -54.00 out-in 1.90  -52.00 out-in 1.90  -50.00 out-in 1.90  -48.00 out-in 1.90  -46.00 out-in 1.90  -44.00 out-in 1.90  -42.00 out-in 1.90  -40.00 out-in 1.90  -38.00 out-in 1.90  -36.00 out-in 1.90  -34.00 out-in 1.90  -32.00 out-in 1.90  -30.00 out-in 1.91  -28.00 out-in 1.91  -26.00 out-in 1.91  -24.00 out-in 1.91  -22.00 out-in 1.91  -20.00 out-in 1.90  -18.00 out-in 1.86  -16.00 out-in 1.75  -14.00 out-in 1.51  -12.00 out-in 1.05  -10.00 out-in 0.30  -8.00 out-in -0.70  -6.00 out-in -1.89  -4.00 out-in -3.22  -2.00 out-in -4.64  0.00 out-in -6.16  (default gain is information only)
linear reference: each position's own gain at its quiet rung's upper level, checked against the lower (must differ by 6 dB within 0.1): -0.00 -0.00 -0.00 -0.00 -0.00 -0.00 -0.00 -0.00 -0.00 -0.00 -0.00 -0.00 -0.00 -0.00 -0.00 -0.00
reference ladder: 0 position(s) below the first rung
writes landed by: pump 16
write verify: 16 landed, 0 write_unlanded (skipped), in-stack read already matched on 0 of 16, pump slices total 172, longest confirm 30.6 ms, re-rendered 0
hold doubled at positions: none
still moving AFTER doubling (reading not used): none

pos   norm      display        red@-24  red@-12  red@-6    T(peak)   T-display
  0  0.0000    0.0            -0.01     0.85     3.79          --          
  1  0.0667    0.7            -0.01     0.85     3.79          --          
  2  0.1333    1.3            -0.01     0.85     3.79          --          
  3  0.2000    2.0            -0.01     0.85     3.79          --          
  4  0.2667    2.7            -0.01     0.85     3.79          --          
  5  0.3333    3.3            -0.01     0.85     3.79          --          
  6  0.4000    4.0            -0.01     0.85     3.79          --          
  7  0.4667    4.7            -0.01     0.85     3.79          --          
  8  0.5333    5.3            -0.01     0.85     3.79          --          
  9  0.6000    6.0            -0.01     0.85     3.79          --          
 10  0.6667    6.7            -0.01     0.85     3.79          --          
 11  0.7333    7.3            -0.01     0.85     3.79          --          
 12  0.8000    8.0            -0.01     0.85     3.79          --          
 13  0.8667    8.7            -0.01     0.85     3.79          --          
 14  0.9333    9.3            -0.01     0.85     3.79          --          
 15  1.0000    10.0           -0.01     0.85     3.79          --          

1 MAP:             flat (no two positions differ by more than 1 dB at any test level) | sense -- | engage -60.00:none -58.00:none -56.00:none -54.00:none -52.00:none -50.00:none -48.00:none -46.00:none -44.00:none -42.00:none -40.00:none -38.00:none -36.00:none -34.00:none -32.00:none -30.00:none -28.00:none -26.00:none -24.00:none -22.00:none -20.00:none -18.00:none -16.00:none -14.00:none -12.00:none -10.00:none -8.00:none -6.00:none -4.00:none -2.00:none 0.00:none
2 engage drift:    null  (not a dB display)   (primary; displayLinear unset until the population decides)
   offset IQR:      null
3 displayOffsetDb: null
fixture: AudioUnit_4c45797d_15.0.70.rederived.json

  -> needs_review: would export in the follow-up: the pick needs its detector measured (one load) and the tone check (derive-only ran neither)

=== tone checks: CLA-2A (s)
RE-DERIVED from traces (nothing measured) - CLA-2A (s) -> AudioUnit_4647037d_15.0.70.rederived.json
host: EJ Map 0.1.0 / arm64 / 48k (native)
threshold: [1] Peak Reduction unit '' (class single_threshold) | positions 16 (16 evenly spaced), one process each, levels quiet to loud
ratio: no control holds the ratio role | auto make-up disabled: no
default-threshold reference ('46.00', spec 4.7 check only):  -60.00 out-in 8.44  -58.00 out-in 8.45  -56.00 out-in 8.45  -54.00 out-in 8.45  -52.00 out-in 8.45  -50.00 out-in 8.45  -48.00 out-in 8.45  -46.00 out-in 8.45  -44.00 out-in 8.45  -42.00 out-in 8.45  -40.00 out-in 8.45  -38.00 out-in 8.45  -36.00 out-in 8.46  -34.00 out-in 8.46  -32.00 out-in 8.46  -30.00 out-in 8.47  -28.00 out-in 8.47  -26.00 out-in 8.48  -24.00 out-in 8.48  -22.00 out-in 8.49  -20.00 out-in 8.50  -18.00 out-in 8.51  -16.00 out-in 8.47  -14.00 out-in 8.11  -12.00 out-in 7.20  -10.00 out-in 5.88  -8.00 out-in 4.45  -6.00 out-in 2.94  -4.00 out-in 1.44  -2.00 out-in -0.05  0.00 out-in -1.52  (default gain is information only)
linear reference: each position's own gain at its quiet rung's upper level, checked against the lower (must differ by 6 dB within 0.1): 0.00 0.00 0.00 0.00 0.00 0.00 0.00 0.00 0.00 0.00 0.00 0.00 0.00 0.00 0.00 0.00 0.00 0.00 0.00 0.00 0.00 0.00 0.00 0.00 0.00 -0.01
reference ladder: 0 position(s) below the first rung
writes landed by: instack 1 pump 25
write verify: 26 landed, 0 write_unlanded (skipped), in-stack read already matched on 1 of 26, pump slices total 169, longest confirm 30.5 ms, re-rendered 1
hold doubled at positions: none
still moving AFTER doubling (reading not used): none

pos   norm      display        red@-24  red@-12  red@-6    T(peak)   T-display
  0  0.0000    0.00           -0.04    -0.09    -0.12          --          
  1  0.0667    14.48          -0.04    -0.09    -0.12          --          
  2  0.1333    24.20          -0.04    -0.09    -0.12          --          
  3  0.2000    30.72          -0.04    -0.09    -0.12          --          
  4  0.2667    35.12          -0.04    -0.09    -0.12          --          
  5  0.3333    38.04          -0.04    -0.09    -0.12          --          
  6  0.4000    40.00          -0.04    -0.09    -0.12          --          
  7  0.4667    41.44          -0.04    -0.09     0.08          --          
  8  0.5000    42.36          -0.04    -0.09     0.66          --          
  9  0.5333    43.40          -0.04    -0.08     1.82          --          
 10  0.5667    44.64          -0.04     0.15     3.53          --          
 11  0.6000    46.00          -0.03     1.36     5.63          --          
 12  0.6222    47.16          -0.04     2.77     7.21          --          
 13  0.6444    48.36          -0.04     4.47     8.95          --          
 14  0.6667    49.72          -0.02     6.47    10.94          --          
 15  0.7000    52.00           0.14     7.80    12.31          --          
 16  0.7333    54.68           0.62     9.03    13.57          --          
 17  0.7667    57.76           1.65    10.45    14.98          --          
 18  0.8000    61.40           3.21    12.17    16.63          --          
 19  0.8333    65.64           5.14    14.15    18.65          --          
 20  0.8667    70.56           7.42    16.38    20.99          --          
 21  0.8833    73.32           8.69    17.69    22.28          --          
 22  0.9000    76.32           9.76    18.81    23.37          --          
 23  0.9333    83.04          11.40    20.47    24.92          --          
 24  0.9667    90.88          13.31    22.38    26.72          --          
 25  1.0000    100.00         15.46    24.51    28.79          --          

1 MAP:             certified (ratio unknown (no ratio control): no dB-equivalent map) | sense higher_is_harder | engage -60.00:none -58.00:none -56.00:none -54.00:none -52.00:none -50.00:none -48.00:none -46.00:none -44.00:25 -42.00:24 -40.00:24 -38.00:23 -36.00:22 -34.00:20 -32.00:20 -30.00:19 -28.00:18 -26.00:17 -24.00:16 -22.00:15 -20.00:14 -18.00:13 -16.00:13 -14.00:12 -12.00:11 -10.00:10 -8.00:9 -6.00:8 -4.00:7 -2.00:7 0.00:6
2 engage drift:    null  (not a dB display)   (primary; displayLinear unset until the population decides)
   offset IQR:      null
3 displayOffsetDb: null
fixture: AudioUnit_4647037d_15.0.70.rederived.json
  -> needs_review: export written (derive-only: the tone check was not run, nothing loaded); would be tone-checked by the follow-up

=== tone checks: AMEK Mastering Compressor
  linked_pair: linked pair 'Threshold' (measured, not by label): both certified; their 2 dB curves agree within 0.00 dB over 17 common positions; in the first's own sweep both output channels agree within 0.17 dB over 1216 readings. 'Threshold 1' is the amount; 'Threshold 2' and every link/mode control stay at their instantiate values (neutral)
CANDIDATE [20] Threshold 1 - re-derived
host: EJ Map 0.1.0 / arm64 / 48k (native)
threshold: [20] Threshold 1 unit 'dB' (class bands_or_stages) | positions 16 (16 evenly spaced), one process each, levels quiet to loud
links as instantiated (recorded, not written): [5] Param Link = 'On', [11] Sidechain Link Mode = 'Max', [12] Sidechain Link Amount = '100 %'
ratio: 2 controls hold the ratio role | auto make-up disabled: no
default-threshold reference ('0.0 dB', spec 4.7 check only):  -60.00 out-in -0.20  -58.00 out-in -0.20  -56.00 out-in -0.21  -54.00 out-in -0.20  -52.00 out-in -0.21  -50.00 out-in -0.21  -48.00 out-in -0.20  -46.00 out-in -0.21  -44.00 out-in -0.21  -42.00 out-in -0.20  -40.00 out-in -0.21  -38.00 out-in -0.20  -36.00 out-in -0.20  -34.00 out-in -0.21  -32.00 out-in -0.20  -30.00 out-in -0.21  -28.00 out-in -0.21  -26.00 out-in -0.20  -24.00 out-in -0.21  -22.00 out-in -0.21  -20.00 out-in -0.20  -18.00 out-in -0.21  -16.00 out-in -0.20  -14.00 out-in -0.20  -12.00 out-in -0.21  -10.00 out-in -0.20  -8.00 out-in -1.14  -6.00 out-in -2.13  -4.00 out-in -3.13  -2.00 out-in -4.17  0.00 out-in -5.17  (default gain is information only)
linear reference: each position's own gain at its quiet rung's upper level, checked against the lower (must differ by 6 dB within 0.1): 0.00 0.00 0.00 0.00 0.00 0.00 0.00 0.00 0.00 0.00 0.00 0.00 0.00 0.00 0.00 0.00 0.00
reference ladder: 0 position(s) below the first rung
writes landed by: instack 17
write verify: 17 landed, 0 write_unlanded (skipped), in-stack read already matched on 17 of 17, pump slices total 17, longest confirm 2.6 ms, re-rendered 0
hold doubled at positions: none
still moving AFTER doubling (reading not used): none

pos   norm      display        red@-24  red@-12  red@-6    T(peak)   T-display
  0  0.0000    0.0 dB         -0.00     0.00     1.93          --          
  1  0.0333    0.7 dB         -0.00     0.00     2.75          --          
  2  0.0667    1.3 dB         -0.00     0.46     3.52          --          
  3  0.1333    2.7 dB         -0.00     1.93     4.99          --          
  4  0.2000    4.0 dB         -0.00     3.33     6.39          --          
  5  0.2667    5.3 dB         -0.00     4.66     7.72          --          
  6  0.3333    6.7 dB         -0.00     6.02     9.08          --          
  7  0.4000    8.0 dB          1.20     7.30    10.36          --          
  8  0.4667    9.3 dB          2.45     8.55    11.61          --          
  9  0.5333    10.7 dB         3.66     9.76    12.82          --          
 10  0.6000    12.0 dB         4.85    10.95    14.01          --          
 11  0.6667    13.3 dB         6.10    12.21    15.27          --          
 12  0.7333    14.7 dB         7.31    13.41    16.47          --          
 13  0.8000    16.0 dB         8.51    14.61    17.67          --          
 14  0.8667    17.3 dB         9.71    15.81    18.87          --          
 15  0.9333    18.7 dB        10.48    16.58    19.64          --          
 16  1.0000    20.0 dB        10.48    16.58    19.64          --          

1 MAP:             certified (ratio unknown (no ratio control): no dB-equivalent map) | sense higher_is_harder | engage -60.00:none -58.00:none -56.00:none -54.00:none -52.00:none -50.00:none -48.00:none -46.00:none -44.00:none -42.00:14 -40.00:14 -38.00:13 -36.00:12 -34.00:11 -32.00:10 -30.00:9 -28.00:9 -26.00:8 -24.00:7 -22.00:6 -20.00:5 -18.00:5 -16.00:4 -14.00:3 -12.00:3 -10.00:1 -8.00:0 -6.00:0 -4.00:0 -2.00:0 0.00:0
2 engage drift:    21.04  -10.00:-9.49  -12.00:-10.62  -14.00:-11.69  -16.00:-12.77  -18.00:-13.86  -2.00:-4.93  -20.00:-14.84  -22.00:-15.76  -24.00:-16.73  -26.00:-17.79  -28.00:-18.53  -30.00:-19.44  -32.00:-20.34  -34.00:-21.30  -36.00:-22.06  -38.00:-22.98  -4.00:-6.06  -40.00:-24.65  -42.00:-24.83  -44.00:null  -46.00:null  -48.00:null  -50.00:null  -52.00:null  -54.00:null  -56.00:null  -58.00:null  -6.00:-7.21  -60.00:null  -8.00:-8.37  0.00:-3.79   (primary; displayLinear unset until the population decides)
   offset IQR:      null
3 displayOffsetDb: null
fixture: AudioUnit_624a5973_1.1.1.rederived.json

CANDIDATE [39] Threshold 2 - re-derived
host: EJ Map 0.1.0 / arm64 / 48k (native)
threshold: [39] Threshold 2 unit 'dB' (class bands_or_stages) | positions 16 (16 evenly spaced), one process each, levels quiet to loud
links as instantiated (recorded, not written): [5] Param Link = 'On', [11] Sidechain Link Mode = 'Max', [12] Sidechain Link Amount = '100 %'
ratio: 2 controls hold the ratio role | auto make-up disabled: no
default-threshold reference ('0.0 dB', spec 4.7 check only):  -60.00 out-in -0.20  -58.00 out-in -0.20  -56.00 out-in -0.21  -54.00 out-in -0.20  -52.00 out-in -0.21  -50.00 out-in -0.21  -48.00 out-in -0.20  -46.00 out-in -0.21  -44.00 out-in -0.21  -42.00 out-in -0.20  -40.00 out-in -0.21  -38.00 out-in -0.20  -36.00 out-in -0.20  -34.00 out-in -0.21  -32.00 out-in -0.20  -30.00 out-in -0.21  -28.00 out-in -0.21  -26.00 out-in -0.20  -24.00 out-in -0.21  -22.00 out-in -0.21  -20.00 out-in -0.20  -18.00 out-in -0.21  -16.00 out-in -0.20  -14.00 out-in -0.20  -12.00 out-in -0.21  -10.00 out-in -0.20  -8.00 out-in -1.14  -6.00 out-in -2.13  -4.00 out-in -3.13  -2.00 out-in -4.17  0.00 out-in -5.17  (default gain is information only)
linear reference: each position's own gain at its quiet rung's upper level, checked against the lower (must differ by 6 dB within 0.1): 0.00 0.00 0.00 0.00 0.00 0.00 0.00 0.00 0.00 0.00 0.00 0.00 0.00 0.00 0.00 0.00 0.00
reference ladder: 0 position(s) below the first rung
writes landed by: instack 17
write verify: 17 landed, 0 write_unlanded (skipped), in-stack read already matched on 17 of 17, pump slices total 17, longest confirm 2.6 ms, re-rendered 0
hold doubled at positions: none
still moving AFTER doubling (reading not used): none

pos   norm      display        red@-24  red@-12  red@-6    T(peak)   T-display
  0  0.0000    0.0 dB         -0.00     0.00     1.93          --          
  1  0.0333    0.7 dB         -0.00     0.00     2.75          --          
  2  0.0667    1.3 dB         -0.00     0.46     3.52          --          
  3  0.1333    2.7 dB         -0.00     1.93     4.99          --          
  4  0.2000    4.0 dB         -0.00     3.33     6.39          --          
  5  0.2667    5.3 dB         -0.00     4.66     7.72          --          
  6  0.3333    6.7 dB         -0.00     6.02     9.08          --          
  7  0.4000    8.0 dB          1.20     7.30    10.36          --          
  8  0.4667    9.3 dB          2.45     8.55    11.61          --          
  9  0.5333    10.7 dB         3.66     9.76    12.82          --          
 10  0.6000    12.0 dB         4.85    10.95    14.01          --          
 11  0.6667    13.3 dB         6.10    12.21    15.27          --          
 12  0.7333    14.7 dB         7.31    13.41    16.47          --          
 13  0.8000    16.0 dB         8.51    14.61    17.67          --          
 14  0.8667    17.3 dB         9.71    15.81    18.87          --          
 15  0.9333    18.7 dB        10.48    16.58    19.64          --          
 16  1.0000    20.0 dB        10.48    16.58    19.64          --          

1 MAP:             certified (ratio unknown (no ratio control): no dB-equivalent map) | sense higher_is_harder | engage -60.00:none -58.00:none -56.00:none -54.00:none -52.00:none -50.00:none -48.00:none -46.00:none -44.00:none -42.00:14 -40.00:14 -38.00:13 -36.00:12 -34.00:11 -32.00:10 -30.00:9 -28.00:9 -26.00:8 -24.00:7 -22.00:6 -20.00:5 -18.00:5 -16.00:4 -14.00:3 -12.00:3 -10.00:1 -8.00:0 -6.00:0 -4.00:0 -2.00:0 0.00:0
2 engage drift:    21.04  -10.00:-9.49  -12.00:-10.62  -14.00:-11.69  -16.00:-12.77  -18.00:-13.86  -2.00:-4.93  -20.00:-14.84  -22.00:-15.76  -24.00:-16.73  -26.00:-17.79  -28.00:-18.53  -30.00:-19.44  -32.00:-20.34  -34.00:-21.30  -36.00:-22.06  -38.00:-22.98  -4.00:-6.06  -40.00:-24.65  -42.00:-24.83  -44.00:null  -46.00:null  -48.00:null  -50.00:null  -52.00:null  -54.00:null  -56.00:null  -58.00:null  -6.00:-7.21  -60.00:null  -8.00:-8.37  0.00:-3.79   (primary; displayLinear unset until the population decides)
   offset IQR:      null
3 displayOffsetDb: null
fixture: AudioUnit_624a5973_1.1.1.rederived.json

  -> needs_review: would export in the follow-up: the pick needs its detector measured (one load) and the tone check (derive-only ran neither)

=== tone checks: CLA-3A (s)
RE-DERIVED from traces (nothing measured) - CLA-3A (s) -> AudioUnit_4647027d_15.0.70.rederived.json
host: EJ Map 0.1.0 / arm64 / 48k (native)
threshold: [1] Peak Reduction unit '' (class single_threshold) | positions 16 (16 evenly spaced), one process each, levels quiet to loud
ratio: no control holds the ratio role | auto make-up disabled: no
default-threshold reference ('4.00', spec 4.7 check only):  -60.00 out-in 7.11  -58.00 out-in 7.12  -56.00 out-in 7.12  -54.00 out-in 7.11  -52.00 out-in 7.12  -50.00 out-in 7.11  -48.00 out-in 7.11  -46.00 out-in 7.12  -44.00 out-in 7.11  -42.00 out-in 7.11  -40.00 out-in 7.12  -38.00 out-in 7.11  -36.00 out-in 7.12  -34.00 out-in 7.12  -32.00 out-in 7.11  -30.00 out-in 7.12  -28.00 out-in 7.11  -26.00 out-in 7.11  -24.00 out-in 7.12  -22.00 out-in 7.11  -20.00 out-in 7.12  -18.00 out-in 7.12  -16.00 out-in 7.11  -14.00 out-in 7.07  -12.00 out-in 6.70  -10.00 out-in 5.94  -8.00 out-in 4.80  -6.00 out-in 3.42  -4.00 out-in 1.90  -2.00 out-in 0.37  0.00 out-in -1.18  (default gain is information only)
linear reference: each position's own gain at its quiet rung's upper level, checked against the lower (must differ by 6 dB within 0.1): -0.00 -0.00 -0.00 -0.00 -0.00 -0.00 -0.00 -0.00 -0.00 -0.00 -0.00 -0.00 -0.00 -0.00 -0.00 -0.00 -0.00 -0.00 -0.00 -0.00 -0.00 -0.00
reference ladder: 0 position(s) below the first rung
writes landed by: instack 1 pump 21
write verify: 22 landed, 0 write_unlanded (skipped), in-stack read already matched on 1 of 22, pump slices total 125, longest confirm 30.5 ms, re-rendered 0
hold doubled at positions: none
still moving AFTER doubling (reading not used): none

pos   norm      display        red@-24  red@-12  red@-6    T(peak)   T-display
  0  0.0000    0.00           -0.00    -0.00    -0.00          --          
  1  0.0667    0.67           -0.00    -0.00    -0.00          --          
  2  0.1333    1.33           -0.00    -0.00    -0.00          --          
  3  0.2000    2.00           -0.00    -0.00    -0.00          --          
  4  0.2667    2.67           -0.00    -0.00    -0.00          --          
  5  0.3333    3.33           -0.00    -0.00     0.11          --          
  6  0.3556    3.56           -0.00    -0.00     0.81          --          
  7  0.3778    3.78           -0.00     0.02     2.06          --          
  8  0.4000    4.00           -0.00     0.42     3.72          --          
  9  0.4333    4.33           -0.00     1.55     5.78          --          
 10  0.4667    4.67           -0.00     3.35     7.91          --          
 11  0.5000    5.00           -0.00     5.39     9.97          --          
 12  0.5333    5.33            0.09     7.02    11.54          --          
 13  0.5667    5.67            0.60     8.72    13.15          --          
 14  0.6000    6.00            1.55    10.34    14.75          --          
 15  0.6333    6.33            2.49    11.45    15.86          --          
 16  0.6667    6.67            3.56    12.57    16.98          --          
 17  0.7333    7.33            5.74    14.71    19.07          --          
 18  0.8000    8.00            7.84    16.71    21.16          --          
 19  0.8667    8.67            9.42    18.19    22.74          --          
 20  0.9333    9.33           10.65    19.43    23.99          --          
 21  1.0000    10.00          11.58    20.41    24.90          --          

1 MAP:             certified (ratio unknown (no ratio control): no dB-equivalent map) | sense higher_is_harder | engage -60.00:none -58.00:none -56.00:none -54.00:none -52.00:none -50.00:none -48.00:none -46.00:none -44.00:none -42.00:none -40.00:21 -38.00:20 -36.00:19 -34.00:18 -32.00:17 -30.00:17 -28.00:16 -26.00:14 -24.00:13 -22.00:12 -20.00:12 -18.00:11 -16.00:10 -14.00:9 -12.00:9 -10.00:8 -8.00:7 -6.00:6 -4.00:5 -2.00:5 0.00:5
2 engage drift:    null  (not a dB display)   (primary; displayLinear unset until the population decides)
   offset IQR:      null
3 displayOffsetDb: null
fixture: AudioUnit_4647027d_15.0.70.rederived.json
  -> needs_review: export written (derive-only: the tone check was not run, nothing loaded); would be tone-checked by the follow-up

=== tone checks: Unfiltered Audio Zip
RE-DERIVED from traces (nothing measured) - Unfiltered Audio Zip -> AudioUnit_417a7643_1.4.2.rederived.json
host: EJ Map 0.1.0 / arm64 / 48k (native)
threshold: [17] Threshold unit 'dB' (class bands_or_stages) | positions 16 (16 evenly spaced), one process each, levels quiet to loud
ratio: [5] ran at '4.14' -> 4.14 (RAISED from '1', value READ BACK after the write) | auto make-up disabled: no
default-threshold reference ('0.0 dB', spec 4.7 check only):  -60.00 out-in -0.00  -58.00 out-in 0.00  -56.00 out-in 0.00  -54.00 out-in -0.00  -52.00 out-in 0.00  -50.00 out-in -0.00  -48.00 out-in -0.00  -46.00 out-in 0.00  -44.00 out-in -0.00  -42.00 out-in -0.00  -40.00 out-in 0.00  -38.00 out-in -0.00  -36.00 out-in 0.00  -34.00 out-in 0.00  -32.00 out-in -0.00  -30.00 out-in 0.00  -28.00 out-in -0.00  -26.00 out-in -0.00  -24.00 out-in 0.00  -22.00 out-in -0.00  -20.00 out-in 0.00  -18.00 out-in 0.00  -16.00 out-in -0.00  -14.00 out-in 0.00  -12.00 out-in 0.00  -10.00 out-in -0.00  -8.00 out-in 0.00  -6.00 out-in -0.00  -4.00 out-in -0.00  -2.00 out-in 0.00  0.00 out-in -0.00  (default gain is information only)
linear reference: each position's own gain at its quiet rung's upper level, checked against the lower (must differ by 6 dB within 0.1): 0.00 0.00 0.00 0.00 0.00 0.00 0.00 -0.00 -0.00 -0.00 -0.00 -0.00 -0.00 -0.00 -0.00 -0.00 -0.00 -0.00 -0.00 -0.00 -0.00 -0.00 -0.00 -0.00 -0.00
reference ladder: 7 position(s) below the first rung (0@-60 1@-60 2@-60 3@-60 4@-60 5@-60 6@-60)
writes landed by: instack 25
write verify: 25 landed, 0 write_unlanded (skipped), in-stack read already matched on 25 of 25, pump slices total 25, longest confirm 2.6 ms, re-rendered 0
hold doubled at positions: none
still moving AFTER doubling (reading not used): none

pos   norm      display        red@-24  red@-12  red@-6    T(peak)   T-display
  0  0.0000    -inf dB        39.70    48.80    53.35          --          
  1  0.0667    -74 dB         35.64    44.74    49.29          --          
  2  0.1333    -69 dB         31.59    40.68    45.23       -65.7      3.30
  3  0.2000    -64 dB         27.53    36.63    41.18       -60.3      3.70
  4  0.2667    -58 dB         23.47    32.57    37.12       -55.0      3.00
  5  0.3000    -56 dB         21.44    30.54    35.09       -52.3      3.70
  6  0.3333    -53 dB         19.41    28.51    33.06       -49.6      3.40
  7  0.3667    -50 dB         17.38    26.48    31.03       -46.9      3.10
  8  0.4000    -48 dB         15.35    24.45    29.00       -44.2      3.80
  9  0.4333    -45 dB         13.32    22.42    26.97       -41.6      3.40
 10  0.4667    -42 dB         11.29    20.39    24.94       -38.9      3.10
 11  0.5000    -40 dB          9.27    18.36    22.91       -36.2      3.80
 12  0.5333    -37 dB          7.24    16.34    20.89       -33.5      3.50
 13  0.5667    -34 dB          5.21    14.31    18.86       -30.9      3.10
 14  0.6000    -31 dB          3.18    12.28    16.83       -28.2      2.80
 15  0.6333    -29 dB          1.15    10.25    14.80       -25.5      3.50
 16  0.6667    -26 dB         -0.00     8.22    12.77       -22.8      3.20
 17  0.7000    -24 dB         -0.00     6.19    10.74       -20.2      3.80
 18  0.7333    -21 dB         -0.00     4.16     8.71       -17.5      3.50
 19  0.7667    -18 dB         -0.00     2.13     6.68       -14.8      3.20
 20  0.8000    -15 dB         -0.00     0.10     4.65       -12.1      2.90
 21  0.8333    -13 dB         -0.00    -0.00     2.63        -9.5      3.50
 22  0.8667    -10 dB         -0.00    -0.00     0.60        -6.8      3.20
 23  0.9333    -5.3 dB        -0.00    -0.00    -0.00        -1.4      3.90
 24  1.0000    0.0 dB         -0.00    -0.00    -0.00   {"above": 0.0}          

1 MAP:             certified | sense lower_is_harder | engage -60.00:none -58.00:none -56.00:none -54.00:none -52.00:4 -50.00:5 -48.00:6 -46.00:7 -44.00:7 -42.00:8 -40.00:9 -38.00:10 -36.00:10 -34.00:11 -32.00:12 -30.00:13 -28.00:13 -26.00:14 -24.00:15 -22.00:16 -20.00:16 -18.00:17 -16.00:18 -14.00:19 -12.00:19 -10.00:20 -8.00:21 -6.00:22 -4.00:22 -2.00:22 0.00:23
2 engage drift:    1.59  -10.00:-3.34  -12.00:-3.58  -14.00:-3.82  -16.00:-4.07  -18.00:-4.87  -2.00:-3.37  -20.00:-3.55  -22.00:-3.79  -24.00:-4.36  -26.00:-3.28  -28.00:-3.52  -30.00:-3.76  -32.00:-4.01  -34.00:-4.83  -36.00:-3.49  -38.00:-3.73  -4.00:-3.62  -40.00:-3.98  -42.00:-4.81  -44.00:-3.46  -46.00:-3.70  -48.00:-3.94  -50.00:-4.79  -52.00:-3.43  -54.00:null  -56.00:null  -58.00:null  -6.00:-3.86  -60.00:null  -8.00:-4.40  0.00:-4.62   (primary; displayLinear unset until the population decides)
   offset IQR:      0.53 dB over 22 positions (min 2.80, max 3.90)
3 displayOffsetDb: 3.40  (outside spec 7's 2 dB bar)
fixture: AudioUnit_417a7643_1.4.2.rederived.json
  -> needs_review: export written (derive-only: the tone check was not run, nothing loaded); would be tone-checked by the follow-up

=== tone checks: Ozone 12 Dynamics
  no measured rule: 16 candidates, 2 certified: no channel pair, no master, no Main/Aux
CANDIDATE [11] DYN: Stereo/Main Band 1 Comp Threshold - re-derived
host: EJ Map 0.1.0 / arm64 / 48k (native)
threshold: [11] DYN: Stereo/Main Band 1 Comp Threshold unit '' (class bands_or_stages) | positions 16 (16 evenly spaced), one process each, levels quiet to loud
ratio: 16 controls hold the ratio role | auto make-up disabled: no
default-threshold reference ('-12', spec 4.7 check only):  -60.00 out-in -0.00  -58.00 out-in 0.00  -56.00 out-in 0.00  -54.00 out-in -0.00  -52.00 out-in 0.00  -50.00 out-in 0.00  -48.00 out-in -0.00  -46.00 out-in 0.00  -44.00 out-in -0.00  -42.00 out-in -0.00  -40.00 out-in 0.00  -38.00 out-in -0.00  -36.00 out-in 0.00  -34.00 out-in 0.00  -32.00 out-in -0.00  -30.00 out-in 0.00  -28.00 out-in 0.00  -26.00 out-in -0.00  -24.00 out-in 0.00  -22.00 out-in -0.00  -20.00 out-in -0.01  -18.00 out-in -0.06  -16.00 out-in -0.21  -14.00 out-in -0.48  -12.00 out-in -0.89  -10.00 out-in -1.47  -8.00 out-in -2.19  -6.00 out-in -3.09  -4.00 out-in -4.14  -2.00 out-in -5.35  0.00 out-in -6.68  (default gain is information only)
linear reference: each position's own gain at its quiet rung's upper level, checked against the lower (must differ by 6 dB within 0.1): -3.04 -3.04 -3.04 -3.04 -2.90 -1.39 -0.07 0.00 -0.00 -0.00 -0.00 -0.01 0.00 0.00 0.00 -0.02 -0.00 -0.00 -0.00 -0.00 -0.00 -0.00 -0.00 -0.00 -0.00 -0.00 -0.00 -0.00
reference ladder: 9 position(s) below the first rung (6@-84 7@-84 8@-72 9@-72 10@-72 11@-60 12@-60 13@-60 14@-60)
writes landed by: instack 28
write verify: 28 landed, 0 write_unlanded (skipped), in-stack read already matched on 28 of 28, pump slices total 28, longest confirm 2.6 ms, re-rendered 0
hold doubled at positions: none
still moving AFTER doubling (reading not used): none

pos   norm      display        red@-24  red@-12  red@-6    T(peak)   T-display
  0  0.0000    -130              --       --       --          --          
  1  0.0667    -121.333          --       --       --          --          
  2  0.1333    -112.667          --       --       --          --          
  3  0.2000    -104              --       --       --          --          
  4  0.2667    -95.3333          --       --       --          --          
  5  0.3333    -86.6667          --       --       --          --          
  6  0.4000    -78            26.90    32.90    35.95          --          
  7  0.4667    -69.3333       22.64    28.64    31.69          --          
  8  0.5333    -60.6667       18.30    24.30    27.35          --          
  9  0.5556    -57.7778       16.86    22.86    25.91          --          
 10  0.5778    -54.8889       15.41    21.41    24.46          --          
 11  0.6000    -52            13.96    19.96    23.01          --          
 12  0.6222    -49.1111       12.53    18.53    21.58          --          
 13  0.6444    -46.2221       11.08    17.08    20.13          --          
 14  0.6667    -43.3333        9.64    15.64    18.69          --          
 15  0.6889    -40.4444        8.18    14.18    17.23          --          
 16  0.7111    -37.5556        6.75    12.75    15.80          --          
 17  0.7333    -34.6667        5.30    11.30    14.35          --          
 18  0.7556    -31.7779        3.87     9.86    12.91          --          
 19  0.7778    -28.8889        2.55     8.41    11.46          --          
 20  0.8000    -26             1.47     6.97    10.02          --          
 21  0.8222    -23.1111        0.69     5.52     8.57          --          
 22  0.8444    -20.2222        0.23     4.09     7.13          --          
 23  0.8667    -17.3333        0.03     2.74     5.68          --          
 24  0.8889    -14.4444       -0.00     1.61     4.24          --          
 25  0.9111    -11.5556       -0.00     0.79     2.89          --          
 26  0.9333    -8.66671       -0.00     0.28     1.74          --          
 27  1.0000    0              -0.00    -0.00     0.11          --          

1 MAP:             certified (ratio unknown (no ratio control): no dB-equivalent map) | sense lower_is_harder | engage -60.00:8 -58.00:9 -56.00:10 -54.00:10 -52.00:11 -50.00:12 -48.00:13 -46.00:13 -44.00:14 -42.00:15 -40.00:15 -38.00:16 -36.00:17 -34.00:17 -32.00:18 -30.00:19 -28.00:19 -26.00:20 -24.00:21 -22.00:22 -20.00:22 -18.00:23 -16.00:24 -14.00:24 -12.00:25 -10.00:26 -8.00:26 -6.00:26 -4.00:26 -2.00:27 0.00:27
2 engage drift:    null  (not a dB display)   (primary; displayLinear unset until the population decides)
   offset IQR:      null
3 displayOffsetDb: null
fixture: AudioUnit_526d5652_12.0.0.rederived.json

CANDIDATE [16] DYN: Stereo/Main Band 1 Lim Threshold - re-derived
host: EJ Map 0.1.0 / arm64 / 48k (native)
threshold: [16] DYN: Stereo/Main Band 1 Lim Threshold unit '' (class bands_or_stages) | positions 16 (16 evenly spaced), one process each, levels quiet to loud
ratio: 16 controls hold the ratio role | auto make-up disabled: no
default-threshold reference ('0', spec 4.7 check only):  -60.00 out-in -0.00  -58.00 out-in 0.00  -56.00 out-in 0.00  -54.00 out-in -0.00  -52.00 out-in 0.00  -50.00 out-in 0.00  -48.00 out-in -0.00  -46.00 out-in 0.00  -44.00 out-in -0.00  -42.00 out-in -0.00  -40.00 out-in 0.00  -38.00 out-in -0.00  -36.00 out-in 0.00  -34.00 out-in 0.00  -32.00 out-in -0.00  -30.00 out-in 0.00  -28.00 out-in 0.00  -26.00 out-in -0.00  -24.00 out-in 0.00  -22.00 out-in -0.00  -20.00 out-in -0.01  -18.00 out-in -0.06  -16.00 out-in -0.21  -14.00 out-in -0.48  -12.00 out-in -0.89  -10.00 out-in -1.47  -8.00 out-in -2.19  -6.00 out-in -3.09  -4.00 out-in -4.14  -2.00 out-in -5.35  0.00 out-in -6.68  (default gain is information only)
linear reference: each position's own gain at its quiet rung's upper level, checked against the lower (must differ by 6 dB within 0.1): -2.43 -2.43 -2.43 -2.43 -2.31 -1.11 -0.05 0.00 -0.00 -0.00 -0.00 -0.09 -0.00 0.00 0.00 0.00 -0.01 -0.00 -0.00 -0.00 -0.00 -0.00 -0.00 -0.00 -0.00 -0.00 -0.00 -0.00
reference ladder: 10 position(s) below the first rung (6@-84 7@-84 8@-72 9@-72 10@-72 11@-60 12@-60 13@-60 14@-60 15@-60)
writes landed by: instack 28
write verify: 28 landed, 0 write_unlanded (skipped), in-stack read already matched on 28 of 28, pump slices total 28, longest confirm 2.6 ms, re-rendered 0
hold doubled at positions: none
still moving AFTER doubling (reading not used): none

pos   norm      display        red@-24  red@-12  red@-6    T(peak)   T-display
  0  0.0000    -130              --       --       --          --          
  1  0.0667    -121.333          --       --       --          --          
  2  0.1333    -112.667          --       --       --          --          
  3  0.2000    -104              --       --       --          --          
  4  0.2667    -95.3333          --       --       --          --          
  5  0.3333    -86.6667          --       --       --          --          
  6  0.4000    -78            21.52    27.21    31.76          --          
  7  0.4667    -69.3333       18.11    23.80    28.34          --          
  8  0.5333    -60.6667       14.64    20.33    24.88          --          
  9  0.5556    -57.7778       13.48    19.18    23.72          --          
 10  0.5667    -56.3334       12.91    18.60    23.14          --          
 11  0.5778    -54.8889       12.24    17.93    22.48          --          
 12  0.6000    -52            11.17    16.86    21.41          --          
 13  0.6222    -49.1111       10.02    15.71    20.26          --          
 14  0.6444    -46.2221        8.86    14.56    19.10          --          
 15  0.6667    -43.3333        7.71    13.40    17.95          --          
 16  0.6889    -40.4444        6.54    12.23    16.78          --          
 17  0.7111    -37.5556        5.40    11.09    15.63          --          
 18  0.7333    -34.6667        4.24     9.93    14.48          --          
 19  0.7556    -31.7779        3.09     8.78    13.32          --          
 20  0.7778    -28.8889        2.04     7.62    12.17          --          
 21  0.8000    -26             1.17     6.47    11.01          --          
 22  0.8222    -23.1111        0.55     5.31     9.86          --          
 23  0.8444    -20.2222        0.18     4.16     8.70          --          
 24  0.8667    -17.3333        0.03     3.08     7.54          --          
 25  0.9000    -13            -0.00     1.82     5.83          --          
 26  0.9333    -8.66671       -0.00     1.12     4.39          --          
 27  1.0000    0              -0.00     0.89     3.09          --          

1 MAP:             certified (ratio unknown (no ratio control): no dB-equivalent map) | sense lower_is_harder | engage -60.00:8 -58.00:9 -56.00:10 -54.00:11 -52.00:12 -50.00:13 -48.00:13 -46.00:14 -44.00:15 -42.00:15 -40.00:16 -38.00:17 -36.00:17 -34.00:18 -32.00:19 -30.00:20 -28.00:20 -26.00:21 -24.00:22 -22.00:22 -20.00:23 -18.00:24 -16.00:24 -14.00:26 -12.00:27 -10.00:27 -8.00:27 -6.00:27 -4.00:27 -2.00:27 0.00:27
2 engage drift:    null  (not a dB display)   (primary; displayLinear unset until the population decides)
   offset IQR:      null
3 displayOffsetDb: null
fixture: AudioUnit_526d5652_12.0.0.rederived.json

CANDIDATE [23] DYN: Stereo/Main Band 2 Comp Threshold - re-derived
host: EJ Map 0.1.0 / arm64 / 48k (native)
threshold: [23] DYN: Stereo/Main Band 2 Comp Threshold unit '' (class bands_or_stages) | positions 16 (16 evenly spaced), one process each, levels quiet to loud
ratio: 16 controls hold the ratio role | auto make-up disabled: no
default-threshold reference ('-12', spec 4.7 check only):  -60.00 out-in -0.00  -58.00 out-in 0.00  -56.00 out-in 0.00  -54.00 out-in -0.00  -52.00 out-in 0.00  -50.00 out-in 0.00  -48.00 out-in -0.00  -46.00 out-in 0.00  -44.00 out-in -0.00  -42.00 out-in -0.00  -40.00 out-in 0.00  -38.00 out-in -0.00  -36.00 out-in 0.00  -34.00 out-in 0.00  -32.00 out-in -0.00  -30.00 out-in 0.00  -28.00 out-in 0.00  -26.00 out-in -0.00  -24.00 out-in 0.00  -22.00 out-in -0.00  -20.00 out-in -0.01  -18.00 out-in -0.06  -16.00 out-in -0.21  -14.00 out-in -0.48  -12.00 out-in -0.89  -10.00 out-in -1.47  -8.00 out-in -2.19  -6.00 out-in -3.09  -4.00 out-in -4.14  -2.00 out-in -5.35  0.00 out-in -6.68  (default gain is information only)
linear reference: each position's own gain at its quiet rung's upper level, checked against the lower (must differ by 6 dB within 0.1): -0.00 -0.00 -0.00 -0.00 -0.00 -0.00 -0.00 -0.00 -0.00 -0.00 -0.00 -0.00 -0.00 -0.00 -0.00 -0.00
reference ladder: 0 position(s) below the first rung
writes landed by: instack 16
write verify: 16 landed, 0 write_unlanded (skipped), in-stack read already matched on 16 of 16, pump slices total 16, longest confirm 2.6 ms, re-rendered 0
hold doubled at positions: none
still moving AFTER doubling (reading not used): none

pos   norm      display        red@-24  red@-12  red@-6    T(peak)   T-display
  0  0.0000    -130           -0.00     0.89     3.09          --          
  1  0.0667    -121.333       -0.00     0.89     3.09          --          
  2  0.1333    -112.667       -0.00     0.89     3.09          --          
  3  0.2000    -104           -0.00     0.89     3.09          --          
  4  0.2667    -95.3333       -0.00     0.89     3.09          --          
  5  0.3333    -86.6667       -0.00     0.89     3.09          --          
  6  0.4000    -78            -0.00     0.89     3.09          --          
  7  0.4667    -69.3333       -0.00     0.89     3.09          --          
  8  0.5333    -60.6667       -0.00     0.89     3.09          --          
  9  0.6000    -52            -0.00     0.89     3.09          --          
 10  0.6667    -43.3333       -0.00     0.89     3.09          --          
 11  0.7333    -34.6667       -0.00     0.89     3.09          --          
 12  0.8000    -26            -0.00     0.89     3.09          --          
 13  0.8667    -17.3333       -0.00     0.89     3.09          --          
 14  0.9333    -8.66671       -0.00     0.89     3.09          --          
 15  1.0000    0              -0.00     0.89     3.09          --          

1 MAP:             flat (no two positions differ by more than 1 dB at any test level) | sense -- | engage -60.00:none -58.00:none -56.00:none -54.00:none -52.00:none -50.00:none -48.00:none -46.00:none -44.00:none -42.00:none -40.00:none -38.00:none -36.00:none -34.00:none -32.00:none -30.00:none -28.00:none -26.00:none -24.00:none -22.00:none -20.00:none -18.00:none -16.00:none -14.00:none -12.00:none -10.00:none -8.00:none -6.00:none -4.00:none -2.00:none 0.00:none
2 engage drift:    null  (not a dB display)   (primary; displayLinear unset until the population decides)
   offset IQR:      null
3 displayOffsetDb: null
fixture: AudioUnit_526d5652_12.0.0.rederived.json

CANDIDATE [28] DYN: Stereo/Main Band 2 Lim Threshold - re-derived
host: EJ Map 0.1.0 / arm64 / 48k (native)
threshold: [28] DYN: Stereo/Main Band 2 Lim Threshold unit '' (class bands_or_stages) | positions 16 (16 evenly spaced), one process each, levels quiet to loud
ratio: 16 controls hold the ratio role | auto make-up disabled: no
default-threshold reference ('0', spec 4.7 check only):  -60.00 out-in -0.00  -58.00 out-in 0.00  -56.00 out-in 0.00  -54.00 out-in -0.00  -52.00 out-in 0.00  -50.00 out-in 0.00  -48.00 out-in -0.00  -46.00 out-in 0.00  -44.00 out-in -0.00  -42.00 out-in -0.00  -40.00 out-in 0.00  -38.00 out-in -0.00  -36.00 out-in 0.00  -34.00 out-in 0.00  -32.00 out-in -0.00  -30.00 out-in 0.00  -28.00 out-in 0.00  -26.00 out-in -0.00  -24.00 out-in 0.00  -22.00 out-in -0.00  -20.00 out-in -0.01  -18.00 out-in -0.06  -16.00 out-in -0.21  -14.00 out-in -0.48  -12.00 out-in -0.89  -10.00 out-in -1.47  -8.00 out-in -2.19  -6.00 out-in -3.09  -4.00 out-in -4.14  -2.00 out-in -5.35  0.00 out-in -6.68  (default gain is information only)
linear reference: each position's own gain at its quiet rung's upper level, checked against the lower (must differ by 6 dB within 0.1): -0.00 -0.00 -0.00 -0.00 -0.00 -0.00 -0.00 -0.00 -0.00 -0.00 -0.00 -0.00 -0.00 -0.00 -0.00 -0.00
reference ladder: 0 position(s) below the first rung
writes landed by: instack 16
write verify: 16 landed, 0 write_unlanded (skipped), in-stack read already matched on 16 of 16, pump slices total 16, longest confirm 2.6 ms, re-rendered 0
hold doubled at positions: none
still moving AFTER doubling (reading not used): none

pos   norm      display        red@-24  red@-12  red@-6    T(peak)   T-display
  0  0.0000    -130           -0.00     0.89     3.09          --          
  1  0.0667    -121.333       -0.00     0.89     3.09          --          
  2  0.1333    -112.667       -0.00     0.89     3.09          --          
  3  0.2000    -104           -0.00     0.89     3.09          --          
  4  0.2667    -95.3333       -0.00     0.89     3.09          --          
  5  0.3333    -86.6667       -0.00     0.89     3.09          --          
  6  0.4000    -78            -0.00     0.89     3.09          --          
  7  0.4667    -69.3333       -0.00     0.89     3.09          --          
  8  0.5333    -60.6667       -0.00     0.89     3.09          --          
  9  0.6000    -52            -0.00     0.89     3.09          --          
 10  0.6667    -43.3333       -0.00     0.89     3.09          --          
 11  0.7333    -34.6667       -0.00     0.89     3.09          --          
 12  0.8000    -26            -0.00     0.89     3.09          --          
 13  0.8667    -17.3333       -0.00     0.89     3.09          --          
 14  0.9333    -8.66671       -0.00     0.89     3.09          --          
 15  1.0000    0              -0.00     0.89     3.09          --          

1 MAP:             flat (no two positions differ by more than 1 dB at any test level) | sense -- | engage -60.00:none -58.00:none -56.00:none -54.00:none -52.00:none -50.00:none -48.00:none -46.00:none -44.00:none -42.00:none -40.00:none -38.00:none -36.00:none -34.00:none -32.00:none -30.00:none -28.00:none -26.00:none -24.00:none -22.00:none -20.00:none -18.00:none -16.00:none -14.00:none -12.00:none -10.00:none -8.00:none -6.00:none -4.00:none -2.00:none 0.00:none
2 engage drift:    null  (not a dB display)   (primary; displayLinear unset until the population decides)
   offset IQR:      null
3 displayOffsetDb: null
fixture: AudioUnit_526d5652_12.0.0.rederived.json

CANDIDATE [35] DYN: Stereo/Main Band 3 Comp Threshold - re-derived
host: EJ Map 0.1.0 / arm64 / 48k (native)
threshold: [35] DYN: Stereo/Main Band 3 Comp Threshold unit '' (class bands_or_stages) | positions 16 (16 evenly spaced), one process each, levels quiet to loud
ratio: 16 controls hold the ratio role | auto make-up disabled: no
default-threshold reference ('-12', spec 4.7 check only):  -60.00 out-in -0.00  -58.00 out-in 0.00  -56.00 out-in 0.00  -54.00 out-in -0.00  -52.00 out-in 0.00  -50.00 out-in 0.00  -48.00 out-in -0.00  -46.00 out-in 0.00  -44.00 out-in -0.00  -42.00 out-in -0.00  -40.00 out-in 0.00  -38.00 out-in -0.00  -36.00 out-in 0.00  -34.00 out-in 0.00  -32.00 out-in -0.00  -30.00 out-in 0.00  -28.00 out-in 0.00  -26.00 out-in -0.00  -24.00 out-in 0.00  -22.00 out-in -0.00  -20.00 out-in -0.01  -18.00 out-in -0.06  -16.00 out-in -0.21  -14.00 out-in -0.48  -12.00 out-in -0.89  -10.00 out-in -1.47  -8.00 out-in -2.19  -6.00 out-in -3.09  -4.00 out-in -4.14  -2.00 out-in -5.35  0.00 out-in -6.68  (default gain is information only)
linear reference: each position's own gain at its quiet rung's upper level, checked against the lower (must differ by 6 dB within 0.1): -0.00 -0.00 -0.00 -0.00 -0.00 -0.00 -0.00 -0.00 -0.00 -0.00 -0.00 -0.00 -0.00 -0.00 -0.00 -0.00
reference ladder: 0 position(s) below the first rung
writes landed by: instack 16
write verify: 16 landed, 0 write_unlanded (skipped), in-stack read already matched on 16 of 16, pump slices total 16, longest confirm 2.6 ms, re-rendered 0
hold doubled at positions: none
still moving AFTER doubling (reading not used): none

pos   norm      display        red@-24  red@-12  red@-6    T(peak)   T-display
  0  0.0000    -130           -0.00     0.89     3.09          --          
  1  0.0667    -121.333       -0.00     0.89     3.09          --          
  2  0.1333    -112.667       -0.00     0.89     3.09          --          
  3  0.2000    -104           -0.00     0.89     3.09          --          
  4  0.2667    -95.3333       -0.00     0.89     3.09          --          
  5  0.3333    -86.6667       -0.00     0.89     3.09          --          
  6  0.4000    -78            -0.00     0.89     3.09          --          
  7  0.4667    -69.3333       -0.00     0.89     3.09          --          
  8  0.5333    -60.6667       -0.00     0.89     3.09          --          
  9  0.6000    -52            -0.00     0.89     3.09          --          
 10  0.6667    -43.3333       -0.00     0.89     3.09          --          
 11  0.7333    -34.6667       -0.00     0.89     3.09          --          
 12  0.8000    -26            -0.00     0.89     3.09          --          
 13  0.8667    -17.3333       -0.00     0.89     3.09          --          
 14  0.9333    -8.66671       -0.00     0.89     3.09          --          
 15  1.0000    0              -0.00     0.89     3.09          --          

1 MAP:             flat (no two positions differ by more than 1 dB at any test level) | sense -- | engage -60.00:none -58.00:none -56.00:none -54.00:none -52.00:none -50.00:none -48.00:none -46.00:none -44.00:none -42.00:none -40.00:none -38.00:none -36.00:none -34.00:none -32.00:none -30.00:none -28.00:none -26.00:none -24.00:none -22.00:none -20.00:none -18.00:none -16.00:none -14.00:none -12.00:none -10.00:none -8.00:none -6.00:none -4.00:none -2.00:none 0.00:none
2 engage drift:    null  (not a dB display)   (primary; displayLinear unset until the population decides)
   offset IQR:      null
3 displayOffsetDb: null
fixture: AudioUnit_526d5652_12.0.0.rederived.json

CANDIDATE [40] DYN: Stereo/Main Band 3 Lim Threshold - re-derived
host: EJ Map 0.1.0 / arm64 / 48k (native)
threshold: [40] DYN: Stereo/Main Band 3 Lim Threshold unit '' (class bands_or_stages) | positions 16 (16 evenly spaced), one process each, levels quiet to loud
ratio: 16 controls hold the ratio role | auto make-up disabled: no
default-threshold reference ('0', spec 4.7 check only):  -60.00 out-in -0.00  -58.00 out-in 0.00  -56.00 out-in 0.00  -54.00 out-in -0.00  -52.00 out-in 0.00  -50.00 out-in 0.00  -48.00 out-in -0.00  -46.00 out-in 0.00  -44.00 out-in -0.00  -42.00 out-in -0.00  -40.00 out-in 0.00  -38.00 out-in -0.00  -36.00 out-in 0.00  -34.00 out-in 0.00  -32.00 out-in -0.00  -30.00 out-in 0.00  -28.00 out-in 0.00  -26.00 out-in -0.00  -24.00 out-in 0.00  -22.00 out-in -0.00  -20.00 out-in -0.01  -18.00 out-in -0.06  -16.00 out-in -0.21  -14.00 out-in -0.48  -12.00 out-in -0.89  -10.00 out-in -1.47  -8.00 out-in -2.19  -6.00 out-in -3.09  -4.00 out-in -4.14  -2.00 out-in -5.35  0.00 out-in -6.68  (default gain is information only)
linear reference: each position's own gain at its quiet rung's upper level, checked against the lower (must differ by 6 dB within 0.1): -0.00 -0.00 -0.00 -0.00 -0.00 -0.00 -0.00 -0.00 -0.00 -0.00 -0.00 -0.00 -0.00 -0.00 -0.00 -0.00
reference ladder: 0 position(s) below the first rung
writes landed by: instack 16
write verify: 16 landed, 0 write_unlanded (skipped), in-stack read already matched on 16 of 16, pump slices total 16, longest confirm 2.6 ms, re-rendered 0
hold doubled at positions: none
still moving AFTER doubling (reading not used): none

pos   norm      display        red@-24  red@-12  red@-6    T(peak)   T-display
  0  0.0000    -130           -0.00     0.89     3.09          --          
  1  0.0667    -121.333       -0.00     0.89     3.09          --          
  2  0.1333    -112.667       -0.00     0.89     3.09          --          
  3  0.2000    -104           -0.00     0.89     3.09          --          
  4  0.2667    -95.3333       -0.00     0.89     3.09          --          
  5  0.3333    -86.6667       -0.00     0.89     3.09          --          
  6  0.4000    -78            -0.00     0.89     3.09          --          
  7  0.4667    -69.3333       -0.00     0.89     3.09          --          
  8  0.5333    -60.6667       -0.00     0.89     3.09          --          
  9  0.6000    -52            -0.00     0.89     3.09          --          
 10  0.6667    -43.3333       -0.00     0.89     3.09          --          
 11  0.7333    -34.6667       -0.00     0.89     3.09          --          
 12  0.8000    -26            -0.00     0.89     3.09          --          
 13  0.8667    -17.3333       -0.00     0.89     3.09          --          
 14  0.9333    -8.66671       -0.00     0.89     3.09          --          
 15  1.0000    0              -0.00     0.89     3.09          --          

1 MAP:             flat (no two positions differ by more than 1 dB at any test level) | sense -- | engage -60.00:none -58.00:none -56.00:none -54.00:none -52.00:none -50.00:none -48.00:none -46.00:none -44.00:none -42.00:none -40.00:none -38.00:none -36.00:none -34.00:none -32.00:none -30.00:none -28.00:none -26.00:none -24.00:none -22.00:none -20.00:none -18.00:none -16.00:none -14.00:none -12.00:none -10.00:none -8.00:none -6.00:none -4.00:none -2.00:none 0.00:none
2 engage drift:    null  (not a dB display)   (primary; displayLinear unset until the population decides)
   offset IQR:      null
3 displayOffsetDb: null
fixture: AudioUnit_526d5652_12.0.0.rederived.json

CANDIDATE [47] DYN: Stereo/Main Band 4 Comp Threshold - re-derived
host: EJ Map 0.1.0 / arm64 / 48k (native)
threshold: [47] DYN: Stereo/Main Band 4 Comp Threshold unit '' (class bands_or_stages) | positions 16 (16 evenly spaced), one process each, levels quiet to loud
ratio: 16 controls hold the ratio role | auto make-up disabled: no
default-threshold reference ('-12', spec 4.7 check only):  -60.00 out-in -0.00  -58.00 out-in 0.00  -56.00 out-in 0.00  -54.00 out-in -0.00  -52.00 out-in 0.00  -50.00 out-in 0.00  -48.00 out-in -0.00  -46.00 out-in 0.00  -44.00 out-in -0.00  -42.00 out-in -0.00  -40.00 out-in 0.00  -38.00 out-in -0.00  -36.00 out-in 0.00  -34.00 out-in 0.00  -32.00 out-in -0.00  -30.00 out-in 0.00  -28.00 out-in 0.00  -26.00 out-in -0.00  -24.00 out-in 0.00  -22.00 out-in -0.00  -20.00 out-in -0.01  -18.00 out-in -0.06  -16.00 out-in -0.21  -14.00 out-in -0.48  -12.00 out-in -0.89  -10.00 out-in -1.47  -8.00 out-in -2.19  -6.00 out-in -3.09  -4.00 out-in -4.14  -2.00 out-in -5.35  0.00 out-in -6.68  (default gain is information only)
linear reference: each position's own gain at its quiet rung's upper level, checked against the lower (must differ by 6 dB within 0.1): -0.00 -0.00 -0.00 -0.00 -0.00 -0.00 -0.00 -0.00 -0.00 -0.00 -0.00 -0.00 -0.00 -0.00 -0.00 -0.00
reference ladder: 0 position(s) below the first rung
writes landed by: instack 16
write verify: 16 landed, 0 write_unlanded (skipped), in-stack read already matched on 16 of 16, pump slices total 16, longest confirm 2.6 ms, re-rendered 0
hold doubled at positions: none
still moving AFTER doubling (reading not used): none

pos   norm      display        red@-24  red@-12  red@-6    T(peak)   T-display
  0  0.0000    -130           -0.00     0.89     3.09          --          
  1  0.0667    -121.333       -0.00     0.89     3.09          --          
  2  0.1333    -112.667       -0.00     0.89     3.09          --          
  3  0.2000    -104           -0.00     0.89     3.09          --          
  4  0.2667    -95.3333       -0.00     0.89     3.09          --          
  5  0.3333    -86.6667       -0.00     0.89     3.09          --          
  6  0.4000    -78            -0.00     0.89     3.09          --          
  7  0.4667    -69.3333       -0.00     0.89     3.09          --          
  8  0.5333    -60.6667       -0.00     0.89     3.09          --          
  9  0.6000    -52            -0.00     0.89     3.09          --          
 10  0.6667    -43.3333       -0.00     0.89     3.09          --          
 11  0.7333    -34.6667       -0.00     0.89     3.09          --          
 12  0.8000    -26            -0.00     0.89     3.09          --          
 13  0.8667    -17.3333       -0.00     0.89     3.09          --          
 14  0.9333    -8.66671       -0.00     0.89     3.09          --          
 15  1.0000    0              -0.00     0.89     3.09          --          

1 MAP:             flat (no two positions differ by more than 1 dB at any test level) | sense -- | engage -60.00:none -58.00:none -56.00:none -54.00:none -52.00:none -50.00:none -48.00:none -46.00:none -44.00:none -42.00:none -40.00:none -38.00:none -36.00:none -34.00:none -32.00:none -30.00:none -28.00:none -26.00:none -24.00:none -22.00:none -20.00:none -18.00:none -16.00:none -14.00:none -12.00:none -10.00:none -8.00:none -6.00:none -4.00:none -2.00:none 0.00:none
2 engage drift:    null  (not a dB display)   (primary; displayLinear unset until the population decides)
   offset IQR:      null
3 displayOffsetDb: null
fixture: AudioUnit_526d5652_12.0.0.rederived.json

CANDIDATE [52] DYN: Stereo/Main Band 4 Lim Threshold - re-derived
host: EJ Map 0.1.0 / arm64 / 48k (native)
threshold: [52] DYN: Stereo/Main Band 4 Lim Threshold unit '' (class bands_or_stages) | positions 16 (16 evenly spaced), one process each, levels quiet to loud
ratio: 16 controls hold the ratio role | auto make-up disabled: no
default-threshold reference ('0', spec 4.7 check only):  -60.00 out-in -0.00  -58.00 out-in 0.00  -56.00 out-in 0.00  -54.00 out-in -0.00  -52.00 out-in 0.00  -50.00 out-in 0.00  -48.00 out-in -0.00  -46.00 out-in 0.00  -44.00 out-in -0.00  -42.00 out-in -0.00  -40.00 out-in 0.00  -38.00 out-in -0.00  -36.00 out-in 0.00  -34.00 out-in 0.00  -32.00 out-in -0.00  -30.00 out-in 0.00  -28.00 out-in 0.00  -26.00 out-in -0.00  -24.00 out-in 0.00  -22.00 out-in -0.00  -20.00 out-in -0.01  -18.00 out-in -0.06  -16.00 out-in -0.21  -14.00 out-in -0.48  -12.00 out-in -0.89  -10.00 out-in -1.47  -8.00 out-in -2.19  -6.00 out-in -3.09  -4.00 out-in -4.14  -2.00 out-in -5.35  0.00 out-in -6.68  (default gain is information only)
linear reference: each position's own gain at its quiet rung's upper level, checked against the lower (must differ by 6 dB within 0.1): -0.00 -0.00 -0.00 -0.00 -0.00 -0.00 -0.00 -0.00 -0.00 -0.00 -0.00 -0.00 -0.00 -0.00 -0.00 -0.00
reference ladder: 0 position(s) below the first rung
writes landed by: instack 16
write verify: 16 landed, 0 write_unlanded (skipped), in-stack read already matched on 16 of 16, pump slices total 16, longest confirm 2.6 ms, re-rendered 0
hold doubled at positions: none
still moving AFTER doubling (reading not used): none

pos   norm      display        red@-24  red@-12  red@-6    T(peak)   T-display
  0  0.0000    -130           -0.00     0.89     3.09          --          
  1  0.0667    -121.333       -0.00     0.89     3.09          --          
  2  0.1333    -112.667       -0.00     0.89     3.09          --          
  3  0.2000    -104           -0.00     0.89     3.09          --          
  4  0.2667    -95.3333       -0.00     0.89     3.09          --          
  5  0.3333    -86.6667       -0.00     0.89     3.09          --          
  6  0.4000    -78            -0.00     0.89     3.09          --          
  7  0.4667    -69.3333       -0.00     0.89     3.09          --          
  8  0.5333    -60.6667       -0.00     0.89     3.09          --          
  9  0.6000    -52            -0.00     0.89     3.09          --          
 10  0.6667    -43.3333       -0.00     0.89     3.09          --          
 11  0.7333    -34.6667       -0.00     0.89     3.09          --          
 12  0.8000    -26            -0.00     0.89     3.09          --          
 13  0.8667    -17.3333       -0.00     0.89     3.09          --          
 14  0.9333    -8.66671       -0.00     0.89     3.09          --          
 15  1.0000    0              -0.00     0.89     3.09          --          

1 MAP:             flat (no two positions differ by more than 1 dB at any test level) | sense -- | engage -60.00:none -58.00:none -56.00:none -54.00:none -52.00:none -50.00:none -48.00:none -46.00:none -44.00:none -42.00:none -40.00:none -38.00:none -36.00:none -34.00:none -32.00:none -30.00:none -28.00:none -26.00:none -24.00:none -22.00:none -20.00:none -18.00:none -16.00:none -14.00:none -12.00:none -10.00:none -8.00:none -6.00:none -4.00:none -2.00:none 0.00:none
2 engage drift:    null  (not a dB display)   (primary; displayLinear unset until the population decides)
   offset IQR:      null
3 displayOffsetDb: null
fixture: AudioUnit_526d5652_12.0.0.rederived.json

CANDIDATE [66] DYN: Aux Band 1 Comp Threshold - re-derived
host: EJ Map 0.1.0 / arm64 / 48k (native)
threshold: [66] DYN: Aux Band 1 Comp Threshold unit '' (class bands_or_stages) | positions 16 (16 evenly spaced), one process each, levels quiet to loud
ratio: 16 controls hold the ratio role | auto make-up disabled: no
default-threshold reference ('-12', spec 4.7 check only):  -60.00 out-in -0.00  -58.00 out-in 0.00  -56.00 out-in 0.00  -54.00 out-in -0.00  -52.00 out-in 0.00  -50.00 out-in 0.00  -48.00 out-in -0.00  -46.00 out-in 0.00  -44.00 out-in -0.00  -42.00 out-in -0.00  -40.00 out-in 0.00  -38.00 out-in -0.00  -36.00 out-in 0.00  -34.00 out-in 0.00  -32.00 out-in -0.00  -30.00 out-in 0.00  -28.00 out-in 0.00  -26.00 out-in -0.00  -24.00 out-in 0.00  -22.00 out-in -0.00  -20.00 out-in -0.01  -18.00 out-in -0.06  -16.00 out-in -0.21  -14.00 out-in -0.48  -12.00 out-in -0.89  -10.00 out-in -1.47  -8.00 out-in -2.19  -6.00 out-in -3.09  -4.00 out-in -4.14  -2.00 out-in -5.35  0.00 out-in -6.68  (default gain is information only)
linear reference: each position's own gain at its quiet rung's upper level, checked against the lower (must differ by 6 dB within 0.1): -0.00 -0.00 -0.00 -0.00 -0.00 -0.00 -0.00 -0.00 -0.00 -0.00 -0.00 -0.00 -0.00 -0.00 -0.00 -0.00
reference ladder: 0 position(s) below the first rung
writes landed by: instack 16
write verify: 16 landed, 0 write_unlanded (skipped), in-stack read already matched on 16 of 16, pump slices total 16, longest confirm 2.6 ms, re-rendered 0
hold doubled at positions: none
still moving AFTER doubling (reading not used): none

pos   norm      display        red@-24  red@-12  red@-6    T(peak)   T-display
  0  0.0000    -130           -0.00     0.89     3.09          --          
  1  0.0667    -121.333       -0.00     0.89     3.09          --          
  2  0.1333    -112.667       -0.00     0.89     3.09          --          
  3  0.2000    -104           -0.00     0.89     3.09          --          
  4  0.2667    -95.3333       -0.00     0.89     3.09          --          
  5  0.3333    -86.6667       -0.00     0.89     3.09          --          
  6  0.4000    -78            -0.00     0.89     3.09          --          
  7  0.4667    -69.3333       -0.00     0.89     3.09          --          
  8  0.5333    -60.6667       -0.00     0.89     3.09          --          
  9  0.6000    -52            -0.00     0.89     3.09          --          
 10  0.6667    -43.3333       -0.00     0.89     3.09          --          
 11  0.7333    -34.6667       -0.00     0.89     3.09          --          
 12  0.8000    -26            -0.00     0.89     3.09          --          
 13  0.8667    -17.3333       -0.00     0.89     3.09          --          
 14  0.9333    -8.66671       -0.00     0.89     3.09          --          
 15  1.0000    0              -0.00     0.89     3.09          --          

1 MAP:             flat (no two positions differ by more than 1 dB at any test level) | sense -- | engage -60.00:none -58.00:none -56.00:none -54.00:none -52.00:none -50.00:none -48.00:none -46.00:none -44.00:none -42.00:none -40.00:none -38.00:none -36.00:none -34.00:none -32.00:none -30.00:none -28.00:none -26.00:none -24.00:none -22.00:none -20.00:none -18.00:none -16.00:none -14.00:none -12.00:none -10.00:none -8.00:none -6.00:none -4.00:none -2.00:none 0.00:none
2 engage drift:    null  (not a dB display)   (primary; displayLinear unset until the population decides)
   offset IQR:      null
3 displayOffsetDb: null
fixture: AudioUnit_526d5652_12.0.0.rederived.json

CANDIDATE [71] DYN: Aux Band 1 Lim Threshold - re-derived
host: EJ Map 0.1.0 / arm64 / 48k (native)
threshold: [71] DYN: Aux Band 1 Lim Threshold unit '' (class bands_or_stages) | positions 16 (16 evenly spaced), one process each, levels quiet to loud
ratio: 16 controls hold the ratio role | auto make-up disabled: no
default-threshold reference ('0', spec 4.7 check only):  -60.00 out-in -0.00  -58.00 out-in 0.00  -56.00 out-in 0.00  -54.00 out-in -0.00  -52.00 out-in 0.00  -50.00 out-in 0.00  -48.00 out-in -0.00  -46.00 out-in 0.00  -44.00 out-in -0.00  -42.00 out-in -0.00  -40.00 out-in 0.00  -38.00 out-in -0.00  -36.00 out-in 0.00  -34.00 out-in 0.00  -32.00 out-in -0.00  -30.00 out-in 0.00  -28.00 out-in 0.00  -26.00 out-in -0.00  -24.00 out-in 0.00  -22.00 out-in -0.00  -20.00 out-in -0.01  -18.00 out-in -0.06  -16.00 out-in -0.21  -14.00 out-in -0.48  -12.00 out-in -0.89  -10.00 out-in -1.47  -8.00 out-in -2.19  -6.00 out-in -3.09  -4.00 out-in -4.14  -2.00 out-in -5.35  0.00 out-in -6.68  (default gain is information only)
linear reference: each position's own gain at its quiet rung's upper level, checked against the lower (must differ by 6 dB within 0.1): -0.00 -0.00 -0.00 -0.00 -0.00 -0.00 -0.00 -0.00 -0.00 -0.00 -0.00 -0.00 -0.00 -0.00 -0.00 -0.00
reference ladder: 0 position(s) below the first rung
writes landed by: instack 16
write verify: 16 landed, 0 write_unlanded (skipped), in-stack read already matched on 16 of 16, pump slices total 16, longest confirm 2.6 ms, re-rendered 0
hold doubled at positions: none
still moving AFTER doubling (reading not used): none

pos   norm      display        red@-24  red@-12  red@-6    T(peak)   T-display
  0  0.0000    -130           -0.00     0.89     3.09          --          
  1  0.0667    -121.333       -0.00     0.89     3.09          --          
  2  0.1333    -112.667       -0.00     0.89     3.09          --          
  3  0.2000    -104           -0.00     0.89     3.09          --          
  4  0.2667    -95.3333       -0.00     0.89     3.09          --          
  5  0.3333    -86.6667       -0.00     0.89     3.09          --          
  6  0.4000    -78            -0.00     0.89     3.09          --          
  7  0.4667    -69.3333       -0.00     0.89     3.09          --          
  8  0.5333    -60.6667       -0.00     0.89     3.09          --          
  9  0.6000    -52            -0.00     0.89     3.09          --          
 10  0.6667    -43.3333       -0.00     0.89     3.09          --          
 11  0.7333    -34.6667       -0.00     0.89     3.09          --          
 12  0.8000    -26            -0.00     0.89     3.09          --          
 13  0.8667    -17.3333       -0.00     0.89     3.09          --          
 14  0.9333    -8.66671       -0.00     0.89     3.09          --          
 15  1.0000    0              -0.00     0.89     3.09          --          

1 MAP:             flat (no two positions differ by more than 1 dB at any test level) | sense -- | engage -60.00:none -58.00:none -56.00:none -54.00:none -52.00:none -50.00:none -48.00:none -46.00:none -44.00:none -42.00:none -40.00:none -38.00:none -36.00:none -34.00:none -32.00:none -30.00:none -28.00:none -26.00:none -24.00:none -22.00:none -20.00:none -18.00:none -16.00:none -14.00:none -12.00:none -10.00:none -8.00:none -6.00:none -4.00:none -2.00:none 0.00:none
2 engage drift:    null  (not a dB display)   (primary; displayLinear unset until the population decides)
   offset IQR:      null
3 displayOffsetDb: null
fixture: AudioUnit_526d5652_12.0.0.rederived.json

CANDIDATE [78] DYN: Aux Band 2 Comp Threshold - re-derived
host: EJ Map 0.1.0 / arm64 / 48k (native)
threshold: [78] DYN: Aux Band 2 Comp Threshold unit '' (class bands_or_stages) | positions 16 (16 evenly spaced), one process each, levels quiet to loud
ratio: 16 controls hold the ratio role | auto make-up disabled: no
default-threshold reference ('-12', spec 4.7 check only):  -60.00 out-in -0.00  -58.00 out-in 0.00  -56.00 out-in 0.00  -54.00 out-in -0.00  -52.00 out-in 0.00  -50.00 out-in 0.00  -48.00 out-in -0.00  -46.00 out-in 0.00  -44.00 out-in -0.00  -42.00 out-in -0.00  -40.00 out-in 0.00  -38.00 out-in -0.00  -36.00 out-in 0.00  -34.00 out-in 0.00  -32.00 out-in -0.00  -30.00 out-in 0.00  -28.00 out-in 0.00  -26.00 out-in -0.00  -24.00 out-in 0.00  -22.00 out-in -0.00  -20.00 out-in -0.01  -18.00 out-in -0.06  -16.00 out-in -0.21  -14.00 out-in -0.48  -12.00 out-in -0.89  -10.00 out-in -1.47  -8.00 out-in -2.19  -6.00 out-in -3.09  -4.00 out-in -4.14  -2.00 out-in -5.35  0.00 out-in -6.68  (default gain is information only)
linear reference: each position's own gain at its quiet rung's upper level, checked against the lower (must differ by 6 dB within 0.1): -0.00 -0.00 -0.00 -0.00 -0.00 -0.00 -0.00 -0.00 -0.00 -0.00 -0.00 -0.00 -0.00 -0.00 -0.00 -0.00
reference ladder: 0 position(s) below the first rung
writes landed by: instack 16
write verify: 16 landed, 0 write_unlanded (skipped), in-stack read already matched on 16 of 16, pump slices total 16, longest confirm 2.6 ms, re-rendered 0
hold doubled at positions: none
still moving AFTER doubling (reading not used): none

pos   norm      display        red@-24  red@-12  red@-6    T(peak)   T-display
  0  0.0000    -130           -0.00     0.89     3.09          --          
  1  0.0667    -121.333       -0.00     0.89     3.09          --          
  2  0.1333    -112.667       -0.00     0.89     3.09          --          
  3  0.2000    -104           -0.00     0.89     3.09          --          
  4  0.2667    -95.3333       -0.00     0.89     3.09          --          
  5  0.3333    -86.6667       -0.00     0.89     3.09          --          
  6  0.4000    -78            -0.00     0.89     3.09          --          
  7  0.4667    -69.3333       -0.00     0.89     3.09          --          
  8  0.5333    -60.6667       -0.00     0.89     3.09          --          
  9  0.6000    -52            -0.00     0.89     3.09          --          
 10  0.6667    -43.3333       -0.00     0.89     3.09          --          
 11  0.7333    -34.6667       -0.00     0.89     3.09          --          
 12  0.8000    -26            -0.00     0.89     3.09          --          
 13  0.8667    -17.3333       -0.00     0.89     3.09          --          
 14  0.9333    -8.66671       -0.00     0.89     3.09          --          
 15  1.0000    0              -0.00     0.89     3.09          --          

1 MAP:             flat (no two positions differ by more than 1 dB at any test level) | sense -- | engage -60.00:none -58.00:none -56.00:none -54.00:none -52.00:none -50.00:none -48.00:none -46.00:none -44.00:none -42.00:none -40.00:none -38.00:none -36.00:none -34.00:none -32.00:none -30.00:none -28.00:none -26.00:none -24.00:none -22.00:none -20.00:none -18.00:none -16.00:none -14.00:none -12.00:none -10.00:none -8.00:none -6.00:none -4.00:none -2.00:none 0.00:none
2 engage drift:    null  (not a dB display)   (primary; displayLinear unset until the population decides)
   offset IQR:      null
3 displayOffsetDb: null
fixture: AudioUnit_526d5652_12.0.0.rederived.json

CANDIDATE [83] DYN: Aux Band 2 Lim Threshold - re-derived
host: EJ Map 0.1.0 / arm64 / 48k (native)
threshold: [83] DYN: Aux Band 2 Lim Threshold unit '' (class bands_or_stages) | positions 16 (16 evenly spaced), one process each, levels quiet to loud
ratio: 16 controls hold the ratio role | auto make-up disabled: no
default-threshold reference ('0', spec 4.7 check only):  -60.00 out-in -0.00  -58.00 out-in 0.00  -56.00 out-in 0.00  -54.00 out-in -0.00  -52.00 out-in 0.00  -50.00 out-in 0.00  -48.00 out-in -0.00  -46.00 out-in 0.00  -44.00 out-in -0.00  -42.00 out-in -0.00  -40.00 out-in 0.00  -38.00 out-in -0.00  -36.00 out-in 0.00  -34.00 out-in 0.00  -32.00 out-in -0.00  -30.00 out-in 0.00  -28.00 out-in 0.00  -26.00 out-in -0.00  -24.00 out-in 0.00  -22.00 out-in -0.00  -20.00 out-in -0.01  -18.00 out-in -0.06  -16.00 out-in -0.21  -14.00 out-in -0.48  -12.00 out-in -0.89  -10.00 out-in -1.47  -8.00 out-in -2.19  -6.00 out-in -3.09  -4.00 out-in -4.14  -2.00 out-in -5.35  0.00 out-in -6.68  (default gain is information only)
linear reference: each position's own gain at its quiet rung's upper level, checked against the lower (must differ by 6 dB within 0.1): -0.00 -0.00 -0.00 -0.00 -0.00 -0.00 -0.00 -0.00 -0.00 -0.00 -0.00 -0.00 -0.00 -0.00 -0.00 -0.00
reference ladder: 0 position(s) below the first rung
writes landed by: instack 16
write verify: 16 landed, 0 write_unlanded (skipped), in-stack read already matched on 16 of 16, pump slices total 16, longest confirm 2.7 ms, re-rendered 0
hold doubled at positions: none
still moving AFTER doubling (reading not used): none

pos   norm      display        red@-24  red@-12  red@-6    T(peak)   T-display
  0  0.0000    -130           -0.00     0.89     3.09          --          
  1  0.0667    -121.333       -0.00     0.89     3.09          --          
  2  0.1333    -112.667       -0.00     0.89     3.09          --          
  3  0.2000    -104           -0.00     0.89     3.09          --          
  4  0.2667    -95.3333       -0.00     0.89     3.09          --          
  5  0.3333    -86.6667       -0.00     0.89     3.09          --          
  6  0.4000    -78            -0.00     0.89     3.09          --          
  7  0.4667    -69.3333       -0.00     0.89     3.09          --          
  8  0.5333    -60.6667       -0.00     0.89     3.09          --          
  9  0.6000    -52            -0.00     0.89     3.09          --          
 10  0.6667    -43.3333       -0.00     0.89     3.09          --          
 11  0.7333    -34.6667       -0.00     0.89     3.09          --          
 12  0.8000    -26            -0.00     0.89     3.09          --          
 13  0.8667    -17.3333       -0.00     0.89     3.09          --          
 14  0.9333    -8.66671       -0.00     0.89     3.09          --          
 15  1.0000    0              -0.00     0.89     3.09          --          

1 MAP:             flat (no two positions differ by more than 1 dB at any test level) | sense -- | engage -60.00:none -58.00:none -56.00:none -54.00:none -52.00:none -50.00:none -48.00:none -46.00:none -44.00:none -42.00:none -40.00:none -38.00:none -36.00:none -34.00:none -32.00:none -30.00:none -28.00:none -26.00:none -24.00:none -22.00:none -20.00:none -18.00:none -16.00:none -14.00:none -12.00:none -10.00:none -8.00:none -6.00:none -4.00:none -2.00:none 0.00:none
2 engage drift:    null  (not a dB display)   (primary; displayLinear unset until the population decides)
   offset IQR:      null
3 displayOffsetDb: null
fixture: AudioUnit_526d5652_12.0.0.rederived.json

CANDIDATE [90] DYN: Aux Band 3 Comp Threshold - re-derived
host: EJ Map 0.1.0 / arm64 / 48k (native)
threshold: [90] DYN: Aux Band 3 Comp Threshold unit '' (class bands_or_stages) | positions 16 (16 evenly spaced), one process each, levels quiet to loud
ratio: 16 controls hold the ratio role | auto make-up disabled: no
default-threshold reference ('-12', spec 4.7 check only):  -60.00 out-in -0.00  -58.00 out-in 0.00  -56.00 out-in 0.00  -54.00 out-in -0.00  -52.00 out-in 0.00  -50.00 out-in 0.00  -48.00 out-in -0.00  -46.00 out-in 0.00  -44.00 out-in -0.00  -42.00 out-in -0.00  -40.00 out-in 0.00  -38.00 out-in -0.00  -36.00 out-in 0.00  -34.00 out-in 0.00  -32.00 out-in -0.00  -30.00 out-in 0.00  -28.00 out-in 0.00  -26.00 out-in -0.00  -24.00 out-in 0.00  -22.00 out-in -0.00  -20.00 out-in -0.01  -18.00 out-in -0.06  -16.00 out-in -0.21  -14.00 out-in -0.48  -12.00 out-in -0.89  -10.00 out-in -1.47  -8.00 out-in -2.19  -6.00 out-in -3.09  -4.00 out-in -4.14  -2.00 out-in -5.35  0.00 out-in -6.68  (default gain is information only)
linear reference: each position's own gain at its quiet rung's upper level, checked against the lower (must differ by 6 dB within 0.1): -0.00 -0.00 -0.00 -0.00 -0.00 -0.00 -0.00 -0.00 -0.00 -0.00 -0.00 -0.00 -0.00 -0.00 -0.00 -0.00
reference ladder: 0 position(s) below the first rung
writes landed by: instack 16
write verify: 16 landed, 0 write_unlanded (skipped), in-stack read already matched on 16 of 16, pump slices total 16, longest confirm 2.6 ms, re-rendered 0
hold doubled at positions: none
still moving AFTER doubling (reading not used): none

pos   norm      display        red@-24  red@-12  red@-6    T(peak)   T-display
  0  0.0000    -130           -0.00     0.89     3.09          --          
  1  0.0667    -121.333       -0.00     0.89     3.09          --          
  2  0.1333    -112.667       -0.00     0.89     3.09          --          
  3  0.2000    -104           -0.00     0.89     3.09          --          
  4  0.2667    -95.3333       -0.00     0.89     3.09          --          
  5  0.3333    -86.6667       -0.00     0.89     3.09          --          
  6  0.4000    -78            -0.00     0.89     3.09          --          
  7  0.4667    -69.3333       -0.00     0.89     3.09          --          
  8  0.5333    -60.6667       -0.00     0.89     3.09          --          
  9  0.6000    -52            -0.00     0.89     3.09          --          
 10  0.6667    -43.3333       -0.00     0.89     3.09          --          
 11  0.7333    -34.6667       -0.00     0.89     3.09          --          
 12  0.8000    -26            -0.00     0.89     3.09          --          
 13  0.8667    -17.3333       -0.00     0.89     3.09          --          
 14  0.9333    -8.66671       -0.00     0.89     3.09          --          
 15  1.0000    0              -0.00     0.89     3.09          --          

1 MAP:             flat (no two positions differ by more than 1 dB at any test level) | sense -- | engage -60.00:none -58.00:none -56.00:none -54.00:none -52.00:none -50.00:none -48.00:none -46.00:none -44.00:none -42.00:none -40.00:none -38.00:none -36.00:none -34.00:none -32.00:none -30.00:none -28.00:none -26.00:none -24.00:none -22.00:none -20.00:none -18.00:none -16.00:none -14.00:none -12.00:none -10.00:none -8.00:none -6.00:none -4.00:none -2.00:none 0.00:none
2 engage drift:    null  (not a dB display)   (primary; displayLinear unset until the population decides)
   offset IQR:      null
3 displayOffsetDb: null
fixture: AudioUnit_526d5652_12.0.0.rederived.json

CANDIDATE [95] DYN: Aux Band 3 Lim Threshold - re-derived
host: EJ Map 0.1.0 / arm64 / 48k (native)
threshold: [95] DYN: Aux Band 3 Lim Threshold unit '' (class bands_or_stages) | positions 16 (16 evenly spaced), one process each, levels quiet to loud
ratio: 16 controls hold the ratio role | auto make-up disabled: no
default-threshold reference ('0', spec 4.7 check only):  -60.00 out-in -0.00  -58.00 out-in 0.00  -56.00 out-in 0.00  -54.00 out-in -0.00  -52.00 out-in 0.00  -50.00 out-in 0.00  -48.00 out-in -0.00  -46.00 out-in 0.00  -44.00 out-in -0.00  -42.00 out-in -0.00  -40.00 out-in 0.00  -38.00 out-in -0.00  -36.00 out-in 0.00  -34.00 out-in 0.00  -32.00 out-in -0.00  -30.00 out-in 0.00  -28.00 out-in 0.00  -26.00 out-in -0.00  -24.00 out-in 0.00  -22.00 out-in -0.00  -20.00 out-in -0.01  -18.00 out-in -0.06  -16.00 out-in -0.21  -14.00 out-in -0.48  -12.00 out-in -0.89  -10.00 out-in -1.47  -8.00 out-in -2.19  -6.00 out-in -3.09  -4.00 out-in -4.14  -2.00 out-in -5.35  0.00 out-in -6.68  (default gain is information only)
linear reference: each position's own gain at its quiet rung's upper level, checked against the lower (must differ by 6 dB within 0.1): -0.00 -0.00 -0.00 -0.00 -0.00 -0.00 -0.00 -0.00 -0.00 -0.00 -0.00 -0.00 -0.00 -0.00 -0.00 -0.00
reference ladder: 0 position(s) below the first rung
writes landed by: instack 16
write verify: 16 landed, 0 write_unlanded (skipped), in-stack read already matched on 16 of 16, pump slices total 16, longest confirm 2.6 ms, re-rendered 0
hold doubled at positions: none
still moving AFTER doubling (reading not used): none

pos   norm      display        red@-24  red@-12  red@-6    T(peak)   T-display
  0  0.0000    -130           -0.00     0.89     3.09          --          
  1  0.0667    -121.333       -0.00     0.89     3.09          --          
  2  0.1333    -112.667       -0.00     0.89     3.09          --          
  3  0.2000    -104           -0.00     0.89     3.09          --          
  4  0.2667    -95.3333       -0.00     0.89     3.09          --          
  5  0.3333    -86.6667       -0.00     0.89     3.09          --          
  6  0.4000    -78            -0.00     0.89     3.09          --          
  7  0.4667    -69.3333       -0.00     0.89     3.09          --          
  8  0.5333    -60.6667       -0.00     0.89     3.09          --          
  9  0.6000    -52            -0.00     0.89     3.09          --          
 10  0.6667    -43.3333       -0.00     0.89     3.09          --          
 11  0.7333    -34.6667       -0.00     0.89     3.09          --          
 12  0.8000    -26            -0.00     0.89     3.09          --          
 13  0.8667    -17.3333       -0.00     0.89     3.09          --          
 14  0.9333    -8.66671       -0.00     0.89     3.09          --          
 15  1.0000    0              -0.00     0.89     3.09          --          

1 MAP:             flat (no two positions differ by more than 1 dB at any test level) | sense -- | engage -60.00:none -58.00:none -56.00:none -54.00:none -52.00:none -50.00:none -48.00:none -46.00:none -44.00:none -42.00:none -40.00:none -38.00:none -36.00:none -34.00:none -32.00:none -30.00:none -28.00:none -26.00:none -24.00:none -22.00:none -20.00:none -18.00:none -16.00:none -14.00:none -12.00:none -10.00:none -8.00:none -6.00:none -4.00:none -2.00:none 0.00:none
2 engage drift:    null  (not a dB display)   (primary; displayLinear unset until the population decides)
   offset IQR:      null
3 displayOffsetDb: null
fixture: AudioUnit_526d5652_12.0.0.rederived.json

CANDIDATE [102] DYN: Aux Band 4 Comp Threshold - re-derived
host: EJ Map 0.1.0 / arm64 / 48k (native)
threshold: [102] DYN: Aux Band 4 Comp Threshold unit '' (class bands_or_stages) | positions 16 (16 evenly spaced), one process each, levels quiet to loud
ratio: 16 controls hold the ratio role | auto make-up disabled: no
default-threshold reference ('-12', spec 4.7 check only):  -60.00 out-in -0.00  -58.00 out-in 0.00  -56.00 out-in 0.00  -54.00 out-in -0.00  -52.00 out-in 0.00  -50.00 out-in 0.00  -48.00 out-in -0.00  -46.00 out-in 0.00  -44.00 out-in -0.00  -42.00 out-in -0.00  -40.00 out-in 0.00  -38.00 out-in -0.00  -36.00 out-in 0.00  -34.00 out-in 0.00  -32.00 out-in -0.00  -30.00 out-in 0.00  -28.00 out-in 0.00  -26.00 out-in -0.00  -24.00 out-in 0.00  -22.00 out-in -0.00  -20.00 out-in -0.01  -18.00 out-in -0.06  -16.00 out-in -0.21  -14.00 out-in -0.48  -12.00 out-in -0.89  -10.00 out-in -1.47  -8.00 out-in -2.19  -6.00 out-in -3.09  -4.00 out-in -4.14  -2.00 out-in -5.35  0.00 out-in -6.68  (default gain is information only)
linear reference: each position's own gain at its quiet rung's upper level, checked against the lower (must differ by 6 dB within 0.1): -0.00 -0.00 -0.00 -0.00 -0.00 -0.00 -0.00 -0.00 -0.00 -0.00 -0.00 -0.00 -0.00 -0.00 -0.00 -0.00
reference ladder: 0 position(s) below the first rung
writes landed by: instack 16
write verify: 16 landed, 0 write_unlanded (skipped), in-stack read already matched on 16 of 16, pump slices total 16, longest confirm 2.6 ms, re-rendered 0
hold doubled at positions: none
still moving AFTER doubling (reading not used): none

pos   norm      display        red@-24  red@-12  red@-6    T(peak)   T-display
  0  0.0000    -130           -0.00     0.89     3.09          --          
  1  0.0667    -121.333       -0.00     0.89     3.09          --          
  2  0.1333    -112.667       -0.00     0.89     3.09          --          
  3  0.2000    -104           -0.00     0.89     3.09          --          
  4  0.2667    -95.3333       -0.00     0.89     3.09          --          
  5  0.3333    -86.6667       -0.00     0.89     3.09          --          
  6  0.4000    -78            -0.00     0.89     3.09          --          
  7  0.4667    -69.3333       -0.00     0.89     3.09          --          
  8  0.5333    -60.6667       -0.00     0.89     3.09          --          
  9  0.6000    -52            -0.00     0.89     3.09          --          
 10  0.6667    -43.3333       -0.00     0.89     3.09          --          
 11  0.7333    -34.6667       -0.00     0.89     3.09          --          
 12  0.8000    -26            -0.00     0.89     3.09          --          
 13  0.8667    -17.3333       -0.00     0.89     3.09          --          
 14  0.9333    -8.66671       -0.00     0.89     3.09          --          
 15  1.0000    0              -0.00     0.89     3.09          --          

1 MAP:             flat (no two positions differ by more than 1 dB at any test level) | sense -- | engage -60.00:none -58.00:none -56.00:none -54.00:none -52.00:none -50.00:none -48.00:none -46.00:none -44.00:none -42.00:none -40.00:none -38.00:none -36.00:none -34.00:none -32.00:none -30.00:none -28.00:none -26.00:none -24.00:none -22.00:none -20.00:none -18.00:none -16.00:none -14.00:none -12.00:none -10.00:none -8.00:none -6.00:none -4.00:none -2.00:none 0.00:none
2 engage drift:    null  (not a dB display)   (primary; displayLinear unset until the population decides)
   offset IQR:      null
3 displayOffsetDb: null
fixture: AudioUnit_526d5652_12.0.0.rederived.json

CANDIDATE [107] DYN: Aux Band 4 Lim Threshold - re-derived
host: EJ Map 0.1.0 / arm64 / 48k (native)
threshold: [107] DYN: Aux Band 4 Lim Threshold unit '' (class bands_or_stages) | positions 16 (16 evenly spaced), one process each, levels quiet to loud
ratio: 16 controls hold the ratio role | auto make-up disabled: no
default-threshold reference ('0', spec 4.7 check only):  -60.00 out-in -0.00  -58.00 out-in 0.00  -56.00 out-in 0.00  -54.00 out-in -0.00  -52.00 out-in 0.00  -50.00 out-in 0.00  -48.00 out-in -0.00  -46.00 out-in 0.00  -44.00 out-in -0.00  -42.00 out-in -0.00  -40.00 out-in 0.00  -38.00 out-in -0.00  -36.00 out-in 0.00  -34.00 out-in 0.00  -32.00 out-in -0.00  -30.00 out-in 0.00  -28.00 out-in 0.00  -26.00 out-in -0.00  -24.00 out-in 0.00  -22.00 out-in -0.00  -20.00 out-in -0.01  -18.00 out-in -0.06  -16.00 out-in -0.21  -14.00 out-in -0.48  -12.00 out-in -0.89  -10.00 out-in -1.47  -8.00 out-in -2.19  -6.00 out-in -3.09  -4.00 out-in -4.14  -2.00 out-in -5.35  0.00 out-in -6.68  (default gain is information only)
linear reference: each position's own gain at its quiet rung's upper level, checked against the lower (must differ by 6 dB within 0.1): -0.00 -0.00 -0.00 -0.00 -0.00 -0.00 -0.00 -0.00 -0.00 -0.00 -0.00 -0.00 -0.00 -0.00 -0.00 -0.00
reference ladder: 0 position(s) below the first rung
writes landed by: instack 16
write verify: 16 landed, 0 write_unlanded (skipped), in-stack read already matched on 16 of 16, pump slices total 16, longest confirm 2.6 ms, re-rendered 0
hold doubled at positions: none
still moving AFTER doubling (reading not used): none

pos   norm      display        red@-24  red@-12  red@-6    T(peak)   T-display
  0  0.0000    -130           -0.00     0.89     3.09          --          
  1  0.0667    -121.333       -0.00     0.89     3.09          --          
  2  0.1333    -112.667       -0.00     0.89     3.09          --          
  3  0.2000    -104           -0.00     0.89     3.09          --          
  4  0.2667    -95.3333       -0.00     0.89     3.09          --          
  5  0.3333    -86.6667       -0.00     0.89     3.09          --          
  6  0.4000    -78            -0.00     0.89     3.09          --          
  7  0.4667    -69.3333       -0.00     0.89     3.09          --          
  8  0.5333    -60.6667       -0.00     0.89     3.09          --          
  9  0.6000    -52            -0.00     0.89     3.09          --          
 10  0.6667    -43.3333       -0.00     0.89     3.09          --          
 11  0.7333    -34.6667       -0.00     0.89     3.09          --          
 12  0.8000    -26            -0.00     0.89     3.09          --          
 13  0.8667    -17.3333       -0.00     0.89     3.09          --          
 14  0.9333    -8.66671       -0.00     0.89     3.09          --          
 15  1.0000    0              -0.00     0.89     3.09          --          

1 MAP:             flat (no two positions differ by more than 1 dB at any test level) | sense -- | engage -60.00:none -58.00:none -56.00:none -54.00:none -52.00:none -50.00:none -48.00:none -46.00:none -44.00:none -42.00:none -40.00:none -38.00:none -36.00:none -34.00:none -32.00:none -30.00:none -28.00:none -26.00:none -24.00:none -22.00:none -20.00:none -18.00:none -16.00:none -14.00:none -12.00:none -10.00:none -8.00:none -6.00:none -4.00:none -2.00:none 0.00:none
2 engage drift:    null  (not a dB display)   (primary; displayLinear unset until the population decides)
   offset IQR:      null
3 displayOffsetDb: null
fixture: AudioUnit_526d5652_12.0.0.rederived.json

  -> multiband: multiband: profiling not built yet (Band 1, Band 2, Band 3, Band 4; 16 threshold candidates)

=== tone checks: C1 comp-gate (s)
RE-DERIVED from traces (nothing measured) - C1 comp-gate (s) -> AudioUnit_49497c7d_15.0.70.rederived.json
host: EJ Map 0.1.0 / arm64 / 48k (native)
threshold: [16] Threshold unit 'dB' (class comp_over_expander, flags comp_over_expander) | positions 16 (16 evenly spaced), one process each, levels quiet to loud
ratio: [13] ran at '4.13:1' -> 4.13 (RAISED from '1.00:1', value READ BACK after the write) | auto make-up disabled: no
default-threshold reference ('0.0', spec 4.7 check only):  -60.00 out-in 0.00  -58.00 out-in 0.00  -56.00 out-in 0.00  -54.00 out-in 0.00  -52.00 out-in 0.01  -50.00 out-in 0.01  -48.00 out-in 0.01  -46.00 out-in 0.01  -44.00 out-in 0.01  -42.00 out-in 0.02  -40.00 out-in 0.02  -38.00 out-in 0.02  -36.00 out-in 0.03  -34.00 out-in 0.04  -32.00 out-in 0.05  -30.00 out-in 0.06  -28.00 out-in 0.07  -26.00 out-in 0.09  -24.00 out-in 0.10  -22.00 out-in 0.12  -20.00 out-in 0.14  -18.00 out-in 0.16  -16.00 out-in 0.17  -14.00 out-in 0.14  -12.00 out-in 0.07  -10.00 out-in -0.05  -8.00 out-in -0.24  -6.00 out-in -0.53  -4.00 out-in -0.92  -2.00 out-in -1.46  0.00 out-in -2.14  (default gain is information only)
linear reference: each position's own gain at its quiet rung's upper level, checked against the lower (must differ by 6 dB within 0.1): -4.78 -3.77 -2.22 -0.88 -0.17 0.05 -0.09 0.06 0.05 0.05 -0.03 0.04 0.06 0.06 0.05 -0.07 0.02 0.05 0.06 0.05 0.05 0.04 0.03 0.03 0.02 0.02 0.01 0.01 0.01 0.01 0.00 0.00
reference ladder: 10 position(s) below the first rung (5@-84 6@-72 7@-72 8@-72 9@-72 10@-60 11@-60 12@-60 13@-60 14@-60)
writes landed by: instack 1 pump 31
write verify: 32 landed, 0 write_unlanded (skipped), in-stack read already matched on 1 of 32, pump slices total 143, longest confirm 32.3 ms, re-rendered 0
hold doubled at positions: none
still moving AFTER doubling (reading not used): none

pos   norm      display        red@-24  red@-12  red@-6    T(peak)   T-display
  0  0.0000    -100.0            --       --       --          --          
  1  0.0667    -93.3             --       --       --          --          
  2  0.1333    -86.7             --       --       --          --          
  3  0.2000    -80.0             --       --       --          --          
  4  0.2667    -73.3             --       --       --          --          
  5  0.3333    -66.7          28.69    30.51    30.86       -67.4     -0.70
  6  0.4000    -60.0          26.34    29.66    30.36       -60.8     -0.80
  7  0.4667    -53.3          22.91    28.30    29.63       -55.0     -1.70
  8  0.4889    -51.1          21.46    27.59    29.21       -52.8     -1.70
  9  0.5111    -48.9          19.89    26.76    28.69       -50.1     -1.20
 10  0.5333    -46.7          18.24    25.82    28.09       -47.9     -1.20
 11  0.5556    -44.4          16.47    24.72    27.38       -45.8     -1.40
 12  0.5778    -42.2          14.66    23.47    26.52       -43.6     -1.40
 13  0.6000    -40.0          12.82    22.07    25.50       -41.5     -1.50
 14  0.6222    -37.8          11.00    20.54    24.35       -39.3     -1.50
 15  0.6444    -35.6           9.21    18.90    23.03       -37.1     -1.50
 16  0.6667    -33.3           7.54    17.17    21.62       -35.0     -1.70
 17  0.6889    -31.1           6.03    15.41    20.09       -32.9     -1.80
 18  0.7111    -28.9           4.64    13.58    18.42       -30.4     -1.50
 19  0.7333    -26.7           3.44    11.74    16.67       -27.9     -1.20
 20  0.7556    -24.4           2.40     9.86    14.77       -25.7     -1.30
 21  0.7778    -22.2           1.60     8.14    12.94       -23.5     -1.30
 22  0.8000    -20.0           0.99     6.54    11.11       -21.4     -1.40
 23  0.8222    -17.8           0.55     5.09     9.34       -19.2     -1.40
 24  0.8444    -15.6           0.24     3.82     7.65       -17.0     -1.40
 25  0.8667    -13.3           0.03     2.70     6.03       -14.6     -1.30
 26  0.8889    -11.1          -0.08     1.84     4.64       -12.7     -1.60
 27  0.9111    -8.9           -0.14     1.17     3.44       -10.9     -2.00
 28  0.9333    -6.7           -0.15     0.67     2.43        -9.2     -2.50
 29  0.9556    -4.4           -0.13     0.30     1.59        -7.6     -3.20
 30  0.9778    -2.2           -0.12     0.07     0.98        -6.0     -3.80
 31  1.0000    0.0            -0.10    -0.06     0.53        -4.6     -4.60

1 MAP:             certified | sense lower_is_harder | engage -60.00:7 -58.00:8 -56.00:8 -54.00:9 -52.00:10 -50.00:11 -48.00:12 -46.00:13 -44.00:14 -42.00:15 -40.00:16 -38.00:17 -36.00:18 -34.00:18 -32.00:19 -30.00:20 -28.00:21 -26.00:22 -24.00:23 -22.00:24 -20.00:24 -18.00:25 -16.00:26 -14.00:27 -12.00:28 -10.00:29 -8.00:30 -6.00:31 -4.00:31 -2.00:31 0.00:31
2 engage drift:    3.34  -10.00:6.09  -12.00:6.04  -14.00:6.00  -16.00:5.96  -18.00:5.91  -2.00:4.78  -20.00:5.86  -22.00:6.43  -24.00:6.43  -26.00:6.46  -28.00:6.48  -30.00:6.49  -32.00:6.49  -34.00:6.52  -36.00:7.13  -38.00:7.20  -4.00:5.59  -40.00:7.15  -42.00:6.64  -44.00:6.74  -46.00:6.79  -48.00:6.85  -50.00:6.94  -52.00:6.53  -54.00:6.36  -56.00:6.37  -58.00:6.99  -6.00:6.17  -60.00:6.98  -8.00:6.13  0.00:3.86   (primary; displayLinear unset until the population decides)
   offset IQR:      0.40 dB over 27 positions (min -4.60, max -0.70)
3 displayOffsetDb: -1.50  (inside spec 7's 2 dB bar)
fixture: AudioUnit_49497c7d_15.0.70.rederived.json
  -> needs_review: export written (derive-only: the tone check was not run, nothing loaded); would be tone-checked by the follow-up

=== tone checks: EMO-D5 (m)
REDERIVE: no traces for candidate 1
  re-derivation did not complete; the existing record is used
  -> needs_review: export written (derive-only: the tone check was not run, nothing loaded); would be tone-checked by the follow-up

=== tone checks: SPL IRON
  linked_pair: linked pair 'Threshold' (measured, not by label): both certified; their 2 dB curves agree within 0.00 dB over 41 common positions; in the first's own sweep both output channels agree within 0.27 dB over 2870 readings. 'Threshold L' is the amount; 'Threshold R' and every link/mode control stay at their instantiate values (neutral)
CANDIDATE [22] Threshold L - re-derived
host: EJ Map 0.1.0 / arm64 / 48k (native)
threshold: [22] Threshold L unit '' (class channels_lr) | positions 41 (every step), one process each, levels quiet to loud
links as instantiated (recorded, not written): [8] Link = 'On', [9] SC Link = 'Off'
ratio: no control holds the ratio role | auto make-up disabled: no
default-threshold reference ('0.0', spec 4.7 check only):  -60.00 out-in 2.03  -58.00 out-in 2.03  -56.00 out-in 2.03  -54.00 out-in 2.03  -52.00 out-in 2.03  -50.00 out-in 2.03  -48.00 out-in 2.03  -46.00 out-in 2.03  -44.00 out-in 2.03  -42.00 out-in 2.03  -40.00 out-in 2.03  -38.00 out-in 2.01  -36.00 out-in 2.00  -34.00 out-in 1.98  -32.00 out-in 1.96  -30.00 out-in 1.95  -28.00 out-in 1.93  -26.00 out-in 1.90  -24.00 out-in 1.87  -22.00 out-in 1.82  -20.00 out-in 1.77  -18.00 out-in 1.71  -16.00 out-in 1.62  -14.00 out-in 1.52  -12.00 out-in 1.39  -10.00 out-in 1.23  -8.00 out-in 1.04  -6.00 out-in 0.79  -4.00 out-in 0.49  -2.00 out-in 0.11  0.00 out-in -0.39  (default gain is information only)
linear reference: each position's own gain at its quiet rung's upper level, checked against the lower (must differ by 6 dB within 0.1): -0.00 -0.00 -0.00 -0.00 -0.00 -0.00 -0.00 -0.01 -0.01 -0.02 -0.00 -0.00 -0.00 -0.00 -0.00 -0.00 -0.03 -0.05 -0.04 -0.03 -0.05 -0.06 -0.06 -0.05 -0.02 -0.01 -0.00 -0.00 -0.00 -0.00 -0.00 -0.00 -0.00 -0.01 -0.01 -0.02 -0.02 -0.02 -0.03 -0.03 -0.03
reference ladder: 0 position(s) below the first rung
writes landed by: instack 41
write verify: 41 landed, 0 write_unlanded (skipped), in-stack read already matched on 41 of 41, pump slices total 41, longest confirm 2.6 ms, re-rendered 0
hold doubled at positions: none
still moving AFTER doubling (reading not used): none

pos   norm      display        red@-24  red@-12  red@-6    T(peak)   T-display
  0  0.0000    0.0             0.16     0.64     1.24          --          
  1  0.0250    +1.0            0.16     0.64     1.24          --          
  2  0.0500    +2.0            0.17     0.65     1.25          --          
  3  0.0750    +3.0            0.17     0.66     1.28          --          
  4  0.1000    +4.0            0.18     0.68     1.30          --          
  5  0.1250    +5.0            0.19     0.71     1.35          --          
  6  0.1500    +6.0            0.20     0.73     1.39          --          
  7  0.1750    +7.0            0.21     0.76     1.45          --          
  8  0.2000    +8.0            0.20     0.79     1.53          --          
  9  0.2250    +9.0            0.20     0.87     1.70          --          
 10  0.2500    +10.0           0.22     0.99     1.95          --          
 11  0.2750    +11.0           0.27     1.16     2.29          --          
 12  0.3000    +12.0           0.34     1.36     2.99          --          
 13  0.3250    +13.0           0.40     1.55     3.63          --          
 14  0.3500    +14.0           0.46     1.77     4.14          --          
 15  0.3750    +15.0           0.52     2.08     4.59          --          
 16  0.4000    +16.0           0.55     2.42     5.00          --          
 17  0.4250    +17.0           0.58     2.74     5.38          --          
 18  0.4500    +18.0           0.64     3.12     5.78          --          
 19  0.4750    +19.0           0.67     3.42     6.13          --          
 20  0.5000    +20.0           0.71     3.68     6.49          --          
 21  0.5250    +21.0           0.78     3.98     6.86          --          
 22  0.5500    +22.0           0.83     4.22     7.13          --          
 23  0.5750    +23.0           0.90     4.50     7.46          --          
 24  0.6000    +24.0           0.97     4.78     7.78          --          
 25  0.6250    +25.0           1.04     5.05     8.09          --          
 26  0.6500    +26.0           1.11     5.32     8.41          --          
 27  0.6750    +27.0           1.19     5.61     8.74          --          
 28  0.7000    +28.0           1.27     5.90     9.08          --          
 29  0.7250    +29.0           1.36     6.16     9.38          --          
 30  0.7500    +30.0           1.45     6.40     9.68          --          
 31  0.7750    +31.0           1.57     6.64    10.00          --          
 32  0.8000    +32.0           1.69     6.82    10.24          --          
 33  0.8250    +33.0           1.78     6.93    10.41          --          
 34  0.8500    +34.0           1.84     7.00    10.50          --          
 35  0.8750    +35.0           1.88     7.06    10.59          --          
 36  0.9000    +36.0           1.90     7.08    10.62          --          
 37  0.9250    +37.0           1.92     7.11    10.66          --          
 38  0.9500    +38.0           1.94     7.13    10.69          --          
 39  0.9750    +39.0           1.95     7.15    10.71          --          
 40  1.0000    +40.0           1.95     7.15    10.72          --          

1 MAP:             certified (ratio unknown (no ratio control): no dB-equivalent map) | sense higher_is_harder | engage -60.00:none -58.00:none -56.00:none -54.00:none -52.00:none -50.00:none -48.00:none -46.00:none -44.00:none -42.00:none -40.00:none -38.00:none -36.00:none -34.00:none -32.00:29 -30.00:26 -28.00:22 -26.00:19 -24.00:15 -22.00:13 -20.00:12 -18.00:11 -16.00:8 -14.00:0 -12.00:0 -10.00:0 -8.00:0 -6.00:0 -4.00:0 -2.00:0 0.00:0
2 engage drift:    null  (not a dB display)   (primary; displayLinear unset until the population decides)
   offset IQR:      null
3 displayOffsetDb: null
fixture: AudioUnit_6175631b_1.6.1.rederived.json

CANDIDATE [34] Threshold R - re-derived
host: EJ Map 0.1.0 / arm64 / 48k (native)
threshold: [34] Threshold R unit '' (class channels_lr) | positions 41 (every step), one process each, levels quiet to loud
links as instantiated (recorded, not written): [8] Link = 'On', [9] SC Link = 'Off'
ratio: no control holds the ratio role | auto make-up disabled: no
default-threshold reference ('0.0', spec 4.7 check only):  -60.00 out-in 2.03  -58.00 out-in 2.03  -56.00 out-in 2.03  -54.00 out-in 2.03  -52.00 out-in 2.03  -50.00 out-in 2.03  -48.00 out-in 2.03  -46.00 out-in 2.03  -44.00 out-in 2.03  -42.00 out-in 2.03  -40.00 out-in 2.03  -38.00 out-in 2.01  -36.00 out-in 2.00  -34.00 out-in 1.98  -32.00 out-in 1.96  -30.00 out-in 1.95  -28.00 out-in 1.93  -26.00 out-in 1.90  -24.00 out-in 1.87  -22.00 out-in 1.82  -20.00 out-in 1.77  -18.00 out-in 1.71  -16.00 out-in 1.62  -14.00 out-in 1.52  -12.00 out-in 1.39  -10.00 out-in 1.23  -8.00 out-in 1.04  -6.00 out-in 0.79  -4.00 out-in 0.49  -2.00 out-in 0.11  0.00 out-in -0.39  (default gain is information only)
linear reference: each position's own gain at its quiet rung's upper level, checked against the lower (must differ by 6 dB within 0.1): -0.00 -0.00 -0.00 -0.00 -0.00 -0.00 -0.00 -0.01 -0.01 -0.02 -0.00 -0.00 -0.00 -0.00 -0.00 -0.00 -0.03 -0.05 -0.04 -0.03 -0.05 -0.06 -0.06 -0.05 -0.02 -0.01 -0.00 -0.00 -0.00 -0.00 -0.00 -0.00 -0.00 -0.01 -0.01 -0.02 -0.02 -0.02 -0.03 -0.03 -0.03
reference ladder: 0 position(s) below the first rung
writes landed by: instack 41
write verify: 41 landed, 0 write_unlanded (skipped), in-stack read already matched on 41 of 41, pump slices total 41, longest confirm 2.6 ms, re-rendered 0
hold doubled at positions: none
still moving AFTER doubling (reading not used): none

pos   norm      display        red@-24  red@-12  red@-6    T(peak)   T-display
  0  0.0000    0.0             0.16     0.64     1.24          --          
  1  0.0250    +1.0            0.16     0.64     1.24          --          
  2  0.0500    +2.0            0.17     0.65     1.25          --          
  3  0.0750    +3.0            0.17     0.66     1.28          --          
  4  0.1000    +4.0            0.18     0.68     1.30          --          
  5  0.1250    +5.0            0.19     0.71     1.35          --          
  6  0.1500    +6.0            0.20     0.73     1.39          --          
  7  0.1750    +7.0            0.21     0.76     1.45          --          
  8  0.2000    +8.0            0.20     0.79     1.53          --          
  9  0.2250    +9.0            0.20     0.87     1.70          --          
 10  0.2500    +10.0           0.22     0.99     1.95          --          
 11  0.2750    +11.0           0.27     1.16     2.29          --          
 12  0.3000    +12.0           0.34     1.36     2.99          --          
 13  0.3250    +13.0           0.40     1.55     3.63          --          
 14  0.3500    +14.0           0.46     1.77     4.14          --          
 15  0.3750    +15.0           0.52     2.08     4.59          --          
 16  0.4000    +16.0           0.55     2.42     5.00          --          
 17  0.4250    +17.0           0.58     2.74     5.38          --          
 18  0.4500    +18.0           0.64     3.12     5.78          --          
 19  0.4750    +19.0           0.67     3.42     6.13          --          
 20  0.5000    +20.0           0.71     3.68     6.49          --          
 21  0.5250    +21.0           0.78     3.98     6.86          --          
 22  0.5500    +22.0           0.83     4.22     7.13          --          
 23  0.5750    +23.0           0.90     4.50     7.46          --          
 24  0.6000    +24.0           0.97     4.78     7.78          --          
 25  0.6250    +25.0           1.04     5.05     8.09          --          
 26  0.6500    +26.0           1.11     5.32     8.41          --          
 27  0.6750    +27.0           1.19     5.61     8.74          --          
 28  0.7000    +28.0           1.27     5.90     9.08          --          
 29  0.7250    +29.0           1.36     6.16     9.38          --          
 30  0.7500    +30.0           1.45     6.40     9.68          --          
 31  0.7750    +31.0           1.57     6.64    10.00          --          
 32  0.8000    +32.0           1.69     6.82    10.24          --          
 33  0.8250    +33.0           1.78     6.93    10.41          --          
 34  0.8500    +34.0           1.84     7.00    10.50          --          
 35  0.8750    +35.0           1.88     7.06    10.59          --          
 36  0.9000    +36.0           1.90     7.08    10.62          --          
 37  0.9250    +37.0           1.92     7.11    10.66          --          
 38  0.9500    +38.0           1.94     7.13    10.69          --          
 39  0.9750    +39.0           1.95     7.15    10.71          --          
 40  1.0000    +40.0           1.95     7.15    10.72          --          

1 MAP:             certified (ratio unknown (no ratio control): no dB-equivalent map) | sense higher_is_harder | engage -60.00:none -58.00:none -56.00:none -54.00:none -52.00:none -50.00:none -48.00:none -46.00:none -44.00:none -42.00:none -40.00:none -38.00:none -36.00:none -34.00:none -32.00:29 -30.00:26 -28.00:22 -26.00:19 -24.00:15 -22.00:13 -20.00:12 -18.00:11 -16.00:8 -14.00:0 -12.00:0 -10.00:0 -8.00:0 -6.00:0 -4.00:0 -2.00:0 0.00:0
2 engage drift:    null  (not a dB display)   (primary; displayLinear unset until the population decides)
   offset IQR:      null
3 displayOffsetDb: null
fixture: AudioUnit_6175631b_1.6.1.rederived.json

  -> needs_review: would export in the follow-up: the pick needs its detector measured (one load) and the tone check (derive-only ran neither)

=== tone checks: Lindell MBC
  no measured rule: 3 candidates, 1 certified: no channel pair, no master, no Main/Aux
CANDIDATE [7] Low Threshold - re-derived
host: EJ Map 0.1.0 / arm64 / 48k (native)
threshold: [7] Low Threshold unit '' (class bands_or_stages) | positions 16 (16 evenly spaced), one process each, levels quiet to loud
links as instantiated (recorded, not written): [8] Bands Link = 'Off', [20] High Link = 'Off', [25] Mid Link = 'Off', [41] Low Link = 'Off'
ratio: 3 controls hold the ratio role | auto make-up disabled: no
default-threshold reference ('-1.61', spec 4.7 check only):  -60.00 out-in 1.68  -58.00 out-in 1.68  -56.00 out-in 1.68  -54.00 out-in 1.68  -52.00 out-in 1.68  -50.00 out-in 1.68  -48.00 out-in 1.68  -46.00 out-in 1.68  -44.00 out-in 1.68  -42.00 out-in 1.68  -40.00 out-in 1.68  -38.00 out-in 1.68  -36.00 out-in 1.68  -34.00 out-in 1.68  -32.00 out-in 1.68  -30.00 out-in 1.68  -28.00 out-in 1.67  -26.00 out-in 1.66  -24.00 out-in 1.50  -22.00 out-in 1.17  -20.00 out-in 0.75  -18.00 out-in 0.24  -16.00 out-in -0.33  -14.00 out-in -0.97  -12.00 out-in -1.66  -10.00 out-in -2.40  -8.00 out-in -3.16  -6.00 out-in -3.92  -4.00 out-in -4.70  -2.00 out-in -5.49  0.00 out-in -6.29  (default gain is information only)
linear reference: each position's own gain at its quiet rung's upper level, checked against the lower (must differ by 6 dB within 0.1): -0.00 -0.00 -0.00 -0.00 -0.00 -0.00 0.00 -0.00 -0.00 0.00 0.00 -0.00 -0.00 0.00 0.00 -0.00
reference ladder: 0 position(s) below the first rung
writes landed by: instack 16
write verify: 16 landed, 0 write_unlanded (skipped), in-stack read already matched on 16 of 16, pump slices total 16, longest confirm 2.5 ms, re-rendered 0
hold doubled at positions: none
still moving AFTER doubling (reading not used): none

pos   norm      display        red@-24  red@-12  red@-6    T(peak)   T-display
  0  0.0000    10.00           0.18     3.34     5.51          --          
  1  0.0667    9.20            0.18     3.34     5.51          --          
  2  0.1333    8.40            0.18     3.34     5.51          --          
  3  0.2000    6.93            0.18     3.34     5.51          --          
  4  0.2667    4.78            0.18     3.34     5.52          --          
  5  0.3333    2.97            0.18     3.34     5.53          --          
  6  0.4000    1.31            0.18     3.34     5.56          --          
  7  0.4667    -0.49           0.18     3.34     5.59          --          
  8  0.5333    -2.73           0.18     3.35     5.62          --          
  9  0.6000    -4.85           0.18     3.36     5.66          --          
 10  0.6667    -6.77           0.18     3.38     5.69          --          
 11  0.7333    -8.75           0.18     3.41     5.72          --          
 12  0.8000    -10.92          0.18     3.44     5.75          --          
 13  0.8667    -13.62          0.18     3.46     5.78          --          
 14  0.9333    -16.78          0.18     3.49     5.80          --          
 15  1.0000    -20.00          0.20     3.51     5.81          --          

1 MAP:             flat (no two positions differ by more than 1 dB at any test level) | sense -- | engage -60.00:none -58.00:none -56.00:none -54.00:none -52.00:none -50.00:none -48.00:none -46.00:none -44.00:none -42.00:none -40.00:none -38.00:none -36.00:none -34.00:none -32.00:none -30.00:none -28.00:none -26.00:none -24.00:none -22.00:none -20.00:none -18.00:none -16.00:none -14.00:none -12.00:none -10.00:none -8.00:none -6.00:none -4.00:none -2.00:none 0.00:none
2 engage drift:    null  (not a dB display)   (primary; displayLinear unset until the population decides)
   offset IQR:      null
3 displayOffsetDb: null
fixture: AudioUnit_6f6a7363_1.0.3.rederived.json

CANDIDATE [38] Mid Threshold - re-derived
host: EJ Map 0.1.0 / arm64 / 48k (native)
threshold: [38] Mid Threshold unit '' (class bands_or_stages) | positions 16 (16 evenly spaced), one process each, levels quiet to loud
links as instantiated (recorded, not written): [8] Bands Link = 'Off', [20] High Link = 'Off', [25] Mid Link = 'Off', [41] Low Link = 'Off'
ratio: 3 controls hold the ratio role | auto make-up disabled: no
default-threshold reference ('-1.61', spec 4.7 check only):  -60.00 out-in 1.68  -58.00 out-in 1.68  -56.00 out-in 1.68  -54.00 out-in 1.68  -52.00 out-in 1.68  -50.00 out-in 1.68  -48.00 out-in 1.68  -46.00 out-in 1.68  -44.00 out-in 1.68  -42.00 out-in 1.68  -40.00 out-in 1.68  -38.00 out-in 1.68  -36.00 out-in 1.68  -34.00 out-in 1.68  -32.00 out-in 1.68  -30.00 out-in 1.68  -28.00 out-in 1.67  -26.00 out-in 1.66  -24.00 out-in 1.50  -22.00 out-in 1.17  -20.00 out-in 0.75  -18.00 out-in 0.24  -16.00 out-in -0.33  -14.00 out-in -0.97  -12.00 out-in -1.66  -10.00 out-in -2.40  -8.00 out-in -3.16  -6.00 out-in -3.92  -4.00 out-in -4.70  -2.00 out-in -5.49  0.00 out-in -6.29  (default gain is information only)
linear reference: each position's own gain at its quiet rung's upper level, checked against the lower (must differ by 6 dB within 0.1): -0.00 -0.00 -0.00 0.00 -0.00 0.00 -0.00 -0.00 -0.00 0.00 -0.00 -0.00 0.00 -0.00 -0.00 -0.00
reference ladder: 0 position(s) below the first rung
writes landed by: instack 16
write verify: 16 landed, 0 write_unlanded (skipped), in-stack read already matched on 16 of 16, pump slices total 16, longest confirm 2.5 ms, re-rendered 0
hold doubled at positions: none
still moving AFTER doubling (reading not used): none

pos   norm      display        red@-24  red@-12  red@-6    T(peak)   T-display
  0  0.0000    10.00           0.01     0.02     0.88          --          
  1  0.0667    9.20            0.01     0.17     1.37          --          
  2  0.1333    8.40            0.01     0.49     1.91          --          
  3  0.2000    6.93            0.01     0.89     2.52          --          
  4  0.2667    4.78            0.01     1.35     3.18          --          
  5  0.3333    2.97            0.01     1.85     3.85          --          
  6  0.4000    1.31            0.01     2.41     4.55          --          
  7  0.4667    -0.49           0.08     3.03     5.25          --          
  8  0.5333    -2.73           0.31     3.67     5.96          --          
  9  0.6000    -4.85           0.65     4.35     6.70          --          
 10  0.6667    -6.77           1.08     5.05     7.43          --          
 11  0.7333    -8.75           1.58     5.77     8.17          --          
 12  0.8000    -10.92          2.17     6.53     8.94          --          
 13  0.8667    -13.62          2.85     7.33     9.73          --          
 14  0.9333    -16.78          3.62     8.15    10.55          --          
 15  1.0000    -20.00          4.47     9.02    11.41          --          

1 MAP:             certified (ratio unknown (no ratio control): no dB-equivalent map) | sense higher_is_harder | engage -60.00:none -58.00:none -56.00:none -54.00:none -52.00:none -50.00:none -48.00:none -46.00:none -44.00:none -42.00:none -40.00:none -38.00:none -36.00:15 -34.00:14 -32.00:13 -30.00:12 -28.00:11 -26.00:10 -24.00:9 -22.00:8 -20.00:7 -18.00:6 -16.00:5 -14.00:4 -12.00:3 -10.00:2 -8.00:1 -6.00:0 -4.00:0 -2.00:0 0.00:0
2 engage drift:    null  (not a dB display)   (primary; displayLinear unset until the population decides)
   offset IQR:      null
3 displayOffsetDb: null
fixture: AudioUnit_6f6a7363_1.0.3.rederived.json

CANDIDATE [44] High Threshold - re-derived
host: EJ Map 0.1.0 / arm64 / 48k (native)
threshold: [44] High Threshold unit '' (class bands_or_stages) | positions 16 (16 evenly spaced), one process each, levels quiet to loud
links as instantiated (recorded, not written): [8] Bands Link = 'Off', [20] High Link = 'Off', [25] Mid Link = 'Off', [41] Low Link = 'Off'
ratio: 3 controls hold the ratio role | auto make-up disabled: no
default-threshold reference ('-1.61', spec 4.7 check only):  -60.00 out-in 1.68  -58.00 out-in 1.68  -56.00 out-in 1.68  -54.00 out-in 1.68  -52.00 out-in 1.68  -50.00 out-in 1.68  -48.00 out-in 1.68  -46.00 out-in 1.68  -44.00 out-in 1.68  -42.00 out-in 1.68  -40.00 out-in 1.68  -38.00 out-in 1.68  -36.00 out-in 1.68  -34.00 out-in 1.68  -32.00 out-in 1.68  -30.00 out-in 1.68  -28.00 out-in 1.67  -26.00 out-in 1.66  -24.00 out-in 1.50  -22.00 out-in 1.17  -20.00 out-in 0.75  -18.00 out-in 0.24  -16.00 out-in -0.33  -14.00 out-in -0.97  -12.00 out-in -1.66  -10.00 out-in -2.40  -8.00 out-in -3.16  -6.00 out-in -3.92  -4.00 out-in -4.70  -2.00 out-in -5.49  0.00 out-in -6.29  (default gain is information only)
linear reference: each position's own gain at its quiet rung's upper level, checked against the lower (must differ by 6 dB within 0.1): -0.00 -0.00 -0.00 -0.00 -0.00 0.00 0.00 -0.00 -0.00 -0.00 -0.00 -0.00 0.00 -0.00 -0.00 0.00
reference ladder: 0 position(s) below the first rung
writes landed by: instack 16
write verify: 16 landed, 0 write_unlanded (skipped), in-stack read already matched on 16 of 16, pump slices total 16, longest confirm 2.6 ms, re-rendered 0
hold doubled at positions: none
still moving AFTER doubling (reading not used): none

pos   norm      display        red@-24  red@-12  red@-6    T(peak)   T-display
  0  0.0000    10.00           0.18     3.34     5.60          --          
  1  0.0667    9.20            0.18     3.34     5.60          --          
  2  0.1333    8.40            0.18     3.34     5.60          --          
  3  0.2000    6.93            0.18     3.34     5.60          --          
  4  0.2667    4.78            0.18     3.34     5.60          --          
  5  0.3333    2.97            0.18     3.34     5.60          --          
  6  0.4000    1.31            0.18     3.34     5.60          --          
  7  0.4667    -0.49           0.18     3.34     5.60          --          
  8  0.5333    -2.73           0.18     3.34     5.60          --          
  9  0.6000    -4.85           0.18     3.34     5.60          --          
 10  0.6667    -6.77           0.18     3.34     5.60          --          
 11  0.7333    -8.75           0.18     3.34     5.59          --          
 12  0.8000    -10.92          0.18     3.33     5.58          --          
 13  0.8667    -13.62          0.18     3.33     5.56          --          
 14  0.9333    -16.78          0.18     3.32     5.54          --          
 15  1.0000    -20.00          0.18     3.31     5.52          --          

1 MAP:             flat (no two positions differ by more than 1 dB at any test level) | sense -- | engage -60.00:none -58.00:none -56.00:none -54.00:none -52.00:none -50.00:none -48.00:none -46.00:none -44.00:none -42.00:none -40.00:none -38.00:none -36.00:none -34.00:none -32.00:none -30.00:none -28.00:none -26.00:none -24.00:none -22.00:none -20.00:none -18.00:none -16.00:none -14.00:none -12.00:none -10.00:none -8.00:none -6.00:none -4.00:none -2.00:none 0.00:none
2 engage drift:    null  (not a dB display)   (primary; displayLinear unset until the population decides)
   offset IQR:      null
3 displayOffsetDb: null
fixture: AudioUnit_6f6a7363_1.0.3.rederived.json

  -> multiband: multiband: profiling not built yet (Low, Mid, High; 3 threshold candidates)

=== tone checks: CLA-76 (m)
RE-DERIVED from traces (nothing measured) - CLA-76 (m) -> AudioUnit_3d307263_15.0.70.rederived.json
host: EJ Map 0.1.0 / arm64 / 48k (native)
threshold: [0] Input unit '' (class input_as_threshold, flags input_as_threshold) | positions 16 (16 evenly spaced), one process each, levels quiet to loud
ratio: [4] ran at '4' -> 4 | auto make-up disabled: no
default-threshold reference ('-30.0', spec 4.7 check only):  -60.00 out-in 6.34  -58.00 out-in 6.34  -56.00 out-in 6.34  -54.00 out-in 6.34  -52.00 out-in 6.34  -50.00 out-in 6.34  -48.00 out-in 6.34  -46.00 out-in 6.35  -44.00 out-in 6.34  -42.00 out-in 6.35  -40.00 out-in 6.35  -38.00 out-in 6.35  -36.00 out-in 6.35  -34.00 out-in 6.35  -32.00 out-in 6.35  -30.00 out-in 6.35  -28.00 out-in 6.36  -26.00 out-in 6.36  -24.00 out-in 6.36  -22.00 out-in 6.37  -20.00 out-in 6.38  -18.00 out-in 5.60  -16.00 out-in 4.23  -14.00 out-in 2.64  -12.00 out-in 0.96  -10.00 out-in -0.73  -8.00 out-in -2.43  -6.00 out-in -4.14  -4.00 out-in -5.84  -2.00 out-in -7.51  0.00 out-in -9.13  (default gain is information only)
linear reference: each position's own gain at its quiet rung's upper level, checked against the lower (must differ by 6 dB within 0.1): -- -0.00 -0.00 -0.00 -0.00 -0.00 -0.00 -0.00 -0.00 -0.00 -0.00 0.00 0.00 0.00 0.00 0.00 0.00 0.00 0.00 0.01 0.01 0.01 0.01 0.01
reference ladder: 0 position(s) below the first rung
writes landed by: pump 24
write verify: 24 landed, 0 write_unlanded (skipped), in-stack read already matched on 0 of 24, pump slices total 119, longest confirm 30.5 ms, re-rendered 0
hold doubled at positions: none
still moving AFTER doubling (reading not used): none

pos   norm      display        red@-24  red@-12  red@-6    T(peak)   T-display
  0  0.0000    -Inf              --       --       --          --          
  1  0.0667    -53.6          -0.00    -0.01    -0.02   {"above": 0.0}          
  2  0.1333    -47.2          -0.01    -0.02    -0.03        -3.6          
  3  0.1667    -44.0          -0.01    -0.02     0.35        -6.0          
  4  0.2000    -40.8          -0.01    -0.03     1.60        -8.3          
  5  0.2333    -37.6          -0.01    -0.03     3.30       -10.6          
  6  0.2667    -35.2          -0.01     0.47     4.95       -12.7          
  7  0.3000    -33.6          -0.01     1.57     6.49       -14.6          
  8  0.3333    -32.0          -0.02     3.28     8.34       -16.9          
  9  0.3667    -30.4          -0.02     5.01    10.10       -18.9          
 10  0.4000    -28.8          -0.02     6.66    11.77       -20.9          
 11  0.4333    -27.2          -0.03     8.08    13.17       -22.5          
 12  0.4667    -25.6           0.23     9.37    14.42       -24.0          
 13  0.5000    -24.0           0.75    10.48    15.47       -25.2          
 14  0.5333    -22.4           2.54    12.65    17.50       -27.8          
 15  0.5667    -20.8           4.12    14.26    18.98       -29.7          
 16  0.6000    -19.2           5.34    15.43    20.03       -31.1          
 17  0.6667    -16.0           7.55    17.50    21.88       -33.8          
 18  0.7333    -12.8          10.16    19.80    23.97       -36.9          
 19  0.7667    -11.2          11.75    21.12    25.18       -38.9          
 20  0.8000    -9.6           13.37    22.48    26.33       -40.8          
 21  0.8667    -6.4           15.34    24.11    27.59       -43.0          
 22  0.9333    -3.2           15.93    24.59    27.99       -43.8          
 23  1.0000    0.0            15.99    24.64    28.04       -43.9          

1 MAP:             certified | sense higher_is_harder | engage -60.00:none -58.00:none -56.00:none -54.00:none -52.00:none -50.00:none -48.00:none -46.00:none -44.00:none -42.00:21 -40.00:21 -38.00:20 -36.00:18 -34.00:18 -32.00:17 -30.00:16 -28.00:15 -26.00:14 -24.00:13 -22.00:12 -20.00:11 -18.00:10 -16.00:9 -14.00:8 -12.00:7 -10.00:6 -8.00:5 -6.00:4 -4.00:3 -2.00:2 0.00:2
2 engage drift:    null  (not a dB display)   (primary; displayLinear unset until the population decides)
   offset IQR:      null
3 displayOffsetDb: null
fixture: AudioUnit_3d307263_15.0.70.rederived.json
  -> needs_review: export written (derive-only: the tone check was not run, nothing loaded); would be tone-checked by the follow-up

=== tone checks: U73b Compressor
RE-DERIVED from traces (nothing measured) - U73b Compressor -> AudioUnit_7526137e_3.0.0.rederived.json
host: EJ Map 0.1.0 / arm64 / 48k (native)
threshold: [3] Input Level unit 'dB' (class input_as_threshold, flags input_as_threshold) | positions 16 (16 evenly spaced), one process each, levels quiet to loud
ratio: no control holds the ratio role | auto make-up disabled: no
default-threshold reference ('0', spec 4.7 check only):  -60.00 out-in 8.88  -58.00 out-in 8.88  -56.00 out-in 8.89  -54.00 out-in 8.88  -52.00 out-in 8.89  -50.00 out-in 8.89  -48.00 out-in 8.89  -46.00 out-in 8.89  -44.00 out-in 8.89  -42.00 out-in 8.89  -40.00 out-in 8.89  -38.00 out-in 8.88  -36.00 out-in 8.86  -34.00 out-in 8.81  -32.00 out-in 8.69  -30.00 out-in 8.51  -28.00 out-in 8.27  -26.00 out-in 7.87  -24.00 out-in 7.32  -22.00 out-in 6.60  -20.00 out-in 5.69  -18.00 out-in 4.56  -16.00 out-in 3.16  -14.00 out-in 1.54  -12.00 out-in -0.28  -10.00 out-in -2.23  -8.00 out-in -4.25  -6.00 out-in -6.27  -4.00 out-in -8.25  -2.00 out-in -10.21  0.00 out-in -12.23  (default gain is information only)
linear reference: each position's own gain at its quiet rung's upper level, checked against the lower (must differ by 6 dB within 0.1): 0.01 0.00 -0.00 -0.00 0.00 0.00 0.00 -0.00 0.00 0.00 -0.00 -0.00 -0.01 -0.05 0.00 0.00
reference ladder: 2 position(s) below the first rung (14@-60 15@-60)
writes landed by: instack 16
write verify: 16 landed, 0 write_unlanded (skipped), in-stack read already matched on 16 of 16, pump slices total 16, longest confirm 3.1 ms, re-rendered 0
hold doubled at positions: none
still moving AFTER doubling (reading not used): none

pos   norm      display        red@-24  red@-12  red@-6    T(peak)   T-display
  0  0.0000    -18            -0.00     0.37     1.58          --          
  1  0.0667    -15.6          -0.00     0.69     2.46          --          
  2  0.1333    -13.2           0.01     1.23     3.60          --          
  3  0.2000    -10.8           0.05     1.98     5.14          --          
  4  0.2667    -8.39999        0.16     2.99     7.00          --          
  5  0.3333    -6.00001        0.37     4.33     9.17          --          
  6  0.4000    -3.6            0.69     6.03    11.52          --          
  7  0.4667    -1.19999        1.23     8.05    13.94          --          
  8  0.5333    1.19999         1.98    10.32    16.34          --          
  9  0.6000    3.6             2.99    12.72    18.70          --          
 10  0.6667    6.00001         4.32    15.15    21.10          --          
 11  0.7333    8.39999         6.02    17.52    24.21          --          
 12  0.8000    10.8            8.03    19.87    33.64          --          
 13  0.8667    13.2           10.27    22.40    47.81          --          
 14  0.9333    15.6           12.73    27.80    67.10          --          
 15  1.0000    18             15.15    40.56    88.05          --          

1 MAP:             certified (ratio unknown (no ratio control): no dB-equivalent map) | sense higher_is_harder | engage -60.00:none -58.00:none -56.00:none -54.00:none -52.00:none -50.00:none -48.00:none -46.00:15 -44.00:14 -42.00:14 -40.00:13 -38.00:12 -36.00:11 -34.00:10 -32.00:9 -30.00:9 -28.00:8 -26.00:7 -24.00:6 -22.00:5 -20.00:4 -18.00:4 -16.00:3 -14.00:2 -12.00:1 -10.00:0 -8.00:0 -6.00:0 -4.00:0 -2.00:0 0.00:0
2 engage drift:    5.55  -10.00:-28.56  -12.00:-28.43  -14.00:-28.31  -16.00:-28.16  -18.00:-28.00  -2.00:-24.71  -20.00:-28.70  -22.00:-28.54  -24.00:-28.44  -26.00:-28.31  -28.00:-28.16  -30.00:-28.00  -32.00:-28.68  -34.00:-28.53  -36.00:-28.43  -38.00:-28.33  -4.00:-25.91  -40.00:-27.87  -42.00:-28.02  -44.00:-28.70  -46.00:-29.01  -48.00:null  -50.00:null  -52.00:null  -54.00:null  -56.00:null  -58.00:null  -6.00:-26.92  -60.00:null  -8.00:-27.85  0.00:-23.46   (primary; displayLinear unset until the population decides)
   offset IQR:      null
3 displayOffsetDb: null
fixture: AudioUnit_7526137e_3.0.0.rederived.json
  -> needs_review: export written (derive-only: the tone check was not run, nothing loaded); would be tone-checked by the follow-up

=== tone checks: API-2500 (s)
RE-DERIVED from traces (nothing measured) - API-2500 (s) -> AudioUnit_4b56727d_15.0.70.rederived.json
host: EJ Map 0.1.0 / arm64 / 48k (native)
threshold: [0] Thresh unit 'dB' (class single_threshold) | positions 16 (16 evenly spaced), one process each, levels quiet to loud
links as instantiated (recorded, not written): [7] Link Shape = 'Off', [12] L/R Link = '100%'
ratio: [2] ran at '4:1' -> 4 | auto make-up disabled: no
default-threshold reference ('10.00', spec 4.7 check only):  -60.00 out-in 0.16  -58.00 out-in 0.16  -56.00 out-in 0.16  -54.00 out-in 0.16  -52.00 out-in 0.16  -50.00 out-in 0.16  -48.00 out-in 0.16  -46.00 out-in 0.16  -44.00 out-in 0.16  -42.00 out-in 0.16  -40.00 out-in 0.16  -38.00 out-in 0.16  -36.00 out-in 0.16  -34.00 out-in 0.16  -32.00 out-in 0.16  -30.00 out-in 0.16  -28.00 out-in 0.16  -26.00 out-in 0.16  -24.00 out-in 0.16  -22.00 out-in 0.16  -20.00 out-in 0.16  -18.00 out-in 0.16  -16.00 out-in 0.16  -14.00 out-in 0.16  -12.00 out-in 0.16  -10.00 out-in 0.16  -8.00 out-in -0.12  -6.00 out-in -0.88  -4.00 out-in -1.70  -2.00 out-in -2.52  0.00 out-in -3.35  (default gain is information only)
linear reference: each position's own gain at its quiet rung's upper level, checked against the lower (must differ by 6 dB within 0.1): -0.00 -0.00 -0.00 -0.00 -0.00 -0.00 -0.00 -0.00 -0.00 -0.00 -0.00 -0.00 -0.00 -0.00 -0.00 -0.00 -0.00 -0.00
reference ladder: 0 position(s) below the first rung
writes landed by: instack 1 pump 17
write verify: 18 landed, 0 write_unlanded (skipped), in-stack read already matched on 1 of 18, pump slices total 42, longest confirm 22.5 ms, re-rendered 0
hold doubled at positions: none
still moving AFTER doubling (reading not used): none

pos   norm      display        red@-24  red@-12  red@-6    T(peak)   T-display
  0  0.0000    10.00          -0.00    -0.00     1.04        -6.0    -16.00
  1  0.0667    9.13           -0.00    -0.00     1.98        -7.7    -16.83
  2  0.1333    8.26           -0.00     0.37     2.78        -9.3    -17.56
  3  0.2000    6.61           -0.00     1.57     4.04       -11.8    -18.41
  4  0.2667    4.63           -0.00     2.77     5.24       -13.9    -18.53
  5  0.3333    3.07           -0.00     3.61     6.07       -15.5    -18.57
  6  0.4000    1.71           -0.00     4.31     6.77       -16.8    -18.51
  7  0.4667    0.35            0.17     5.00     7.48       -18.2    -18.55
  8  0.5333    -1.48           1.03     5.95     8.46       -19.9    -18.42
  9  0.6000    -3.49           2.12     7.05     9.57       -22.7    -19.21
 10  0.6667    -5.63           3.30     8.26    10.78       -25.2    -19.57
 11  0.7333    -7.81           4.48     9.46    11.98       -27.7    -19.89
 12  0.8000    -9.65           5.40    10.41    12.92       -30.8    -21.15
 13  0.8667    -11.45          6.22    11.25    13.76       -32.8    -21.35
 14  0.9000    -12.92          6.83    11.85    14.36       -33.5    -20.58
 15  0.9333    -15.28          7.66    12.69    15.19       -35.5    -20.22
 16  0.9667    -17.64          8.39    13.41    15.91       -37.4    -19.76
 17  1.0000    -20.00          9.19    14.21    16.71       -39.4    -19.40

1 MAP:             certified | sense higher_is_harder | engage -60.00:none -58.00:none -56.00:none -54.00:none -52.00:none -50.00:none -48.00:none -46.00:none -44.00:17 -42.00:16 -40.00:15 -38.00:13 -36.00:12 -34.00:12 -32.00:11 -30.00:10 -28.00:9 -26.00:9 -24.00:8 -22.00:7 -20.00:6 -18.00:5 -16.00:4 -14.00:3 -12.00:3 -10.00:2 -8.00:1 -6.00:0 -4.00:0 -2.00:0 0.00:0
2 engage drift:    13.86  -10.00:19.10  -12.00:20.36  -14.00:21.05  -16.00:21.80  -18.00:22.31  -2.00:14.01  -20.00:22.73  -22.00:23.11  -24.00:23.49  -26.00:23.94  -28.00:24.53  -30.00:25.01  -32.00:25.54  -34.00:26.09  -36.00:26.40  -38.00:26.61  -4.00:15.27  -40.00:26.65  -42.00:25.84  -44.00:25.57  -46.00:null  -48.00:null  -50.00:null  -52.00:null  -54.00:null  -56.00:null  -58.00:null  -6.00:16.50  -60.00:null  -8.00:17.83  0.00:12.79   (primary; displayLinear unset until the population decides)
   offset IQR:      1.42 dB over 18 positions (min -21.35, max -16.00)
3 displayOffsetDb: -18.89  (outside spec 7's 2 dB bar)
fixture: AudioUnit_4b56727d_15.0.70.rederived.json
  -> needs_review: export written (derive-only: the tone check was not run, nothing loaded); would be tone-checked by the follow-up

=== tone checks: Spherix Compressor (10->10)
  no measured rule: 10 candidates, 10 certified: no channel pair, no master, no Main/Aux
CANDIDATE [10] Threshold L - re-derived
host: EJ Map 0.1.0 / arm64 / 48k (native)
threshold: [10] Threshold L unit 'dB' (class surround) | positions 16 (16 evenly spaced), one process each, levels quiet to loud
links as instantiated (recorded, not written): [5] Link Mode = 'Control', [6] Link Groups = 'Off'
ratio: 10 controls hold the ratio role | auto make-up disabled: yes
default-threshold reference ('0.0', spec 4.7 check only):  -60.00 out-in -0.01  -58.00 out-in -0.01  -56.00 out-in -0.01  -54.00 out-in -0.02  -52.00 out-in -0.02  -50.00 out-in -0.02  -48.00 out-in -0.03  -46.00 out-in -0.04  -44.00 out-in -0.05  -42.00 out-in -0.07  -40.00 out-in -0.08  -38.00 out-in -0.10  -36.00 out-in -0.13  -34.00 out-in -0.16  -32.00 out-in -0.20  -30.00 out-in -0.25  -28.00 out-in -0.32  -26.00 out-in -0.40  -24.00 out-in -0.50  -22.00 out-in -0.62  -20.00 out-in -0.78  -18.00 out-in -0.96  -16.00 out-in -1.19  -14.00 out-in -1.48  -12.00 out-in -1.82  -10.00 out-in -2.23  -8.00 out-in -2.73  -6.00 out-in -3.30  -4.00 out-in -4.02  -2.00 out-in -4.91  0.00 out-in -5.99  (default gain is information only)
linear reference: each position's own gain at its quiet rung's upper level, checked against the lower (must differ by 6 dB within 0.1): -0.24 -0.12 -0.06 -0.04 -0.03 -0.03 -0.09 -0.07 -0.06 -0.04 -0.03 -0.10 -0.07 -0.06 -0.04 -0.03 -0.03 -0.08 -0.06 -0.05 -0.04 -0.03 -0.02 -0.02
reference ladder: 15 position(s) below the first rung (2@-84 3@-84 4@-84 5@-84 6@-72 7@-72 8@-72 9@-72 10@-72 11@-60 12@-60 13@-60 14@-60 15@-60 16@-60)
writes landed by: instack 1 pump 23
write verify: 24 landed, 0 write_unlanded (skipped), in-stack read already matched on 1 of 24, pump slices total 107, longest confirm 30.6 ms, re-rendered 0
hold doubled at positions: none
still moving AFTER doubling (reading not used): none

pos   norm      display        red@-24  red@-12  red@-6    T(peak)   T-display
  0  0.0000    -60.0             --       --       --          --          
  1  0.0667    -53.6             --       --       --          --          
  2  0.1333    -47.2          22.34    33.34    38.91          --          
  3  0.1556    -45.1          20.51    31.42    36.99          --          
  4  0.1778    -42.9          18.63    29.40    34.97          --          
  5  0.2000    -40.8          16.88    27.47    33.03          --          
  6  0.2222    -38.7          15.05    25.43    30.97          --          
  7  0.2444    -36.5          13.37    23.48    28.96          --          
  8  0.2667    -34.8          12.12    21.98    27.42          --          
  9  0.3000    -32.4          10.44    19.91    25.25          --          
 10  0.3333    -30.0           8.89    17.87    23.10          --          
 11  0.3667    -27.6           7.32    15.76    20.85          --          
 12  0.4000    -25.2           6.08    13.90    18.81          --          
 13  0.4333    -22.8           4.99    12.12    16.82          --          
 14  0.4667    -20.4           4.04    10.44    14.90          --          
 15  0.5000    -18.0           3.24     8.89    13.06          --          
 16  0.5333    -16.8           2.89     8.16    12.17          --          
 17  0.6000    -14.4           2.16     6.68    10.36          --          
 18  0.6667    -12.0           1.70     5.52     8.82          --          
 19  0.7333    -9.6            1.32     4.50     7.42          --          
 20  0.8000    -7.2            1.03     3.62     6.16          --          
 21  0.8667    -4.8            0.79     2.89     5.04          --          
 22  0.9333    -2.4            0.61     2.28     4.08          --          
 23  1.0000    0.0             0.47     1.79     3.27          --          

1 MAP:             certified (ratio unknown (no ratio control): no dB-equivalent map) | sense lower_is_harder | engage -60.00:5 -58.00:7 -56.00:8 -54.00:9 -52.00:10 -50.00:10 -48.00:11 -46.00:12 -44.00:13 -42.00:14 -40.00:15 -38.00:16 -36.00:16 -34.00:17 -32.00:18 -30.00:19 -28.00:20 -26.00:21 -24.00:22 -22.00:23 -20.00:23 -18.00:23 -16.00:23 -14.00:23 -12.00:23 -10.00:23 -8.00:23 -6.00:23 -4.00:23 -2.00:23 0.00:23
2 engage drift:    11.68  -10.00:16.93  -12.00:18.27  -14.00:19.55  -16.00:20.75  -18.00:21.79  -2.00:12.17  -20.00:22.62  -22.00:23.21  -24.00:23.03  -26.00:22.78  -28.00:22.51  -30.00:22.23  -32.00:21.85  -34.00:20.56  -36.00:22.37  -38.00:22.90  -4.00:13.03  -40.00:22.80  -42.00:22.50  -44.00:22.17  -46.00:21.70  -48.00:20.72  -50.00:22.37  -52.00:22.80  -54.00:22.47  -56.00:22.16  -58.00:21.83  -6.00:14.19  -60.00:22.22  -8.00:15.56  0.00:11.53   (primary; displayLinear unset until the population decides)
   offset IQR:      null
3 displayOffsetDb: null
fixture: AudioUnit_4b457f6f_15.0.70.rederived.json

CANDIDATE [24] Threshold R - re-derived
host: EJ Map 0.1.0 / arm64 / 48k (native)
threshold: [24] Threshold R unit 'dB' (class surround) | positions 16 (16 evenly spaced), one process each, levels quiet to loud
links as instantiated (recorded, not written): [5] Link Mode = 'Control', [6] Link Groups = 'Off'
ratio: 10 controls hold the ratio role | auto make-up disabled: yes
default-threshold reference ('0.0', spec 4.7 check only):  -60.00 out-in -0.01  -58.00 out-in -0.01  -56.00 out-in -0.01  -54.00 out-in -0.02  -52.00 out-in -0.02  -50.00 out-in -0.02  -48.00 out-in -0.03  -46.00 out-in -0.04  -44.00 out-in -0.05  -42.00 out-in -0.07  -40.00 out-in -0.08  -38.00 out-in -0.10  -36.00 out-in -0.13  -34.00 out-in -0.16  -32.00 out-in -0.20  -30.00 out-in -0.25  -28.00 out-in -0.32  -26.00 out-in -0.40  -24.00 out-in -0.50  -22.00 out-in -0.62  -20.00 out-in -0.78  -18.00 out-in -0.96  -16.00 out-in -1.19  -14.00 out-in -1.48  -12.00 out-in -1.82  -10.00 out-in -2.23  -8.00 out-in -2.73  -6.00 out-in -3.30  -4.00 out-in -4.02  -2.00 out-in -4.91  0.00 out-in -5.99  (default gain is information only)
linear reference: each position's own gain at its quiet rung's upper level, checked against the lower (must differ by 6 dB within 0.1): -0.24 -0.12 -0.06 -0.04 -0.03 -0.03 -0.09 -0.07 -0.06 -0.04 -0.03 -0.10 -0.07 -0.06 -0.04 -0.03 -0.03 -0.08 -0.06 -0.05 -0.04 -0.03 -0.02 -0.02
reference ladder: 15 position(s) below the first rung (2@-84 3@-84 4@-84 5@-84 6@-72 7@-72 8@-72 9@-72 10@-72 11@-60 12@-60 13@-60 14@-60 15@-60 16@-60)
writes landed by: instack 1 pump 23
write verify: 24 landed, 0 write_unlanded (skipped), in-stack read already matched on 1 of 24, pump slices total 75, longest confirm 25.6 ms, re-rendered 0
hold doubled at positions: none
still moving AFTER doubling (reading not used): none

pos   norm      display        red@-24  red@-12  red@-6    T(peak)   T-display
  0  0.0000    -60.0             --       --       --          --          
  1  0.0667    -53.6             --       --       --          --          
  2  0.1333    -47.2          22.34    33.34    38.91          --          
  3  0.1556    -45.1          20.51    31.42    36.99          --          
  4  0.1778    -42.9          18.63    29.40    34.97          --          
  5  0.2000    -40.8          16.88    27.47    33.03          --          
  6  0.2222    -38.7          15.05    25.43    30.97          --          
  7  0.2444    -36.5          13.37    23.48    28.96          --          
  8  0.2667    -34.8          12.12    21.98    27.42          --          
  9  0.3000    -32.4          10.44    19.91    25.25          --          
 10  0.3333    -30.0           8.89    17.87    23.10          --          
 11  0.3667    -27.6           7.32    15.76    20.85          --          
 12  0.4000    -25.2           6.08    13.90    18.81          --          
 13  0.4333    -22.8           4.99    12.12    16.82          --          
 14  0.4667    -20.4           4.04    10.44    14.90          --          
 15  0.5000    -18.0           3.24     8.89    13.06          --          
 16  0.5333    -16.8           2.89     8.16    12.17          --          
 17  0.6000    -14.4           2.16     6.68    10.36          --          
 18  0.6667    -12.0           1.70     5.52     8.82          --          
 19  0.7333    -9.6            1.32     4.50     7.42          --          
 20  0.8000    -7.2            1.03     3.62     6.16          --          
 21  0.8667    -4.8            0.79     2.89     5.04          --          
 22  0.9333    -2.4            0.61     2.28     4.08          --          
 23  1.0000    0.0             0.47     1.79     3.27          --          

1 MAP:             certified (ratio unknown (no ratio control): no dB-equivalent map) | sense lower_is_harder | engage -60.00:5 -58.00:7 -56.00:8 -54.00:9 -52.00:10 -50.00:10 -48.00:11 -46.00:12 -44.00:13 -42.00:14 -40.00:15 -38.00:16 -36.00:16 -34.00:17 -32.00:18 -30.00:19 -28.00:20 -26.00:21 -24.00:22 -22.00:23 -20.00:23 -18.00:23 -16.00:23 -14.00:23 -12.00:23 -10.00:23 -8.00:23 -6.00:23 -4.00:23 -2.00:23 0.00:23
2 engage drift:    11.68  -10.00:16.93  -12.00:18.27  -14.00:19.55  -16.00:20.75  -18.00:21.79  -2.00:12.17  -20.00:22.62  -22.00:23.21  -24.00:23.03  -26.00:22.78  -28.00:22.51  -30.00:22.23  -32.00:21.85  -34.00:20.56  -36.00:22.37  -38.00:22.90  -4.00:13.03  -40.00:22.80  -42.00:22.50  -44.00:22.17  -46.00:21.70  -48.00:20.72  -50.00:22.37  -52.00:22.80  -54.00:22.47  -56.00:22.16  -58.00:21.83  -6.00:14.19  -60.00:22.22  -8.00:15.56  0.00:11.53   (primary; displayLinear unset until the population decides)
   offset IQR:      null
3 displayOffsetDb: null
fixture: AudioUnit_4b457f6f_15.0.70.rederived.json

CANDIDATE [38] Threshold C - re-derived
host: EJ Map 0.1.0 / arm64 / 48k (native)
threshold: [38] Threshold C unit 'dB' (class surround) | positions 16 (16 evenly spaced), one process each, levels quiet to loud
links as instantiated (recorded, not written): [5] Link Mode = 'Control', [6] Link Groups = 'Off'
ratio: 10 controls hold the ratio role | auto make-up disabled: yes
default-threshold reference ('0.0', spec 4.7 check only):  -60.00 out-in -0.01  -58.00 out-in -0.01  -56.00 out-in -0.01  -54.00 out-in -0.02  -52.00 out-in -0.02  -50.00 out-in -0.02  -48.00 out-in -0.03  -46.00 out-in -0.04  -44.00 out-in -0.05  -42.00 out-in -0.07  -40.00 out-in -0.08  -38.00 out-in -0.10  -36.00 out-in -0.13  -34.00 out-in -0.16  -32.00 out-in -0.20  -30.00 out-in -0.25  -28.00 out-in -0.32  -26.00 out-in -0.40  -24.00 out-in -0.50  -22.00 out-in -0.62  -20.00 out-in -0.78  -18.00 out-in -0.96  -16.00 out-in -1.19  -14.00 out-in -1.48  -12.00 out-in -1.82  -10.00 out-in -2.23  -8.00 out-in -2.73  -6.00 out-in -3.30  -4.00 out-in -4.02  -2.00 out-in -4.91  0.00 out-in -5.99  (default gain is information only)
linear reference: each position's own gain at its quiet rung's upper level, checked against the lower (must differ by 6 dB within 0.1): -0.24 -0.12 -0.06 -0.04 -0.03 -0.03 -0.09 -0.07 -0.06 -0.04 -0.03 -0.10 -0.07 -0.06 -0.04 -0.03 -0.03 -0.08 -0.06 -0.05 -0.04 -0.03 -0.02 -0.02
reference ladder: 15 position(s) below the first rung (2@-84 3@-84 4@-84 5@-84 6@-72 7@-72 8@-72 9@-72 10@-72 11@-60 12@-60 13@-60 14@-60 15@-60 16@-60)
writes landed by: instack 1 pump 23
write verify: 24 landed, 0 write_unlanded (skipped), in-stack read already matched on 1 of 24, pump slices total 96, longest confirm 32.9 ms, re-rendered 0
hold doubled at positions: none
still moving AFTER doubling (reading not used): none

pos   norm      display        red@-24  red@-12  red@-6    T(peak)   T-display
  0  0.0000    -60.0             --       --       --          --          
  1  0.0667    -53.6             --       --       --          --          
  2  0.1333    -47.2          22.34    33.34    38.91          --          
  3  0.1556    -45.1          20.51    31.42    36.99          --          
  4  0.1778    -42.9          18.63    29.40    34.97          --          
  5  0.2000    -40.8          16.88    27.47    33.03          --          
  6  0.2222    -38.7          15.05    25.43    30.97          --          
  7  0.2444    -36.5          13.37    23.48    28.96          --          
  8  0.2667    -34.8          12.12    21.98    27.42          --          
  9  0.3000    -32.4          10.44    19.91    25.25          --          
 10  0.3333    -30.0           8.89    17.87    23.10          --          
 11  0.3667    -27.6           7.32    15.76    20.85          --          
 12  0.4000    -25.2           6.08    13.90    18.81          --          
 13  0.4333    -22.8           4.99    12.12    16.82          --          
 14  0.4667    -20.4           4.04    10.44    14.90          --          
 15  0.5000    -18.0           3.24     8.89    13.06          --          
 16  0.5333    -16.8           2.89     8.16    12.17          --          
 17  0.6000    -14.4           2.16     6.68    10.36          --          
 18  0.6667    -12.0           1.70     5.52     8.82          --          
 19  0.7333    -9.6            1.32     4.50     7.42          --          
 20  0.8000    -7.2            1.03     3.62     6.16          --          
 21  0.8667    -4.8            0.79     2.89     5.04          --          
 22  0.9333    -2.4            0.61     2.28     4.08          --          
 23  1.0000    0.0             0.47     1.79     3.27          --          

1 MAP:             certified (ratio unknown (no ratio control): no dB-equivalent map) | sense lower_is_harder | engage -60.00:5 -58.00:7 -56.00:8 -54.00:9 -52.00:10 -50.00:10 -48.00:11 -46.00:12 -44.00:13 -42.00:14 -40.00:15 -38.00:16 -36.00:16 -34.00:17 -32.00:18 -30.00:19 -28.00:20 -26.00:21 -24.00:22 -22.00:23 -20.00:23 -18.00:23 -16.00:23 -14.00:23 -12.00:23 -10.00:23 -8.00:23 -6.00:23 -4.00:23 -2.00:23 0.00:23
2 engage drift:    11.68  -10.00:16.93  -12.00:18.27  -14.00:19.55  -16.00:20.75  -18.00:21.79  -2.00:12.17  -20.00:22.62  -22.00:23.21  -24.00:23.03  -26.00:22.78  -28.00:22.51  -30.00:22.23  -32.00:21.85  -34.00:20.56  -36.00:22.37  -38.00:22.90  -4.00:13.03  -40.00:22.80  -42.00:22.50  -44.00:22.17  -46.00:21.70  -48.00:20.72  -50.00:22.37  -52.00:22.80  -54.00:22.47  -56.00:22.16  -58.00:21.83  -6.00:14.19  -60.00:22.22  -8.00:15.56  0.00:11.53   (primary; displayLinear unset until the population decides)
   offset IQR:      null
3 displayOffsetDb: null
fixture: AudioUnit_4b457f6f_15.0.70.rederived.json

CANDIDATE [52] Threshold LFE - re-derived
host: EJ Map 0.1.0 / arm64 / 48k (native)
threshold: [52] Threshold LFE unit 'dB' (class surround) | positions 16 (16 evenly spaced), one process each, levels quiet to loud
links as instantiated (recorded, not written): [5] Link Mode = 'Control', [6] Link Groups = 'Off'
ratio: 10 controls hold the ratio role | auto make-up disabled: yes
default-threshold reference ('0.0', spec 4.7 check only):  -60.00 out-in -0.01  -58.00 out-in -0.01  -56.00 out-in -0.01  -54.00 out-in -0.02  -52.00 out-in -0.02  -50.00 out-in -0.02  -48.00 out-in -0.03  -46.00 out-in -0.04  -44.00 out-in -0.05  -42.00 out-in -0.07  -40.00 out-in -0.08  -38.00 out-in -0.10  -36.00 out-in -0.13  -34.00 out-in -0.16  -32.00 out-in -0.20  -30.00 out-in -0.25  -28.00 out-in -0.32  -26.00 out-in -0.40  -24.00 out-in -0.50  -22.00 out-in -0.62  -20.00 out-in -0.78  -18.00 out-in -0.96  -16.00 out-in -1.19  -14.00 out-in -1.48  -12.00 out-in -1.82  -10.00 out-in -2.23  -8.00 out-in -2.73  -6.00 out-in -3.30  -4.00 out-in -4.02  -2.00 out-in -4.91  0.00 out-in -5.99  (default gain is information only)
linear reference: each position's own gain at its quiet rung's upper level, checked against the lower (must differ by 6 dB within 0.1): -0.24 -0.12 -0.06 -0.04 -0.03 -0.03 -0.09 -0.07 -0.06 -0.04 -0.03 -0.10 -0.07 -0.06 -0.04 -0.03 -0.03 -0.08 -0.06 -0.05 -0.04 -0.03 -0.02 -0.02
reference ladder: 15 position(s) below the first rung (2@-84 3@-84 4@-84 5@-84 6@-72 7@-72 8@-72 9@-72 10@-72 11@-60 12@-60 13@-60 14@-60 15@-60 16@-60)
writes landed by: instack 1 pump 23
write verify: 24 landed, 0 write_unlanded (skipped), in-stack read already matched on 1 of 24, pump slices total 73, longest confirm 12.9 ms, re-rendered 0
hold doubled at positions: none
still moving AFTER doubling (reading not used): none

pos   norm      display        red@-24  red@-12  red@-6    T(peak)   T-display
  0  0.0000    -60.0             --       --       --          --          
  1  0.0667    -53.6             --       --       --          --          
  2  0.1333    -47.2          22.34    33.34    38.91          --          
  3  0.1556    -45.1          20.51    31.42    36.99          --          
  4  0.1778    -42.9          18.63    29.40    34.97          --          
  5  0.2000    -40.8          16.88    27.47    33.03          --          
  6  0.2222    -38.7          15.05    25.43    30.97          --          
  7  0.2444    -36.5          13.37    23.48    28.96          --          
  8  0.2667    -34.8          12.12    21.98    27.42          --          
  9  0.3000    -32.4          10.44    19.91    25.25          --          
 10  0.3333    -30.0           8.89    17.87    23.10          --          
 11  0.3667    -27.6           7.32    15.76    20.85          --          
 12  0.4000    -25.2           6.08    13.90    18.81          --          
 13  0.4333    -22.8           4.99    12.12    16.82          --          
 14  0.4667    -20.4           4.04    10.44    14.90          --          
 15  0.5000    -18.0           3.24     8.89    13.06          --          
 16  0.5333    -16.8           2.89     8.16    12.17          --          
 17  0.6000    -14.4           2.16     6.68    10.36          --          
 18  0.6667    -12.0           1.70     5.52     8.82          --          
 19  0.7333    -9.6            1.32     4.50     7.42          --          
 20  0.8000    -7.2            1.03     3.62     6.16          --          
 21  0.8667    -4.8            0.79     2.89     5.04          --          
 22  0.9333    -2.4            0.61     2.28     4.08          --          
 23  1.0000    0.0             0.47     1.79     3.27          --          

1 MAP:             certified (ratio unknown (no ratio control): no dB-equivalent map) | sense lower_is_harder | engage -60.00:5 -58.00:7 -56.00:8 -54.00:9 -52.00:10 -50.00:10 -48.00:11 -46.00:12 -44.00:13 -42.00:14 -40.00:15 -38.00:16 -36.00:16 -34.00:17 -32.00:18 -30.00:19 -28.00:20 -26.00:21 -24.00:22 -22.00:23 -20.00:23 -18.00:23 -16.00:23 -14.00:23 -12.00:23 -10.00:23 -8.00:23 -6.00:23 -4.00:23 -2.00:23 0.00:23
2 engage drift:    11.68  -10.00:16.93  -12.00:18.27  -14.00:19.55  -16.00:20.75  -18.00:21.79  -2.00:12.17  -20.00:22.62  -22.00:23.21  -24.00:23.03  -26.00:22.78  -28.00:22.51  -30.00:22.23  -32.00:21.85  -34.00:20.56  -36.00:22.37  -38.00:22.90  -4.00:13.03  -40.00:22.80  -42.00:22.50  -44.00:22.17  -46.00:21.70  -48.00:20.72  -50.00:22.37  -52.00:22.80  -54.00:22.47  -56.00:22.16  -58.00:21.83  -6.00:14.19  -60.00:22.22  -8.00:15.56  0.00:11.53   (primary; displayLinear unset until the population decides)
   offset IQR:      null
3 displayOffsetDb: null
fixture: AudioUnit_4b457f6f_15.0.70.rederived.json

CANDIDATE [66] Threshold LS - re-derived
host: EJ Map 0.1.0 / arm64 / 48k (native)
threshold: [66] Threshold LS unit 'dB' (class surround) | positions 16 (16 evenly spaced), one process each, levels quiet to loud
links as instantiated (recorded, not written): [5] Link Mode = 'Control', [6] Link Groups = 'Off'
ratio: 10 controls hold the ratio role | auto make-up disabled: yes
default-threshold reference ('0.0', spec 4.7 check only):  -60.00 out-in -0.01  -58.00 out-in -0.01  -56.00 out-in -0.01  -54.00 out-in -0.02  -52.00 out-in -0.02  -50.00 out-in -0.02  -48.00 out-in -0.03  -46.00 out-in -0.04  -44.00 out-in -0.05  -42.00 out-in -0.07  -40.00 out-in -0.08  -38.00 out-in -0.10  -36.00 out-in -0.13  -34.00 out-in -0.16  -32.00 out-in -0.20  -30.00 out-in -0.25  -28.00 out-in -0.32  -26.00 out-in -0.40  -24.00 out-in -0.50  -22.00 out-in -0.62  -20.00 out-in -0.78  -18.00 out-in -0.96  -16.00 out-in -1.19  -14.00 out-in -1.48  -12.00 out-in -1.82  -10.00 out-in -2.23  -8.00 out-in -2.73  -6.00 out-in -3.30  -4.00 out-in -4.02  -2.00 out-in -4.91  0.00 out-in -5.99  (default gain is information only)
linear reference: each position's own gain at its quiet rung's upper level, checked against the lower (must differ by 6 dB within 0.1): -0.24 -0.12 -0.06 -0.04 -0.03 -0.03 -0.09 -0.07 -0.06 -0.04 -0.03 -0.10 -0.07 -0.06 -0.04 -0.03 -0.03 -0.08 -0.06 -0.05 -0.04 -0.03 -0.02 -0.02
reference ladder: 15 position(s) below the first rung (2@-84 3@-84 4@-84 5@-84 6@-72 7@-72 8@-72 9@-72 10@-72 11@-60 12@-60 13@-60 14@-60 15@-60 16@-60)
writes landed by: instack 1 pump 23
write verify: 24 landed, 0 write_unlanded (skipped), in-stack read already matched on 1 of 24, pump slices total 91, longest confirm 30.3 ms, re-rendered 0
hold doubled at positions: none
still moving AFTER doubling (reading not used): none

pos   norm      display        red@-24  red@-12  red@-6    T(peak)   T-display
  0  0.0000    -60.0             --       --       --          --          
  1  0.0667    -53.6             --       --       --          --          
  2  0.1333    -47.2          22.34    33.34    38.91          --          
  3  0.1556    -45.1          20.51    31.42    36.99          --          
  4  0.1778    -42.9          18.63    29.40    34.97          --          
  5  0.2000    -40.8          16.88    27.47    33.03          --          
  6  0.2222    -38.7          15.05    25.43    30.97          --          
  7  0.2444    -36.5          13.37    23.48    28.96          --          
  8  0.2667    -34.8          12.12    21.98    27.42          --          
  9  0.3000    -32.4          10.44    19.91    25.25          --          
 10  0.3333    -30.0           8.89    17.87    23.10          --          
 11  0.3667    -27.6           7.32    15.76    20.85          --          
 12  0.4000    -25.2           6.08    13.90    18.81          --          
 13  0.4333    -22.8           4.99    12.12    16.82          --          
 14  0.4667    -20.4           4.04    10.44    14.90          --          
 15  0.5000    -18.0           3.24     8.89    13.06          --          
 16  0.5333    -16.8           2.89     8.16    12.17          --          
 17  0.6000    -14.4           2.16     6.68    10.36          --          
 18  0.6667    -12.0           1.70     5.52     8.82          --          
 19  0.7333    -9.6            1.32     4.50     7.42          --          
 20  0.8000    -7.2            1.03     3.62     6.16          --          
 21  0.8667    -4.8            0.79     2.89     5.04          --          
 22  0.9333    -2.4            0.61     2.28     4.08          --          
 23  1.0000    0.0             0.47     1.79     3.27          --          

1 MAP:             certified (ratio unknown (no ratio control): no dB-equivalent map) | sense lower_is_harder | engage -60.00:5 -58.00:7 -56.00:8 -54.00:9 -52.00:10 -50.00:10 -48.00:11 -46.00:12 -44.00:13 -42.00:14 -40.00:15 -38.00:16 -36.00:16 -34.00:17 -32.00:18 -30.00:19 -28.00:20 -26.00:21 -24.00:22 -22.00:23 -20.00:23 -18.00:23 -16.00:23 -14.00:23 -12.00:23 -10.00:23 -8.00:23 -6.00:23 -4.00:23 -2.00:23 0.00:23
2 engage drift:    11.68  -10.00:16.93  -12.00:18.27  -14.00:19.55  -16.00:20.75  -18.00:21.79  -2.00:12.17  -20.00:22.62  -22.00:23.21  -24.00:23.03  -26.00:22.78  -28.00:22.51  -30.00:22.23  -32.00:21.85  -34.00:20.56  -36.00:22.37  -38.00:22.90  -4.00:13.03  -40.00:22.80  -42.00:22.50  -44.00:22.17  -46.00:21.70  -48.00:20.72  -50.00:22.37  -52.00:22.80  -54.00:22.47  -56.00:22.16  -58.00:21.83  -6.00:14.19  -60.00:22.22  -8.00:15.56  0.00:11.53   (primary; displayLinear unset until the population decides)
   offset IQR:      null
3 displayOffsetDb: null
fixture: AudioUnit_4b457f6f_15.0.70.rederived.json

CANDIDATE [80] Threshold RS - re-derived
host: EJ Map 0.1.0 / arm64 / 48k (native)
threshold: [80] Threshold RS unit 'dB' (class surround) | positions 16 (16 evenly spaced), one process each, levels quiet to loud
links as instantiated (recorded, not written): [5] Link Mode = 'Control', [6] Link Groups = 'Off'
ratio: 10 controls hold the ratio role | auto make-up disabled: yes
default-threshold reference ('0.0', spec 4.7 check only):  -60.00 out-in -0.01  -58.00 out-in -0.01  -56.00 out-in -0.01  -54.00 out-in -0.02  -52.00 out-in -0.02  -50.00 out-in -0.02  -48.00 out-in -0.03  -46.00 out-in -0.04  -44.00 out-in -0.05  -42.00 out-in -0.07  -40.00 out-in -0.08  -38.00 out-in -0.10  -36.00 out-in -0.13  -34.00 out-in -0.16  -32.00 out-in -0.20  -30.00 out-in -0.25  -28.00 out-in -0.32  -26.00 out-in -0.40  -24.00 out-in -0.50  -22.00 out-in -0.62  -20.00 out-in -0.78  -18.00 out-in -0.96  -16.00 out-in -1.19  -14.00 out-in -1.48  -12.00 out-in -1.82  -10.00 out-in -2.23  -8.00 out-in -2.73  -6.00 out-in -3.30  -4.00 out-in -4.02  -2.00 out-in -4.91  0.00 out-in -5.99  (default gain is information only)
linear reference: each position's own gain at its quiet rung's upper level, checked against the lower (must differ by 6 dB within 0.1): -0.24 -0.12 -0.06 -0.04 -0.03 -0.03 -0.09 -0.07 -0.06 -0.04 -0.03 -0.10 -0.07 -0.06 -0.04 -0.03 -0.03 -0.08 -0.06 -0.05 -0.04 -0.03 -0.02 -0.02
reference ladder: 15 position(s) below the first rung (2@-84 3@-84 4@-84 5@-84 6@-72 7@-72 8@-72 9@-72 10@-72 11@-60 12@-60 13@-60 14@-60 15@-60 16@-60)
writes landed by: instack 1 pump 23
write verify: 24 landed, 0 write_unlanded (skipped), in-stack read already matched on 1 of 24, pump slices total 97, longest confirm 29.8 ms, re-rendered 0
hold doubled at positions: none
still moving AFTER doubling (reading not used): none

pos   norm      display        red@-24  red@-12  red@-6    T(peak)   T-display
  0  0.0000    -60.0             --       --       --          --          
  1  0.0667    -53.6             --       --       --          --          
  2  0.1333    -47.2          22.34    33.34    38.91          --          
  3  0.1556    -45.1          20.51    31.42    36.99          --          
  4  0.1778    -42.9          18.63    29.40    34.97          --          
  5  0.2000    -40.8          16.88    27.47    33.03          --          
  6  0.2222    -38.7          15.05    25.43    30.97          --          
  7  0.2444    -36.5          13.37    23.48    28.96          --          
  8  0.2667    -34.8          12.12    21.98    27.42          --          
  9  0.3000    -32.4          10.44    19.91    25.25          --          
 10  0.3333    -30.0           8.89    17.87    23.10          --          
 11  0.3667    -27.6           7.32    15.76    20.85          --          
 12  0.4000    -25.2           6.08    13.90    18.81          --          
 13  0.4333    -22.8           4.99    12.12    16.82          --          
 14  0.4667    -20.4           4.04    10.44    14.90          --          
 15  0.5000    -18.0           3.24     8.89    13.06          --          
 16  0.5333    -16.8           2.89     8.16    12.17          --          
 17  0.6000    -14.4           2.16     6.68    10.36          --          
 18  0.6667    -12.0           1.70     5.52     8.82          --          
 19  0.7333    -9.6            1.32     4.50     7.42          --          
 20  0.8000    -7.2            1.03     3.62     6.16          --          
 21  0.8667    -4.8            0.79     2.89     5.04          --          
 22  0.9333    -2.4            0.61     2.28     4.08          --          
 23  1.0000    0.0             0.47     1.79     3.27          --          

1 MAP:             certified (ratio unknown (no ratio control): no dB-equivalent map) | sense lower_is_harder | engage -60.00:5 -58.00:7 -56.00:8 -54.00:9 -52.00:10 -50.00:10 -48.00:11 -46.00:12 -44.00:13 -42.00:14 -40.00:15 -38.00:16 -36.00:16 -34.00:17 -32.00:18 -30.00:19 -28.00:20 -26.00:21 -24.00:22 -22.00:23 -20.00:23 -18.00:23 -16.00:23 -14.00:23 -12.00:23 -10.00:23 -8.00:23 -6.00:23 -4.00:23 -2.00:23 0.00:23
2 engage drift:    11.68  -10.00:16.93  -12.00:18.27  -14.00:19.55  -16.00:20.75  -18.00:21.79  -2.00:12.17  -20.00:22.62  -22.00:23.21  -24.00:23.03  -26.00:22.78  -28.00:22.51  -30.00:22.23  -32.00:21.85  -34.00:20.56  -36.00:22.37  -38.00:22.90  -4.00:13.03  -40.00:22.80  -42.00:22.50  -44.00:22.17  -46.00:21.70  -48.00:20.72  -50.00:22.37  -52.00:22.80  -54.00:22.47  -56.00:22.16  -58.00:21.83  -6.00:14.19  -60.00:22.22  -8.00:15.56  0.00:11.53   (primary; displayLinear unset until the population decides)
   offset IQR:      null
3 displayOffsetDb: null
fixture: AudioUnit_4b457f6f_15.0.70.rederived.json

CANDIDATE [94] Threshold LRS - re-derived
host: EJ Map 0.1.0 / arm64 / 48k (native)
threshold: [94] Threshold LRS unit 'dB' (class surround) | positions 16 (16 evenly spaced), one process each, levels quiet to loud
links as instantiated (recorded, not written): [5] Link Mode = 'Control', [6] Link Groups = 'Off'
ratio: 10 controls hold the ratio role | auto make-up disabled: yes
default-threshold reference ('0.0', spec 4.7 check only):  -60.00 out-in -0.01  -58.00 out-in -0.01  -56.00 out-in -0.01  -54.00 out-in -0.02  -52.00 out-in -0.02  -50.00 out-in -0.02  -48.00 out-in -0.03  -46.00 out-in -0.04  -44.00 out-in -0.05  -42.00 out-in -0.07  -40.00 out-in -0.08  -38.00 out-in -0.10  -36.00 out-in -0.13  -34.00 out-in -0.16  -32.00 out-in -0.20  -30.00 out-in -0.25  -28.00 out-in -0.32  -26.00 out-in -0.40  -24.00 out-in -0.50  -22.00 out-in -0.62  -20.00 out-in -0.78  -18.00 out-in -0.96  -16.00 out-in -1.19  -14.00 out-in -1.48  -12.00 out-in -1.82  -10.00 out-in -2.23  -8.00 out-in -2.73  -6.00 out-in -3.30  -4.00 out-in -4.02  -2.00 out-in -4.91  0.00 out-in -5.99  (default gain is information only)
linear reference: each position's own gain at its quiet rung's upper level, checked against the lower (must differ by 6 dB within 0.1): -0.24 -0.12 -0.06 -0.04 -0.03 -0.03 -0.09 -0.07 -0.06 -0.04 -0.03 -0.10 -0.07 -0.06 -0.04 -0.03 -0.03 -0.08 -0.06 -0.05 -0.04 -0.03 -0.02 -0.02
reference ladder: 15 position(s) below the first rung (2@-84 3@-84 4@-84 5@-84 6@-72 7@-72 8@-72 9@-72 10@-72 11@-60 12@-60 13@-60 14@-60 15@-60 16@-60)
writes landed by: instack 1 pump 23
write verify: 24 landed, 0 write_unlanded (skipped), in-stack read already matched on 1 of 24, pump slices total 86, longest confirm 30.6 ms, re-rendered 0
hold doubled at positions: none
still moving AFTER doubling (reading not used): none

pos   norm      display        red@-24  red@-12  red@-6    T(peak)   T-display
  0  0.0000    -60.0             --       --       --          --          
  1  0.0667    -53.6             --       --       --          --          
  2  0.1333    -47.2          22.34    33.34    38.91          --          
  3  0.1556    -45.1          20.51    31.42    36.99          --          
  4  0.1778    -42.9          18.63    29.40    34.97          --          
  5  0.2000    -40.8          16.88    27.47    33.03          --          
  6  0.2222    -38.7          15.05    25.43    30.97          --          
  7  0.2444    -36.5          13.37    23.48    28.96          --          
  8  0.2667    -34.8          12.12    21.98    27.42          --          
  9  0.3000    -32.4          10.44    19.91    25.25          --          
 10  0.3333    -30.0           8.89    17.87    23.10          --          
 11  0.3667    -27.6           7.32    15.76    20.85          --          
 12  0.4000    -25.2           6.08    13.90    18.81          --          
 13  0.4333    -22.8           4.99    12.12    16.82          --          
 14  0.4667    -20.4           4.04    10.44    14.90          --          
 15  0.5000    -18.0           3.24     8.89    13.06          --          
 16  0.5333    -16.8           2.89     8.16    12.17          --          
 17  0.6000    -14.4           2.16     6.68    10.36          --          
 18  0.6667    -12.0           1.70     5.52     8.82          --          
 19  0.7333    -9.6            1.32     4.50     7.42          --          
 20  0.8000    -7.2            1.03     3.62     6.16          --          
 21  0.8667    -4.8            0.79     2.89     5.04          --          
 22  0.9333    -2.4            0.61     2.28     4.08          --          
 23  1.0000    0.0             0.47     1.79     3.27          --          

1 MAP:             certified (ratio unknown (no ratio control): no dB-equivalent map) | sense lower_is_harder | engage -60.00:5 -58.00:7 -56.00:8 -54.00:9 -52.00:10 -50.00:10 -48.00:11 -46.00:12 -44.00:13 -42.00:14 -40.00:15 -38.00:16 -36.00:16 -34.00:17 -32.00:18 -30.00:19 -28.00:20 -26.00:21 -24.00:22 -22.00:23 -20.00:23 -18.00:23 -16.00:23 -14.00:23 -12.00:23 -10.00:23 -8.00:23 -6.00:23 -4.00:23 -2.00:23 0.00:23
2 engage drift:    11.68  -10.00:16.93  -12.00:18.27  -14.00:19.55  -16.00:20.75  -18.00:21.79  -2.00:12.17  -20.00:22.62  -22.00:23.21  -24.00:23.03  -26.00:22.78  -28.00:22.51  -30.00:22.23  -32.00:21.85  -34.00:20.56  -36.00:22.37  -38.00:22.90  -4.00:13.03  -40.00:22.80  -42.00:22.50  -44.00:22.17  -46.00:21.70  -48.00:20.72  -50.00:22.37  -52.00:22.80  -54.00:22.47  -56.00:22.16  -58.00:21.83  -6.00:14.19  -60.00:22.22  -8.00:15.56  0.00:11.53   (primary; displayLinear unset until the population decides)
   offset IQR:      null
3 displayOffsetDb: null
fixture: AudioUnit_4b457f6f_15.0.70.rederived.json

CANDIDATE [108] Threshold RRS - re-derived
host: EJ Map 0.1.0 / arm64 / 48k (native)
threshold: [108] Threshold RRS unit 'dB' (class surround) | positions 16 (16 evenly spaced), one process each, levels quiet to loud
links as instantiated (recorded, not written): [5] Link Mode = 'Control', [6] Link Groups = 'Off'
ratio: 10 controls hold the ratio role | auto make-up disabled: yes
default-threshold reference ('0.0', spec 4.7 check only):  -60.00 out-in -0.01  -58.00 out-in -0.01  -56.00 out-in -0.01  -54.00 out-in -0.02  -52.00 out-in -0.02  -50.00 out-in -0.02  -48.00 out-in -0.03  -46.00 out-in -0.04  -44.00 out-in -0.05  -42.00 out-in -0.07  -40.00 out-in -0.08  -38.00 out-in -0.10  -36.00 out-in -0.13  -34.00 out-in -0.16  -32.00 out-in -0.20  -30.00 out-in -0.25  -28.00 out-in -0.32  -26.00 out-in -0.40  -24.00 out-in -0.50  -22.00 out-in -0.62  -20.00 out-in -0.78  -18.00 out-in -0.96  -16.00 out-in -1.19  -14.00 out-in -1.48  -12.00 out-in -1.82  -10.00 out-in -2.23  -8.00 out-in -2.73  -6.00 out-in -3.30  -4.00 out-in -4.02  -2.00 out-in -4.91  0.00 out-in -5.99  (default gain is information only)
linear reference: each position's own gain at its quiet rung's upper level, checked against the lower (must differ by 6 dB within 0.1): -0.24 -0.12 -0.06 -0.04 -0.03 -0.03 -0.09 -0.07 -0.06 -0.04 -0.03 -0.10 -0.07 -0.06 -0.04 -0.03 -0.03 -0.08 -0.06 -0.05 -0.04 -0.03 -0.02 -0.02
reference ladder: 15 position(s) below the first rung (2@-84 3@-84 4@-84 5@-84 6@-72 7@-72 8@-72 9@-72 10@-72 11@-60 12@-60 13@-60 14@-60 15@-60 16@-60)
writes landed by: instack 1 pump 23
write verify: 24 landed, 0 write_unlanded (skipped), in-stack read already matched on 1 of 24, pump slices total 106, longest confirm 33.2 ms, re-rendered 0
hold doubled at positions: none
still moving AFTER doubling (reading not used): none

pos   norm      display        red@-24  red@-12  red@-6    T(peak)   T-display
  0  0.0000    -60.0             --       --       --          --          
  1  0.0667    -53.6             --       --       --          --          
  2  0.1333    -47.2          22.34    33.34    38.91          --          
  3  0.1556    -45.1          20.51    31.42    36.99          --          
  4  0.1778    -42.9          18.63    29.40    34.97          --          
  5  0.2000    -40.8          16.88    27.47    33.03          --          
  6  0.2222    -38.7          15.05    25.43    30.97          --          
  7  0.2444    -36.5          13.37    23.48    28.96          --          
  8  0.2667    -34.8          12.12    21.98    27.42          --          
  9  0.3000    -32.4          10.44    19.91    25.25          --          
 10  0.3333    -30.0           8.89    17.87    23.10          --          
 11  0.3667    -27.6           7.32    15.76    20.85          --          
 12  0.4000    -25.2           6.08    13.90    18.81          --          
 13  0.4333    -22.8           4.99    12.12    16.82          --          
 14  0.4667    -20.4           4.04    10.44    14.90          --          
 15  0.5000    -18.0           3.24     8.89    13.06          --          
 16  0.5333    -16.8           2.89     8.16    12.17          --          
 17  0.6000    -14.4           2.16     6.68    10.36          --          
 18  0.6667    -12.0           1.70     5.52     8.82          --          
 19  0.7333    -9.6            1.32     4.50     7.42          --          
 20  0.8000    -7.2            1.03     3.62     6.16          --          
 21  0.8667    -4.8            0.79     2.89     5.04          --          
 22  0.9333    -2.4            0.61     2.28     4.08          --          
 23  1.0000    0.0             0.47     1.79     3.27          --          

1 MAP:             certified (ratio unknown (no ratio control): no dB-equivalent map) | sense lower_is_harder | engage -60.00:5 -58.00:7 -56.00:8 -54.00:9 -52.00:10 -50.00:10 -48.00:11 -46.00:12 -44.00:13 -42.00:14 -40.00:15 -38.00:16 -36.00:16 -34.00:17 -32.00:18 -30.00:19 -28.00:20 -26.00:21 -24.00:22 -22.00:23 -20.00:23 -18.00:23 -16.00:23 -14.00:23 -12.00:23 -10.00:23 -8.00:23 -6.00:23 -4.00:23 -2.00:23 0.00:23
2 engage drift:    11.68  -10.00:16.93  -12.00:18.27  -14.00:19.55  -16.00:20.75  -18.00:21.79  -2.00:12.17  -20.00:22.62  -22.00:23.21  -24.00:23.03  -26.00:22.78  -28.00:22.51  -30.00:22.23  -32.00:21.85  -34.00:20.56  -36.00:22.37  -38.00:22.90  -4.00:13.03  -40.00:22.80  -42.00:22.50  -44.00:22.17  -46.00:21.70  -48.00:20.72  -50.00:22.37  -52.00:22.80  -54.00:22.47  -56.00:22.16  -58.00:21.83  -6.00:14.19  -60.00:22.22  -8.00:15.56  0.00:11.53   (primary; displayLinear unset until the population decides)
   offset IQR:      null
3 displayOffsetDb: null
fixture: AudioUnit_4b457f6f_15.0.70.rederived.json

CANDIDATE [122] Threshold LFT - re-derived
host: EJ Map 0.1.0 / arm64 / 48k (native)
threshold: [122] Threshold LFT unit 'dB' (class surround) | positions 16 (16 evenly spaced), one process each, levels quiet to loud
links as instantiated (recorded, not written): [5] Link Mode = 'Control', [6] Link Groups = 'Off'
ratio: 10 controls hold the ratio role | auto make-up disabled: yes
default-threshold reference ('0.0', spec 4.7 check only):  -60.00 out-in -0.01  -58.00 out-in -0.01  -56.00 out-in -0.01  -54.00 out-in -0.02  -52.00 out-in -0.02  -50.00 out-in -0.02  -48.00 out-in -0.03  -46.00 out-in -0.04  -44.00 out-in -0.05  -42.00 out-in -0.07  -40.00 out-in -0.08  -38.00 out-in -0.10  -36.00 out-in -0.13  -34.00 out-in -0.16  -32.00 out-in -0.20  -30.00 out-in -0.25  -28.00 out-in -0.32  -26.00 out-in -0.40  -24.00 out-in -0.50  -22.00 out-in -0.62  -20.00 out-in -0.78  -18.00 out-in -0.96  -16.00 out-in -1.19  -14.00 out-in -1.48  -12.00 out-in -1.82  -10.00 out-in -2.23  -8.00 out-in -2.73  -6.00 out-in -3.30  -4.00 out-in -4.02  -2.00 out-in -4.91  0.00 out-in -5.99  (default gain is information only)
linear reference: each position's own gain at its quiet rung's upper level, checked against the lower (must differ by 6 dB within 0.1): -0.24 -0.12 -0.06 -0.04 -0.03 -0.03 -0.09 -0.07 -0.06 -0.04 -0.03 -0.10 -0.07 -0.06 -0.04 -0.03 -0.03 -0.08 -0.06 -0.05 -0.04 -0.03 -0.02 -0.02
reference ladder: 15 position(s) below the first rung (2@-84 3@-84 4@-84 5@-84 6@-72 7@-72 8@-72 9@-72 10@-72 11@-60 12@-60 13@-60 14@-60 15@-60 16@-60)
writes landed by: instack 1 pump 23
write verify: 24 landed, 0 write_unlanded (skipped), in-stack read already matched on 1 of 24, pump slices total 90, longest confirm 32.5 ms, re-rendered 0
hold doubled at positions: none
still moving AFTER doubling (reading not used): none

pos   norm      display        red@-24  red@-12  red@-6    T(peak)   T-display
  0  0.0000    -60.0             --       --       --          --          
  1  0.0667    -53.6             --       --       --          --          
  2  0.1333    -47.2          22.34    33.34    38.91          --          
  3  0.1556    -45.1          20.51    31.42    36.99          --          
  4  0.1778    -42.9          18.63    29.40    34.97          --          
  5  0.2000    -40.8          16.88    27.47    33.03          --          
  6  0.2222    -38.7          15.05    25.43    30.97          --          
  7  0.2444    -36.5          13.37    23.48    28.96          --          
  8  0.2667    -34.8          12.12    21.98    27.42          --          
  9  0.3000    -32.4          10.44    19.91    25.25          --          
 10  0.3333    -30.0           8.89    17.87    23.10          --          
 11  0.3667    -27.6           7.32    15.76    20.85          --          
 12  0.4000    -25.2           6.08    13.90    18.81          --          
 13  0.4333    -22.8           4.99    12.12    16.82          --          
 14  0.4667    -20.4           4.04    10.44    14.90          --          
 15  0.5000    -18.0           3.24     8.89    13.06          --          
 16  0.5333    -16.8           2.89     8.16    12.17          --          
 17  0.6000    -14.4           2.16     6.68    10.36          --          
 18  0.6667    -12.0           1.70     5.52     8.82          --          
 19  0.7333    -9.6            1.32     4.50     7.42          --          
 20  0.8000    -7.2            1.03     3.62     6.16          --          
 21  0.8667    -4.8            0.79     2.89     5.04          --          
 22  0.9333    -2.4            0.61     2.28     4.08          --          
 23  1.0000    0.0             0.47     1.79     3.27          --          

1 MAP:             certified (ratio unknown (no ratio control): no dB-equivalent map) | sense lower_is_harder | engage -60.00:5 -58.00:7 -56.00:8 -54.00:9 -52.00:10 -50.00:10 -48.00:11 -46.00:12 -44.00:13 -42.00:14 -40.00:15 -38.00:16 -36.00:16 -34.00:17 -32.00:18 -30.00:19 -28.00:20 -26.00:21 -24.00:22 -22.00:23 -20.00:23 -18.00:23 -16.00:23 -14.00:23 -12.00:23 -10.00:23 -8.00:23 -6.00:23 -4.00:23 -2.00:23 0.00:23
2 engage drift:    11.68  -10.00:16.93  -12.00:18.27  -14.00:19.55  -16.00:20.75  -18.00:21.79  -2.00:12.17  -20.00:22.62  -22.00:23.21  -24.00:23.03  -26.00:22.78  -28.00:22.51  -30.00:22.23  -32.00:21.85  -34.00:20.56  -36.00:22.37  -38.00:22.90  -4.00:13.03  -40.00:22.80  -42.00:22.50  -44.00:22.17  -46.00:21.70  -48.00:20.72  -50.00:22.37  -52.00:22.80  -54.00:22.47  -56.00:22.16  -58.00:21.83  -6.00:14.19  -60.00:22.22  -8.00:15.56  0.00:11.53   (primary; displayLinear unset until the population decides)
   offset IQR:      null
3 displayOffsetDb: null
fixture: AudioUnit_4b457f6f_15.0.70.rederived.json

CANDIDATE [136] Threshold RFT - re-derived
host: EJ Map 0.1.0 / arm64 / 48k (native)
threshold: [136] Threshold RFT unit 'dB' (class surround) | positions 16 (16 evenly spaced), one process each, levels quiet to loud
links as instantiated (recorded, not written): [5] Link Mode = 'Control', [6] Link Groups = 'Off'
ratio: 10 controls hold the ratio role | auto make-up disabled: yes
default-threshold reference ('0.0', spec 4.7 check only):  -60.00 out-in -0.01  -58.00 out-in -0.01  -56.00 out-in -0.01  -54.00 out-in -0.02  -52.00 out-in -0.02  -50.00 out-in -0.02  -48.00 out-in -0.03  -46.00 out-in -0.04  -44.00 out-in -0.05  -42.00 out-in -0.07  -40.00 out-in -0.08  -38.00 out-in -0.10  -36.00 out-in -0.13  -34.00 out-in -0.16  -32.00 out-in -0.20  -30.00 out-in -0.25  -28.00 out-in -0.32  -26.00 out-in -0.40  -24.00 out-in -0.50  -22.00 out-in -0.62  -20.00 out-in -0.78  -18.00 out-in -0.96  -16.00 out-in -1.19  -14.00 out-in -1.48  -12.00 out-in -1.82  -10.00 out-in -2.23  -8.00 out-in -2.73  -6.00 out-in -3.30  -4.00 out-in -4.02  -2.00 out-in -4.91  0.00 out-in -5.99  (default gain is information only)
linear reference: each position's own gain at its quiet rung's upper level, checked against the lower (must differ by 6 dB within 0.1): -0.24 -0.12 -0.06 -0.04 -0.03 -0.03 -0.09 -0.07 -0.06 -0.04 -0.03 -0.10 -0.07 -0.06 -0.04 -0.03 -0.03 -0.08 -0.06 -0.05 -0.04 -0.03 -0.02 -0.02
reference ladder: 15 position(s) below the first rung (2@-84 3@-84 4@-84 5@-84 6@-72 7@-72 8@-72 9@-72 10@-72 11@-60 12@-60 13@-60 14@-60 15@-60 16@-60)
writes landed by: instack 1 pump 23
write verify: 24 landed, 0 write_unlanded (skipped), in-stack read already matched on 1 of 24, pump slices total 87, longest confirm 30.2 ms, re-rendered 0
hold doubled at positions: none
still moving AFTER doubling (reading not used): none

pos   norm      display        red@-24  red@-12  red@-6    T(peak)   T-display
  0  0.0000    -60.0             --       --       --          --          
  1  0.0667    -53.6             --       --       --          --          
  2  0.1333    -47.2          22.34    33.34    38.91          --          
  3  0.1556    -45.1          20.51    31.42    36.99          --          
  4  0.1778    -42.9          18.63    29.40    34.97          --          
  5  0.2000    -40.8          16.88    27.47    33.03          --          
  6  0.2222    -38.7          15.05    25.43    30.97          --          
  7  0.2444    -36.5          13.37    23.48    28.96          --          
  8  0.2667    -34.8          12.12    21.98    27.42          --          
  9  0.3000    -32.4          10.44    19.91    25.25          --          
 10  0.3333    -30.0           8.89    17.87    23.10          --          
 11  0.3667    -27.6           7.32    15.76    20.85          --          
 12  0.4000    -25.2           6.08    13.90    18.81          --          
 13  0.4333    -22.8           4.99    12.12    16.82          --          
 14  0.4667    -20.4           4.04    10.44    14.90          --          
 15  0.5000    -18.0           3.24     8.89    13.06          --          
 16  0.5333    -16.8           2.89     8.16    12.17          --          
 17  0.6000    -14.4           2.16     6.68    10.36          --          
 18  0.6667    -12.0           1.70     5.52     8.82          --          
 19  0.7333    -9.6            1.32     4.50     7.42          --          
 20  0.8000    -7.2            1.03     3.62     6.16          --          
 21  0.8667    -4.8            0.79     2.89     5.04          --          
 22  0.9333    -2.4            0.61     2.28     4.08          --          
 23  1.0000    0.0             0.47     1.79     3.27          --          

1 MAP:             certified (ratio unknown (no ratio control): no dB-equivalent map) | sense lower_is_harder | engage -60.00:5 -58.00:7 -56.00:8 -54.00:9 -52.00:10 -50.00:10 -48.00:11 -46.00:12 -44.00:13 -42.00:14 -40.00:15 -38.00:16 -36.00:16 -34.00:17 -32.00:18 -30.00:19 -28.00:20 -26.00:21 -24.00:22 -22.00:23 -20.00:23 -18.00:23 -16.00:23 -14.00:23 -12.00:23 -10.00:23 -8.00:23 -6.00:23 -4.00:23 -2.00:23 0.00:23
2 engage drift:    11.68  -10.00:16.93  -12.00:18.27  -14.00:19.55  -16.00:20.75  -18.00:21.79  -2.00:12.17  -20.00:22.62  -22.00:23.21  -24.00:23.03  -26.00:22.78  -28.00:22.51  -30.00:22.23  -32.00:21.85  -34.00:20.56  -36.00:22.37  -38.00:22.90  -4.00:13.03  -40.00:22.80  -42.00:22.50  -44.00:22.17  -46.00:21.70  -48.00:20.72  -50.00:22.37  -52.00:22.80  -54.00:22.47  -56.00:22.16  -58.00:21.83  -6.00:14.19  -60.00:22.22  -8.00:15.56  0.00:11.53   (primary; displayLinear unset until the population decides)
   offset IQR:      null
3 displayOffsetDb: null
fixture: AudioUnit_4b457f6f_15.0.70.rederived.json

  -> surround: surround: not profiled (10 channels; the profile is a stereo contract)

=== tone checks: SSL LMC+
RE-DERIVED from traces (nothing measured) - SSL LMC+ -> AudioUnit_70404b5f_1.1.9.rederived.json
host: EJ Map 0.1.0 / arm64 / 48k (native)
threshold: [9] Input Gain unit '' (class input_as_threshold, flags input_as_threshold) | positions 16 (16 evenly spaced), one process each, levels quiet to loud
ratio: no control holds the ratio role | auto make-up disabled: no
default-threshold reference ('0.0', spec 4.7 check only):  -60.00 out-in 6.00  -58.00 out-in 6.00  -56.00 out-in 6.00  -54.00 out-in 6.00  -52.00 out-in 6.00  -50.00 out-in 6.00  -48.00 out-in 6.00  -46.00 out-in 6.00  -44.00 out-in 6.00  -42.00 out-in 6.00  -40.00 out-in 6.00  -38.00 out-in 6.00  -36.00 out-in 6.00  -34.00 out-in 6.00  -32.00 out-in 6.00  -30.00 out-in 6.00  -28.00 out-in 6.00  -26.00 out-in 6.00  -24.00 out-in 6.00  -22.00 out-in 5.16  -20.00 out-in 3.65  -18.00 out-in 2.15  -16.00 out-in 0.63  -14.00 out-in -0.87  -12.00 out-in -2.38  -10.00 out-in -3.89  -8.00 out-in -5.40  -6.00 out-in -6.91  -4.00 out-in -8.42  -2.00 out-in -9.93  0.00 out-in -11.44  (default gain is information only)
linear reference: each position's own gain at its quiet rung's upper level, checked against the lower (must differ by 6 dB within 0.1): -0.00 -0.00 -0.00 -0.00 -0.00 -0.00 -0.00 -0.00 -0.00 -0.00 -0.00 -0.00 -0.00 -0.00 -0.00 -0.00
reference ladder: 0 position(s) below the first rung
writes landed by: instack 16
write verify: 16 landed, 0 write_unlanded (skipped), in-stack read already matched on 16 of 16, pump slices total 16, longest confirm 3.1 ms, re-rendered 0
hold doubled at positions: none
still moving AFTER doubling (reading not used): none

pos   norm      display        red@-24  red@-12  red@-6    T(peak)   T-display
  0  0.0000    -20.0          -0.00    -0.00    -0.00          --          
  1  0.0667    -17.3          -0.00    -0.00    -0.00          --          
  2  0.1333    -14.7          -0.00    -0.00     1.82          --          
  3  0.2000    -12.0          -0.00    -0.00     3.85          --          
  4  0.2667    -9.3           -0.00     1.36     5.89          --          
  5  0.3333    -6.7           -0.00     3.32     7.85          --          
  6  0.4000    -4.0           -0.00     5.36     9.89          --          
  7  0.4667    -1.3           -0.00     7.40    11.93          --          
  8  0.5333    1.3             0.31     9.36    13.89          --          
  9  0.6000    4.0             2.34    11.40    15.93          --          
 10  0.6667    6.7             4.38    13.44    17.97          --          
 11  0.7333    9.3             6.34    15.40    19.93          --          
 12  0.8000    12.0            8.38    17.44    21.97          --          
 13  0.8667    14.7           10.42    19.47    24.00          --          
 14  0.9333    17.3           12.38    21.44    25.97          --          
 15  1.0000    20.0           14.42    23.47    28.00          --          

1 MAP:             certified (ratio unknown (no ratio control): no dB-equivalent map) | sense higher_is_harder | engage -60.00:none -58.00:none -56.00:none -54.00:none -52.00:none -50.00:none -48.00:none -46.00:none -44.00:none -42.00:15 -40.00:15 -38.00:14 -36.00:13 -34.00:12 -32.00:12 -30.00:11 -28.00:10 -26.00:9 -24.00:9 -22.00:8 -20.00:7 -18.00:6 -16.00:6 -14.00:5 -12.00:4 -10.00:3 -8.00:3 -6.00:2 -4.00:1 -2.00:0 0.00:0
2 engage drift:    null  (not a dB display)   (primary; displayLinear unset until the population decides)
   offset IQR:      null
3 displayOffsetDb: null
fixture: AudioUnit_70404b5f_1.1.9.rederived.json
  -> needs_review: export written (derive-only: the tone check was not run, nothing loaded); would be tone-checked by the follow-up

=== tone checks: Abbey Road RS124 (m)
RE-DERIVED from traces (nothing measured) - Abbey Road RS124 (m) -> AudioUnit_58550063_15.0.70.rederived.json
host: EJ Map 0.1.0 / arm64 / 48k (native)
threshold: [0] Input Control unit '' (class input_as_threshold, flags input_as_threshold) | positions 16 (16 evenly spaced), one process each, levels quiet to loud
ratio: no control holds the ratio role | auto make-up disabled: no
default-threshold reference ('5.0', spec 4.7 check only):  -60.00 out-in 10.65  -58.00 out-in 10.66  -56.00 out-in 10.65  -54.00 out-in 10.65  -52.00 out-in 10.66  -50.00 out-in 10.65  -48.00 out-in 10.65  -46.00 out-in 10.65  -44.00 out-in 10.65  -42.00 out-in 10.65  -40.00 out-in 10.65  -38.00 out-in 10.01  -36.00 out-in 9.17  -34.00 out-in 8.22  -32.00 out-in 7.20  -30.00 out-in 6.07  -28.00 out-in 4.88  -26.00 out-in 3.63  -24.00 out-in 2.29  -22.00 out-in 0.97  -20.00 out-in -0.44  -18.00 out-in -1.84  -16.00 out-in -3.27  -14.00 out-in -4.71  -12.00 out-in -6.10  -10.00 out-in -7.49  -8.00 out-in -8.89  -6.00 out-in -10.20  -4.00 out-in -11.54  -2.00 out-in -12.92  0.00 out-in -14.27  (default gain is information only)
linear reference: each position's own gain at its quiet rung's upper level, checked against the lower (must differ by 6 dB within 0.1): -- -0.00 -0.00 -0.00 -0.00 -0.00 -0.00 -0.00 -0.00 -0.00 -0.00 -0.00 -0.00 -0.00 -0.00 -0.00 -0.00 -0.00 -0.00 0.00 0.00 0.00 0.00 0.00 0.00 -0.00 -0.00 -0.00
reference ladder: 9 position(s) below the first rung (19@-60 20@-60 21@-60 22@-60 23@-60 24@-60 25@-72 26@-72 27@-72)
writes landed by: instack 1 pump 27
write verify: 28 landed, 0 write_unlanded (skipped), in-stack read already matched on 1 of 28, pump slices total 266, longest confirm 27.3 ms, re-rendered 0
hold doubled at positions: none
still moving AFTER doubling (reading not used): none

pos   norm      display        red@-24  red@-12  red@-6    T(peak)   T-display
  0  0.0000    0.0               --       --       --          --          
  1  0.0667    0.7            -0.00    -0.00    -0.00          --          
  2  0.1333    1.3            -0.00     2.31     5.62          --          
  3  0.1444    1.4             0.00     2.93     6.39          --          
  4  0.1556    1.6             0.00     4.29     8.03          --          
  5  0.1778    1.8             0.00     5.77     9.68          --          
  6  0.2000    2.0             0.85     7.35    11.47          --          
  7  0.2333    2.3             1.83     8.85    13.02          --          
  8  0.2500    2.5             2.55     9.85    14.11          --          
  9  0.2667    2.7             3.32    10.91    15.20          --          
 10  0.3000    3.0             4.58    12.49    16.75          --          
 11  0.3333    3.3             5.13    13.13    17.41          --          
 12  0.4000    4.0             6.38    14.68    18.83          --          
 13  0.4667    4.7             7.75    16.11    20.26          --          
 14  0.5000    5.0             8.36    16.75    20.85          --          
 15  0.5333    5.3             9.96    18.41    22.47          --          
 16  0.5500    5.5            11.09    19.54    23.57          --          
 17  0.5667    5.7            12.22    20.59    24.65          --          
 18  0.6000    6.0            13.92    22.19    26.35          --          
 19  0.6333    6.3            15.03    23.24    27.44          --          
 20  0.6667    6.7            16.40    24.58    28.89          --          
 21  0.7000    7.0            17.47    25.62    29.97          --          
 22  0.7333    7.3            18.59    26.82    31.11          --          
 23  0.7667    7.7            20.10    28.42    32.68          --          
 24  0.8000    8.0            21.19    29.61    33.89          --          
 25  0.8667    8.7            22.60    31.08    35.43          --          
 26  0.9333    9.3            23.34    31.84    36.17          --          
 27  1.0000    10.0           23.57    32.09    36.42          --          

1 MAP:             certified (ratio unknown (no ratio control): no dB-equivalent map) | sense higher_is_harder | engage -60.00:26 -58.00:25 -56.00:24 -54.00:23 -52.00:22 -50.00:21 -48.00:20 -46.00:18 -44.00:18 -42.00:16 -40.00:15 -38.00:14 -36.00:13 -34.00:12 -32.00:10 -30.00:9 -28.00:8 -26.00:7 -24.00:6 -22.00:5 -20.00:5 -18.00:4 -16.00:2 -14.00:2 -12.00:2 -10.00:2 -8.00:2 -6.00:2 -4.00:2 -2.00:2 0.00:2
2 engage drift:    null  (not a dB display)   (primary; displayLinear unset until the population decides)
   offset IQR:      null
3 displayOffsetDb: null
fixture: AudioUnit_58550063_15.0.70.rederived.json
  -> needs_review: export written (derive-only: the tone check was not run, nothing loaded); would be tone-checked by the follow-up

=== tone checks: MCompressor
RE-DERIVED from traces (nothing measured) - MCompressor -> AudioUnit_61516433_14.16.0.rederived.json
host: EJ Map 0.1.0 / arm64 / 48k (native)
threshold: [5] Threshold unit 'dB' (class single_threshold) | positions 16 (16 evenly spaced), one process each, levels quiet to loud
links as instantiated (recorded, not written): [9] Link channels = 'On'
ratio: [6] ran at '1.80 : 1' -> 1.8 | auto make-up disabled: no
default-threshold reference ('-12.0 dB', spec 4.7 check only):  -60.00 out-in -0.00  -58.00 out-in 0.00  -56.00 out-in 0.00  -54.00 out-in -0.00  -52.00 out-in 0.00  -50.00 out-in -0.00  -48.00 out-in -0.00  -46.00 out-in 0.00  -44.00 out-in -0.00  -42.00 out-in -0.00  -40.00 out-in 0.00  -38.00 out-in -0.00  -36.00 out-in 0.00  -34.00 out-in 0.00  -32.00 out-in -0.00  -30.00 out-in 0.00  -28.00 out-in -0.00  -26.00 out-in -0.00  -24.00 out-in 0.00  -22.00 out-in -0.00  -20.00 out-in 0.00  -18.00 out-in 0.00  -16.00 out-in -0.00  -14.00 out-in 0.00  -12.00 out-in 0.00  -10.00 out-in -0.00  -8.00 out-in -0.71  -6.00 out-in -1.81  -4.00 out-in -2.80  -2.00 out-in -3.68  0.00 out-in -4.44  (default gain is information only)
linear reference: each position's own gain at its quiet rung's upper level, checked against the lower (must differ by 6 dB within 0.1): 0.00 -0.00 -0.00 -0.00 -0.00 -0.00 -0.00 -0.00 -0.00 -0.00 -0.00 -0.00 -0.00 -0.00 -0.00 -0.00 -0.00 -0.00 -0.00 -0.00 -0.00 -0.00 -0.00 -0.00 -0.00
reference ladder: 1 position(s) below the first rung (0@-84)
writes landed by: instack 25
write verify: 25 landed, 0 write_unlanded (skipped), in-stack read already matched on 25 of 25, pump slices total 25, longest confirm 3.1 ms, re-rendered 0
hold doubled at positions: none
still moving AFTER doubling (reading not used): none

pos   norm      display        red@-24  red@-12  red@-6    T(peak)   T-display
  0  0.0000    -80.0 dB       34.54    35.33    35.46   {"below": -60.0}          
  1  0.0667    -44.8 dB       13.52    18.07    19.14       -49.2     -4.40
  2  0.0750    -43.0 dB       12.23    17.09    18.26       -47.3     -4.30
  3  0.0833    -41.4 dB       11.06    16.20    17.46       -45.8     -4.40
  4  0.1000    -38.5 dB        8.95    14.59    16.04       -42.5     -4.00
  5  0.1167    -36.1 dB        7.11    13.19    14.80       -40.0     -3.90
  6  0.1333    -33.9 dB        5.47    11.93    13.70       -37.8     -3.90
  7  0.1556    -31.4 dB        3.54    10.44    12.41       -34.8     -3.40
  8  0.1778    -29.2 dB        1.85     9.11    11.26       -31.4     -2.20
  9  0.2000    -27.3 dB        0.33     7.92    10.23       -28.7     -1.40
 10  0.2333    -24.7 dB       -0.00     6.32     8.86       -25.3     -0.60
 11  0.2667    -22.5 dB       -0.00     4.92     7.64       -22.6     -0.10
 12  0.3000    -20.5 dB       -0.00     3.66     6.56       -20.2      0.30
 13  0.3333    -18.7 dB       -0.00     2.52     5.58       -18.0      0.70
 14  0.3667    -17.1 dB       -0.00     1.48     4.68       -16.1      1.00
 15  0.4000    -15.7 dB       -0.00     0.52     3.86       -14.4      1.30
 16  0.4667    -13.0 dB       -0.00    -0.00     2.38       -11.4      1.60
 17  0.5333    -10.8 dB       -0.00    -0.00     1.09        -8.7      2.10
 18  0.6000    -8.76 dB       -0.00    -0.00    -0.00        -6.4      2.36
 19  0.6667    -6.96 dB       -0.00    -0.00    -0.00        -4.5      2.46
 20  0.7333    -5.32 dB       -0.00    -0.00    -0.00        -2.7      2.62
 21  0.8000    -3.83 dB       -0.00    -0.00    -0.00   {"above": 0.0}          
 22  0.8667    -2.46 dB       -0.00    -0.00    -0.00   {"above": 0.0}          
 23  0.9333    -1.19 dB       -0.00    -0.00    -0.00   {"above": 0.0}          
 24  1.0000    0.00 dB        -0.00    -0.00    -0.00   {"above": 0.0}          

1 MAP:             certified | sense lower_is_harder | engage -60.00:0 -58.00:0 -56.00:0 -54.00:0 -52.00:0 -50.00:0 -48.00:0 -46.00:0 -44.00:0 -42.00:0 -40.00:1 -38.00:2 -36.00:3 -34.00:4 -32.00:5 -30.00:6 -28.00:6 -26.00:7 -24.00:8 -22.00:9 -20.00:10 -18.00:11 -16.00:12 -14.00:13 -12.00:15 -10.00:15 -8.00:16 -6.00:17 -4.00:18 -2.00:19 0.00:20
2 engage drift:    17.99  -10.00:-3.79  -12.00:-3.67  -14.00:-3.53  -16.00:-3.54  -18.00:-3.57  -2.00:-3.83  -20.00:-3.48  -22.00:-3.56  -24.00:-3.46  -26.00:-3.46  -28.00:-3.38  -30.00:-3.43  -32.00:-3.50  -34.00:-3.41  -36.00:-3.49  -38.00:-3.43  -4.00:-3.76  -40.00:-3.44  -42.00:-3.40  -44.00:-1.42  -46.00:0.55  -48.00:2.52  -50.00:4.48  -52.00:6.43  -54.00:8.38  -56.00:10.31  -58.00:12.22  -6.00:-3.79  -60.00:14.12  -8.00:-3.60  0.00:-3.87   (primary; displayLinear unset until the population decides)
   offset IQR:      5.27 dB over 20 positions (min -4.40, max 2.62)
3 displayOffsetDb: -0.35  (inside spec 7's 2 dB bar)
fixture: AudioUnit_61516433_14.16.0.rederived.json
  -> needs_review: export written (derive-only: the tone check was not run, nothing loaded); would be tone-checked by the follow-up

=== tone checks: elysia alpha master
  linked_pair: linked pair 'Threshold' (measured, not by label): both certified; their 2 dB curves agree within 0.00 dB over 12 common positions; in the first's own sweep both output channels agree within 0.00 dB over 1190 readings. 'Threshold 1' is the amount; 'Threshold 2' and every link/mode control stay at their instantiate values (neutral)
CANDIDATE [3] Threshold 1 - re-derived
host: EJ Map 0.1.0 / arm64 / 48k (native)
threshold: [3] Threshold 1 unit 'dB' (class bands_or_stages) | positions 16 (16 evenly spaced), one process each, levels quiet to loud
links as instantiated (recorded, not written): [2] Link = 'On'
ratio: 2 controls hold the ratio role | auto make-up disabled: no
default-threshold reference ('+20.0 dB', spec 4.7 check only):  -60.00 out-in 0.00  -58.00 out-in 0.00  -56.00 out-in -0.00  -54.00 out-in 0.00  -52.00 out-in 0.00  -50.00 out-in -0.00  -48.00 out-in 0.00  -46.00 out-in -0.00  -44.00 out-in -0.00  -42.00 out-in 0.00  -40.00 out-in -0.00  -38.00 out-in 0.00  -36.00 out-in 0.00  -34.00 out-in -0.00  -32.00 out-in 0.00  -30.00 out-in 0.00  -28.00 out-in -0.00  -26.00 out-in 0.00  -24.00 out-in -0.00  -22.00 out-in 0.00  -20.00 out-in 0.00  -18.00 out-in -0.00  -16.00 out-in 0.00  -14.00 out-in 0.00  -12.00 out-in -0.00  -10.00 out-in 0.00  -8.00 out-in 0.00  -6.00 out-in -0.00  -4.00 out-in 0.00  -2.00 out-in -0.00  0.00 out-in -0.09  (default gain is information only)
linear reference: each position's own gain at its quiet rung's upper level, checked against the lower (must differ by 6 dB within 0.1): 0.00 0.00 0.00 0.00 0.00 0.00 0.00 0.00 0.00 0.00 0.00 0.00 0.00 0.00 0.00 0.00 0.00
reference ladder: 0 position(s) below the first rung
writes landed by: instack 17
write verify: 17 landed, 0 write_unlanded (skipped), in-stack read already matched on 17 of 17, pump slices total 17, longest confirm 2.6 ms, re-rendered 0
hold doubled at positions: none
still moving AFTER doubling (reading not used): none

pos   norm      display        red@-24  red@-12  red@-6    T(peak)   T-display
  0  0.0000    +20.0 dB       -0.00     0.00     0.00          --          
  1  0.0667    +18.5 dB       -0.00     0.00     0.00          --          
  2  0.1333    +16.6 dB       -0.00     0.00     0.00          --          
  3  0.2000    +14.2 dB       -0.00     0.00     0.08          --          
  4  0.2667    +11.3 dB       -0.00     0.00     0.40          --          
  5  0.3333    +9.0 dB        -0.00     0.05     0.81          --          
  6  0.4000    +6.4 dB        -0.00     0.22     1.33          --          
  7  0.4333    +4.9 dB        -0.00     0.46     1.65          --          
  8  0.4667    +3.5 dB        -0.00     0.72     1.98          --          
  9  0.5333    +0.5 dB        -0.00     1.30     2.68          --          
 10  0.6000    -1.8 dB        -0.00     1.81     3.28          --          
 11  0.6667    -4.0 dB         0.09     2.32     3.86          --          
 12  0.7333    -6.2 dB         0.31     2.87     4.47          --          
 13  0.8000    -8.4 dB         0.70     3.44     5.11          --          
 14  0.8667    -10.6 dB        1.12     4.03     5.76          --          
 15  0.9333    -12.3 dB        1.47     4.49     6.31          --          
 16  1.0000    -13.0 dB        1.63     4.70     6.54          --          

1 MAP:             certified (ratio unknown (no ratio control): no dB-equivalent map) | sense higher_is_harder | engage -60.00:none -58.00:none -56.00:none -54.00:none -52.00:none -50.00:none -48.00:none -46.00:none -44.00:none -42.00:none -40.00:none -38.00:none -36.00:none -34.00:none -32.00:none -30.00:none -28.00:15 -26.00:14 -24.00:13 -22.00:12 -20.00:11 -18.00:10 -16.00:9 -14.00:9 -12.00:8 -10.00:6 -8.00:6 -6.00:5 -4.00:4 -2.00:3 0.00:2
2 engage drift:    0.21  -10.00:16.70  -12.00:16.65  -14.00:16.50  -16.00:16.66  -18.00:16.66  -2.00:16.70  -20.00:16.71  -22.00:16.64  -24.00:16.61  -26.00:16.70  -28.00:16.59  -30.00:null  -32.00:null  -34.00:null  -36.00:null  -38.00:null  -4.00:16.65  -40.00:null  -42.00:null  -44.00:null  -46.00:null  -48.00:null  -50.00:null  -52.00:null  -54.00:null  -56.00:null  -58.00:null  -6.00:16.55  -60.00:null  -8.00:16.62  0.00:16.69   (primary; displayLinear unset until the population decides)
   offset IQR:      null
3 displayOffsetDb: null
fixture: AudioUnit_45756f39_1.17.1.rederived.json

CANDIDATE [24] Threshold 2 - re-derived
host: EJ Map 0.1.0 / arm64 / 48k (native)
threshold: [24] Threshold 2 unit 'dB' (class bands_or_stages) | positions 16 (16 evenly spaced), one process each, levels quiet to loud
links as instantiated (recorded, not written): [2] Link = 'On'
ratio: 2 controls hold the ratio role | auto make-up disabled: no
default-threshold reference ('+20.0 dB', spec 4.7 check only):  -60.00 out-in 0.00  -58.00 out-in 0.00  -56.00 out-in -0.00  -54.00 out-in 0.00  -52.00 out-in 0.00  -50.00 out-in -0.00  -48.00 out-in 0.00  -46.00 out-in -0.00  -44.00 out-in -0.00  -42.00 out-in 0.00  -40.00 out-in -0.00  -38.00 out-in 0.00  -36.00 out-in 0.00  -34.00 out-in -0.00  -32.00 out-in 0.00  -30.00 out-in 0.00  -28.00 out-in -0.00  -26.00 out-in 0.00  -24.00 out-in -0.00  -22.00 out-in 0.00  -20.00 out-in 0.00  -18.00 out-in -0.00  -16.00 out-in 0.00  -14.00 out-in 0.00  -12.00 out-in -0.00  -10.00 out-in 0.00  -8.00 out-in 0.00  -6.00 out-in -0.00  -4.00 out-in 0.00  -2.00 out-in -0.00  0.00 out-in -0.09  (default gain is information only)
linear reference: each position's own gain at its quiet rung's upper level, checked against the lower (must differ by 6 dB within 0.1): 0.00 0.00 0.00 0.00 0.00 0.00 0.00 0.00 0.00 0.00 0.00 0.00 0.00 0.00 0.00 0.00 0.00
reference ladder: 0 position(s) below the first rung
writes landed by: instack 17
write verify: 17 landed, 0 write_unlanded (skipped), in-stack read already matched on 17 of 17, pump slices total 17, longest confirm 2.6 ms, re-rendered 0
hold doubled at positions: none
still moving AFTER doubling (reading not used): none

pos   norm      display        red@-24  red@-12  red@-6    T(peak)   T-display
  0  0.0000    +20.0 dB       -0.00     0.00     0.00          --          
  1  0.0667    +18.5 dB       -0.00     0.00     0.00          --          
  2  0.1333    +16.6 dB       -0.00     0.00     0.00          --          
  3  0.2000    +14.2 dB       -0.00     0.00     0.08          --          
  4  0.2667    +11.3 dB       -0.00     0.00     0.40          --          
  5  0.3333    +9.0 dB        -0.00     0.05     0.81          --          
  6  0.4000    +6.4 dB        -0.00     0.22     1.33          --          
  7  0.4333    +4.9 dB        -0.00     0.46     1.65          --          
  8  0.4667    +3.5 dB        -0.00     0.72     1.98          --          
  9  0.5333    +0.5 dB        -0.00     1.30     2.68          --          
 10  0.6000    -1.8 dB        -0.00     1.81     3.28          --          
 11  0.6667    -4.0 dB         0.09     2.32     3.86          --          
 12  0.7333    -6.2 dB         0.31     2.87     4.47          --          
 13  0.8000    -8.4 dB         0.70     3.44     5.11          --          
 14  0.8667    -10.6 dB        1.12     4.03     5.76          --          
 15  0.9333    -12.3 dB        1.47     4.49     6.31          --          
 16  1.0000    -13.0 dB        1.63     4.70     6.54          --          

1 MAP:             certified (ratio unknown (no ratio control): no dB-equivalent map) | sense higher_is_harder | engage -60.00:none -58.00:none -56.00:none -54.00:none -52.00:none -50.00:none -48.00:none -46.00:none -44.00:none -42.00:none -40.00:none -38.00:none -36.00:none -34.00:none -32.00:none -30.00:none -28.00:15 -26.00:14 -24.00:13 -22.00:12 -20.00:11 -18.00:10 -16.00:9 -14.00:9 -12.00:8 -10.00:6 -8.00:6 -6.00:5 -4.00:4 -2.00:3 0.00:2
2 engage drift:    0.21  -10.00:16.70  -12.00:16.65  -14.00:16.50  -16.00:16.66  -18.00:16.66  -2.00:16.70  -20.00:16.71  -22.00:16.64  -24.00:16.61  -26.00:16.70  -28.00:16.59  -30.00:null  -32.00:null  -34.00:null  -36.00:null  -38.00:null  -4.00:16.65  -40.00:null  -42.00:null  -44.00:null  -46.00:null  -48.00:null  -50.00:null  -52.00:null  -54.00:null  -56.00:null  -58.00:null  -6.00:16.55  -60.00:null  -8.00:16.62  0.00:16.69   (primary; displayLinear unset until the population decides)
   offset IQR:      null
3 displayOffsetDb: null
fixture: AudioUnit_45756f39_1.17.1.rederived.json

  -> needs_review: would export in the follow-up: the pick needs its detector measured (one load) and the tone check (derive-only ran neither)

=== tone checks: Pro Audio DSP DSM V3
  master_over_trims: master over trims: 'Threshold' is every other candidate's name minus a channel or band suffix (Threshold 1, Threshold 2, Threshold 3) and it certified; it is the amount, the trims stay at their instantiate values (neutral)
CANDIDATE [4] Threshold 1 - re-derived
host: EJ Map 0.1.0 / arm64 / 48k (native)
threshold: [4] Threshold 1 unit 'dB' (class bands_or_stages) | positions 16 (16 evenly spaced), one process each, levels quiet to loud
links as instantiated (recorded, not written): [29] Link = 'Off'
ratio: 2 controls hold the ratio role | auto make-up disabled: no
default-threshold reference ('0.00 dB', spec 4.7 check only):  -60.00 out-in -0.00  -58.00 out-in 0.00  -56.00 out-in 0.00  -54.00 out-in -0.00  -52.00 out-in 0.00  -50.00 out-in -0.00  -48.00 out-in -0.00  -46.00 out-in 0.00  -44.00 out-in -0.00  -42.00 out-in 0.00  -40.00 out-in 0.00  -38.00 out-in -0.00  -36.00 out-in 0.00  -34.00 out-in 0.00  -32.00 out-in -0.00  -30.00 out-in 0.00  -28.00 out-in -0.00  -26.00 out-in -0.00  -24.00 out-in 0.00  -22.00 out-in -0.00  -20.00 out-in 0.00  -18.00 out-in 0.00  -16.00 out-in -0.00  -14.00 out-in 0.00  -12.00 out-in 0.00  -10.00 out-in -0.00  -8.00 out-in 0.00  -6.00 out-in -0.00  -4.00 out-in -0.05  -2.00 out-in -0.21  0.00 out-in -0.53  (default gain is information only)
linear reference: each position's own gain at its quiet rung's upper level, checked against the lower (must differ by 6 dB within 0.1): -0.00 -0.00 -0.00 -0.00 -0.00 -0.00 -0.00 -0.00 -0.00 -0.00 -0.00 -0.00 -0.00 -0.00 -0.00 -0.00 -0.00 -0.00 -0.00
reference ladder: 0 position(s) below the first rung
writes landed by: instack 19
write verify: 19 landed, 0 write_unlanded (skipped), in-stack read already matched on 19 of 19, pump slices total 19, longest confirm 2.6 ms, re-rendered 0
hold doubled at positions: none
still moving AFTER doubling (reading not used): none

pos   norm      display        red@-24  red@-12  red@-6    T(peak)   T-display
  0  0.0000    -24.0 dB        0.16     2.49     4.30          --          
  1  0.0167    -22.4 dB        0.05     2.12     3.78          --          
  2  0.0333    -20.9 dB       -0.00     1.76     3.32          --          
  3  0.0667    -18.0 dB       -0.00     1.09     2.54          --          
  4  0.1000    -15.4 dB       -0.00     0.59     1.89          --          
  5  0.1333    -12.9 dB       -0.00     0.26     1.31          --          
  6  0.2000    -8.64 dB       -0.00     0.00     0.53          --          
  7  0.2667    -5.23 dB       -0.00    -0.00     0.17          --          
  8  0.3333    -2.67 dB       -0.00    -0.00     0.03          --          
  9  0.4000    -0.96 dB       -0.00    -0.00     0.00          --          
 10  0.4667    -0.11 dB       -0.00    -0.00    -0.00          --          
 11  0.5333    0.11 dB        -0.00    -0.00    -0.00          --          
 12  0.6000    0.96 dB        -0.00    -0.00    -0.00          --          
 13  0.6667    2.67 dB        -0.00    -0.00    -0.00          --          
 14  0.7333    5.23 dB        -0.00    -0.00    -0.00          --          
 15  0.8000    8.64 dB        -0.00    -0.00    -0.00          --          
 16  0.8667    12.9 dB        -0.00    -0.00    -0.00          --          
 17  0.9333    18.0 dB        -0.00    -0.00    -0.00          --          
 18  1.0000    24.0 dB        -0.00    -0.00    -0.00          --          

1 MAP:             certified (ratio unknown (no ratio control): no dB-equivalent map) | sense lower_is_harder | engage -60.00:none -58.00:none -56.00:none -54.00:none -52.00:none -50.00:none -48.00:none -46.00:none -44.00:none -42.00:none -40.00:none -38.00:none -36.00:none -34.00:none -32.00:none -30.00:none -28.00:none -26.00:none -24.00:none -22.00:none -20.00:0 -18.00:2 -16.00:2 -14.00:3 -12.00:4 -10.00:5 -8.00:5 -6.00:6 -4.00:6 -2.00:7 0.00:11
2 engage drift:    3.50  -10.00:-2.70  -12.00:-2.92  -14.00:-3.00  -16.00:-3.16  -18.00:-2.85  -2.00:-1.99  -20.00:-2.80  -22.00:null  -24.00:null  -26.00:null  -28.00:null  -30.00:null  -32.00:null  -34.00:null  -36.00:null  -38.00:null  -4.00:-2.85  -40.00:null  -42.00:null  -44.00:null  -46.00:null  -48.00:null  -50.00:null  -52.00:null  -54.00:null  -56.00:null  -58.00:null  -6.00:-2.46  -60.00:null  -8.00:-3.04  0.00:0.34   (primary; displayLinear unset until the population decides)
   offset IQR:      null
3 displayOffsetDb: null
fixture: AudioUnit_6143572d_3.6.1.rederived.json

CANDIDATE [8] Threshold 2 - re-derived
host: EJ Map 0.1.0 / arm64 / 48k (native)
threshold: [8] Threshold 2 unit 'dB' (class bands_or_stages) | positions 16 (16 evenly spaced), one process each, levels quiet to loud
links as instantiated (recorded, not written): [29] Link = 'Off'
ratio: 2 controls hold the ratio role | auto make-up disabled: no
default-threshold reference ('0.00 dB', spec 4.7 check only):  -60.00 out-in -0.00  -58.00 out-in 0.00  -56.00 out-in 0.00  -54.00 out-in -0.00  -52.00 out-in 0.00  -50.00 out-in -0.00  -48.00 out-in -0.00  -46.00 out-in 0.00  -44.00 out-in -0.00  -42.00 out-in 0.00  -40.00 out-in 0.00  -38.00 out-in -0.00  -36.00 out-in 0.00  -34.00 out-in 0.00  -32.00 out-in -0.00  -30.00 out-in 0.00  -28.00 out-in -0.00  -26.00 out-in -0.00  -24.00 out-in 0.00  -22.00 out-in -0.00  -20.00 out-in 0.00  -18.00 out-in 0.00  -16.00 out-in -0.00  -14.00 out-in 0.00  -12.00 out-in 0.00  -10.00 out-in -0.00  -8.00 out-in 0.00  -6.00 out-in -0.00  -4.00 out-in -0.05  -2.00 out-in -0.21  0.00 out-in -0.53  (default gain is information only)
linear reference: each position's own gain at its quiet rung's upper level, checked against the lower (must differ by 6 dB within 0.1): -0.00 -0.00 -0.00 -0.00 -0.00 -0.00 -0.00 -0.00 -0.00 -0.00 -0.00 -0.00 -0.00 -0.00 -0.00 -0.00
reference ladder: 0 position(s) below the first rung
writes landed by: instack 16
write verify: 16 landed, 0 write_unlanded (skipped), in-stack read already matched on 16 of 16, pump slices total 16, longest confirm 2.6 ms, re-rendered 0
hold doubled at positions: none
still moving AFTER doubling (reading not used): none

pos   norm      display        red@-24  red@-12  red@-6    T(peak)   T-display
  0  0.0000    -24.0 dB       -0.00     0.14     1.07          --          
  1  0.0667    -18.0 dB       -0.00    -0.00     0.27          --          
  2  0.1333    -12.9 dB       -0.00    -0.00     0.05          --          
  3  0.2000    -8.64 dB       -0.00    -0.00     0.01          --          
  4  0.2667    -5.23 dB       -0.00    -0.00    -0.00          --          
  5  0.3333    -2.67 dB       -0.00    -0.00    -0.00          --          
  6  0.4000    -0.96 dB       -0.00    -0.00    -0.00          --          
  7  0.4667    -0.11 dB       -0.00    -0.00    -0.00          --          
  8  0.5333    0.11 dB        -0.00    -0.00    -0.00          --          
  9  0.6000    0.96 dB        -0.00    -0.00    -0.00          --          
 10  0.6667    2.67 dB        -0.00    -0.00    -0.00          --          
 11  0.7333    5.23 dB        -0.00    -0.00    -0.00          --          
 12  0.8000    8.64 dB        -0.00    -0.00    -0.00          --          
 13  0.8667    12.9 dB        -0.00    -0.00    -0.00          --          
 14  0.9333    18.0 dB        -0.00    -0.00    -0.00          --          
 15  1.0000    24.0 dB        -0.00    -0.00    -0.00          --          

1 MAP:             certified (ratio unknown (no ratio control): no dB-equivalent map) | sense lower_is_harder | engage -60.00:none -58.00:none -56.00:none -54.00:none -52.00:none -50.00:none -48.00:none -46.00:none -44.00:none -42.00:none -40.00:none -38.00:none -36.00:none -34.00:none -32.00:none -30.00:none -28.00:none -26.00:none -24.00:none -22.00:none -20.00:none -18.00:none -16.00:none -14.00:none -12.00:none -10.00:none -8.00:0 -6.00:0 -4.00:1 -2.00:1 0.00:10
2 engage drift:    18.56  -10.00:null  -12.00:null  -14.00:null  -16.00:null  -18.00:null  -2.00:-13.94  -20.00:null  -22.00:null  -24.00:null  -26.00:null  -28.00:null  -30.00:null  -32.00:null  -34.00:null  -36.00:null  -38.00:null  -4.00:-13.75  -40.00:null  -42.00:null  -44.00:null  -46.00:null  -48.00:null  -50.00:null  -52.00:null  -54.00:null  -56.00:null  -58.00:null  -6.00:-13.74  -60.00:null  -8.00:-14.26  0.00:4.31   (primary; displayLinear unset until the population decides)
   offset IQR:      null
3 displayOffsetDb: null
fixture: AudioUnit_6143572d_3.6.1.rederived.json

CANDIDATE [12] Threshold 3 - re-derived
host: EJ Map 0.1.0 / arm64 / 48k (native)
threshold: [12] Threshold 3 unit 'dB' (class bands_or_stages) | positions 16 (16 evenly spaced), one process each, levels quiet to loud
links as instantiated (recorded, not written): [29] Link = 'Off'
ratio: 2 controls hold the ratio role | auto make-up disabled: no
default-threshold reference ('0.00 dB', spec 4.7 check only):  -60.00 out-in -0.00  -58.00 out-in 0.00  -56.00 out-in 0.00  -54.00 out-in -0.00  -52.00 out-in 0.00  -50.00 out-in -0.00  -48.00 out-in -0.00  -46.00 out-in 0.00  -44.00 out-in -0.00  -42.00 out-in 0.00  -40.00 out-in 0.00  -38.00 out-in -0.00  -36.00 out-in 0.00  -34.00 out-in 0.00  -32.00 out-in -0.00  -30.00 out-in 0.00  -28.00 out-in -0.00  -26.00 out-in -0.00  -24.00 out-in 0.00  -22.00 out-in -0.00  -20.00 out-in 0.00  -18.00 out-in 0.00  -16.00 out-in -0.00  -14.00 out-in 0.00  -12.00 out-in 0.00  -10.00 out-in -0.00  -8.00 out-in 0.00  -6.00 out-in -0.00  -4.00 out-in -0.05  -2.00 out-in -0.21  0.00 out-in -0.53  (default gain is information only)
linear reference: each position's own gain at its quiet rung's upper level, checked against the lower (must differ by 6 dB within 0.1): -0.00 -0.00 -0.00 -0.00 -0.00 -0.00 -0.00 -0.00 -0.00 -0.00 -0.00 -0.00 -0.00 -0.00 -0.00 -0.00
reference ladder: 0 position(s) below the first rung
writes landed by: instack 16
write verify: 16 landed, 0 write_unlanded (skipped), in-stack read already matched on 16 of 16, pump slices total 16, longest confirm 2.6 ms, re-rendered 0
hold doubled at positions: none
still moving AFTER doubling (reading not used): none

pos   norm      display        red@-24  red@-12  red@-6    T(peak)   T-display
  0  0.0000    -24.0 dB       -0.00    -0.00     0.38          --          
  1  0.0667    -18.0 dB       -0.00    -0.00     0.06          --          
  2  0.1333    -12.9 dB       -0.00    -0.00     0.01          --          
  3  0.2000    -8.64 dB       -0.00    -0.00    -0.00          --          
  4  0.2667    -5.23 dB       -0.00    -0.00    -0.00          --          
  5  0.3333    -2.67 dB       -0.00    -0.00    -0.00          --          
  6  0.4000    -0.96 dB       -0.00    -0.00    -0.00          --          
  7  0.4667    -0.11 dB       -0.00    -0.00    -0.00          --          
  8  0.5333    0.11 dB        -0.00    -0.00    -0.00          --          
  9  0.6000    0.96 dB        -0.00    -0.00    -0.00          --          
 10  0.6667    2.67 dB        -0.00    -0.00    -0.00          --          
 11  0.7333    5.23 dB        -0.00    -0.00    -0.00          --          
 12  0.8000    8.64 dB        -0.00    -0.00    -0.00          --          
 13  0.8667    12.9 dB        -0.00    -0.00    -0.00          --          
 14  0.9333    18.0 dB        -0.00    -0.00    -0.00          --          
 15  1.0000    24.0 dB        -0.00    -0.00    -0.00          --          

1 MAP:             certified (ratio unknown (no ratio control): no dB-equivalent map) | sense lower_is_harder | engage -60.00:none -58.00:none -56.00:none -54.00:none -52.00:none -50.00:none -48.00:none -46.00:none -44.00:none -42.00:none -40.00:none -38.00:none -36.00:none -34.00:none -32.00:none -30.00:none -28.00:none -26.00:none -24.00:none -22.00:none -20.00:none -18.00:none -16.00:none -14.00:none -12.00:none -10.00:none -8.00:none -6.00:none -4.00:0 -2.00:0 0.00:11
2 engage drift:    25.99  -10.00:null  -12.00:null  -14.00:null  -16.00:null  -18.00:null  -2.00:-16.16  -20.00:null  -22.00:null  -24.00:null  -26.00:null  -28.00:null  -30.00:null  -32.00:null  -34.00:null  -36.00:null  -38.00:null  -4.00:-17.54  -40.00:null  -42.00:null  -44.00:null  -46.00:null  -48.00:null  -50.00:null  -52.00:null  -54.00:null  -56.00:null  -58.00:null  -6.00:null  -60.00:null  -8.00:null  0.00:8.44   (primary; displayLinear unset until the population decides)
   offset IQR:      null
3 displayOffsetDb: null
fixture: AudioUnit_6143572d_3.6.1.rederived.json

CANDIDATE [15] Threshold - re-derived
host: EJ Map 0.1.0 / arm64 / 48k (native)
threshold: [15] Threshold unit 'dB' (class bands_or_stages) | positions 16 (16 evenly spaced), one process each, levels quiet to loud
links as instantiated (recorded, not written): [29] Link = 'Off'
ratio: 2 controls hold the ratio role | auto make-up disabled: no
default-threshold reference ('0.00 dB', spec 4.7 check only):  -60.00 out-in -0.00  -58.00 out-in 0.00  -56.00 out-in 0.00  -54.00 out-in -0.00  -52.00 out-in 0.00  -50.00 out-in -0.00  -48.00 out-in -0.00  -46.00 out-in 0.00  -44.00 out-in -0.00  -42.00 out-in 0.00  -40.00 out-in 0.00  -38.00 out-in -0.00  -36.00 out-in 0.00  -34.00 out-in 0.00  -32.00 out-in -0.00  -30.00 out-in 0.00  -28.00 out-in -0.00  -26.00 out-in -0.00  -24.00 out-in 0.00  -22.00 out-in -0.00  -20.00 out-in 0.00  -18.00 out-in 0.00  -16.00 out-in -0.00  -14.00 out-in 0.00  -12.00 out-in 0.00  -10.00 out-in -0.00  -8.00 out-in 0.00  -6.00 out-in -0.00  -4.00 out-in -0.05  -2.00 out-in -0.21  0.00 out-in -0.53  (default gain is information only)
linear reference: each position's own gain at its quiet rung's upper level, checked against the lower (must differ by 6 dB within 0.1): 0.00 0.00 -0.02 -0.00 -0.00 -0.00 -0.00 -0.00 -0.00 -0.00 -0.00 -0.00 -0.00 -0.00 -0.00 -0.00 -0.00 -0.00 -0.00 -0.00 -0.00 -0.00 -0.00 -0.00
reference ladder: 2 position(s) below the first rung (0@-60 1@-60)
writes landed by: instack 24
write verify: 24 landed, 0 write_unlanded (skipped), in-stack read already matched on 24 of 24, pump slices total 24, longest confirm 2.6 ms, re-rendered 0
hold doubled at positions: none
still moving AFTER doubling (reading not used): none

pos   norm      display        red@-24  red@-12  red@-6    T(peak)   T-display
  0  0.0000    -48.0 dB       11.08    17.06    20.06          --          
  1  0.0333    -45.6 dB        9.89    15.86    18.86          --          
  2  0.0667    -43.2 dB        8.68    14.65    17.64          --          
  3  0.1000    -40.8 dB        7.50    13.47    16.46          --          
  4  0.1333    -38.4 dB        6.32    12.27    15.27          --          
  5  0.1667    -36.0 dB        5.16    11.08    14.07          --          
  6  0.2000    -33.6 dB        4.02     9.89    12.87          --          
  7  0.2333    -31.2 dB        2.91     8.69    11.68          --          
  8  0.2667    -28.8 dB        1.91     7.50    10.48          --          
  9  0.3000    -26.4 dB        1.11     6.32     9.29          --          
 10  0.3333    -24.0 dB        0.52     5.16     8.10          --          
 11  0.3667    -21.6 dB        0.16     4.02     6.91          --          
 12  0.4000    -19.2 dB        0.01     2.91     5.74          --          
 13  0.4333    -16.8 dB       -0.00     1.91     4.59          --          
 14  0.4667    -14.4 dB       -0.00     1.11     3.46          --          
 15  0.5000    -12.0 dB       -0.00     0.53     2.40          --          
 16  0.5333    -9.60 dB       -0.00     0.16     1.49          --          
 17  0.6000    -4.80 dB       -0.00    -0.00     0.32          --          
 18  0.6667    0.00 dB        -0.00    -0.00    -0.00          --          
 19  0.7333    4.80 dB        -0.00    -0.00    -0.00          --          
 20  0.8000    9.60 dB        -0.00    -0.00    -0.00          --          
 21  0.8667    14.4 dB        -0.00    -0.00    -0.00          --          
 22  0.9333    19.2 dB        -0.00    -0.00    -0.00          --          
 23  1.0000    24.0 dB        -0.00    -0.00    -0.00          --          

1 MAP:             certified (ratio unknown (no ratio control): no dB-equivalent map) | sense lower_is_harder | engage -60.00:none -58.00:none -56.00:none -54.00:none -52.00:none -50.00:none -48.00:0 -46.00:0 -44.00:1 -42.00:2 -40.00:3 -38.00:4 -36.00:5 -34.00:5 -32.00:6 -30.00:7 -28.00:8 -26.00:9 -24.00:10 -22.00:10 -20.00:11 -18.00:12 -16.00:13 -14.00:14 -12.00:15 -10.00:15 -8.00:16 -6.00:16 -4.00:17 -2.00:17 0.00:18
2 engage drift:    1.21  -10.00:-0.42  -12.00:0.10  -14.00:0.02  -16.00:-0.06  -18.00:-0.20  -2.00:-0.92  -20.00:-0.31  -22.00:-0.42  -24.00:0.10  -26.00:0.02  -28.00:-0.05  -30.00:-0.20  -32.00:-0.32  -34.00:-0.41  -36.00:0.11  -38.00:0.01  -4.00:-0.17  -40.00:-0.04  -42.00:-0.27  -44.00:-0.31  -46.00:0.21  -48.00:0.19  -50.00:null  -52.00:null  -54.00:null  -56.00:null  -58.00:null  -6.00:-1.00  -60.00:null  -8.00:-0.31  0.00:0.10   (primary; displayLinear unset until the population decides)
   offset IQR:      null
3 displayOffsetDb: null
fixture: AudioUnit_6143572d_3.6.1.rederived.json

  -> needs_review: would export in the follow-up: the pick needs its detector measured (one load) and the tone check (derive-only ran neither)

=== tone checks: elysia alpha mix
RE-DERIVED from traces (nothing measured) - elysia alpha mix -> AudioUnit_45756f3a_1.17.1.rederived.json
host: EJ Map 0.1.0 / arm64 / 48k (native)
threshold: [2] Threshold unit 'dB' (class single_threshold) | positions 16 (16 evenly spaced), one process each, levels quiet to loud
links as instantiated (recorded, not written): [1] Link = 'On'
ratio: [8] ran at '1.5' -> 1.5 | auto make-up disabled: no
default-threshold reference ('+20.0 dB', spec 4.7 check only):  -60.00 out-in 0.00  -58.00 out-in 0.00  -56.00 out-in -0.00  -54.00 out-in 0.00  -52.00 out-in 0.00  -50.00 out-in -0.00  -48.00 out-in 0.00  -46.00 out-in -0.00  -44.00 out-in -0.00  -42.00 out-in 0.00  -40.00 out-in -0.00  -38.00 out-in 0.00  -36.00 out-in 0.00  -34.00 out-in -0.00  -32.00 out-in 0.00  -30.00 out-in 0.00  -28.00 out-in -0.00  -26.00 out-in 0.00  -24.00 out-in -0.00  -22.00 out-in 0.00  -20.00 out-in 0.00  -18.00 out-in -0.00  -16.00 out-in 0.00  -14.00 out-in 0.00  -12.00 out-in -0.00  -10.00 out-in 0.00  -8.00 out-in 0.00  -6.00 out-in -0.00  -4.00 out-in 0.00  -2.00 out-in -0.00  0.00 out-in -0.13  (default gain is information only)
linear reference: each position's own gain at its quiet rung's upper level, checked against the lower (must differ by 6 dB within 0.1): 0.00 0.00 0.00 0.00 0.00 0.00 0.00 0.00 0.00 0.00 0.00 0.00 0.00 0.00 0.00 0.00
reference ladder: 0 position(s) below the first rung
writes landed by: instack 16
write verify: 16 landed, 0 write_unlanded (skipped), in-stack read already matched on 16 of 16, pump slices total 16, longest confirm 2.6 ms, re-rendered 0
hold doubled at positions: none
still moving AFTER doubling (reading not used): none

pos   norm      display        red@-24  red@-12  red@-6    T(peak)   T-display
  0  0.0000    +20.0 dB       -0.00     0.00     0.00   {"above": 0.0}          
  1  0.0667    +18.5 dB       -0.00     0.00     0.00   {"above": 0.0}          
  2  0.1333    +16.6 dB       -0.00     0.00     0.00        -1.9    -18.50
  3  0.2000    +14.2 dB       -0.00     0.00     0.12        -3.7    -17.90
  4  0.2667    +11.3 dB       -0.00     0.00     0.51        -6.3    -17.60
  5  0.3333    +9.0 dB        -0.00     0.07     0.93        -8.0    -17.00
  6  0.4000    +6.4 dB        -0.00     0.32     1.46       -10.0    -16.40
  7  0.4667    +3.5 dB        -0.00     0.84     2.12       -12.4    -15.90
  8  0.5333    +0.5 dB        -0.00     1.43     2.84       -15.0    -15.50
  9  0.6000    -1.8 dB        -0.00     1.95     3.45       -17.0    -15.20
 10  0.6667    -4.0 dB         0.13     2.48     4.05       -18.9    -14.90
 11  0.7333    -6.2 dB         0.42     3.03     4.66       -20.9    -14.70
 12  0.8000    -8.4 dB         0.81     3.61     5.30       -22.8    -14.40
 13  0.8667    -10.6 dB        1.25     4.21     5.97       -24.8    -14.20
 14  0.9333    -12.3 dB        1.61     4.68     6.51       -26.3    -14.00
 15  1.0000    -13.0 dB        1.77     4.89     6.74       -27.1    -14.10

1 MAP:             certified | sense higher_is_harder | engage -60.00:none -58.00:none -56.00:none -54.00:none -52.00:none -50.00:none -48.00:none -46.00:none -44.00:none -42.00:none -40.00:none -38.00:none -36.00:none -34.00:none -32.00:none -30.00:15 -28.00:14 -26.00:13 -24.00:12 -22.00:11 -20.00:10 -18.00:9 -16.00:8 -14.00:8 -12.00:7 -10.00:6 -8.00:5 -6.00:4 -4.00:4 -2.00:3 0.00:2
2 engage drift:    0.33  -10.00:17.28  -12.00:17.23  -14.00:17.04  -16.00:17.27  -18.00:17.25  -2.00:17.27  -20.00:17.29  -22.00:17.25  -24.00:17.19  -26.00:17.28  -28.00:17.19  -30.00:17.32  -32.00:null  -34.00:null  -36.00:null  -38.00:null  -4.00:17.26  -40.00:null  -42.00:null  -44.00:null  -46.00:null  -48.00:null  -50.00:null  -52.00:null  -54.00:null  -56.00:null  -58.00:null  -6.00:17.37  -60.00:null  -8.00:17.36  0.00:17.29   (primary; displayLinear unset until the population decides)
   offset IQR:      2.38 dB over 14 positions (min -18.50, max -14.00)
3 displayOffsetDb: -15.35  (outside spec 7's 2 dB bar)
fixture: AudioUnit_45756f3a_1.17.1.rederived.json
  -> needs_review: export written (derive-only: the tone check was not run, nothing loaded); would be tone-checked by the follow-up

=== tone checks: TBTECH Cenozoix Compressor
RE-DERIVED from traces (nothing measured) - TBTECH Cenozoix Compressor -> AudioUnit_5762472_1.1.0.rederived.json
host: EJ Map 0.1.0 / arm64 / 48k (native)
threshold: [19] Threshold unit '' (class single_threshold) | positions 16 (16 evenly spaced), one process each, levels quiet to loud
ratio: 2 controls hold the ratio role | auto make-up disabled: no
default-threshold reference ('', spec 4.7 check only):  -60.00 out-in -0.00  -58.00 out-in 0.00  -56.00 out-in -0.00  -54.00 out-in -0.00  -52.00 out-in 0.00  -50.00 out-in -0.00  -48.00 out-in 0.00  -46.00 out-in 0.00  -44.00 out-in -0.00  -42.00 out-in 0.00  -40.00 out-in -0.00  -38.00 out-in -0.00  -36.00 out-in 0.00  -34.00 out-in -0.00  -32.00 out-in -0.00  -30.00 out-in 0.00  -28.00 out-in -0.00  -26.00 out-in 0.00  -24.00 out-in -0.02  -22.00 out-in -0.14  -20.00 out-in -0.49  -18.00 out-in -1.11  -16.00 out-in -1.95  -14.00 out-in -3.00  -12.00 out-in -4.25  -10.00 out-in -5.67  -8.00 out-in -7.11  -6.00 out-in -8.55  -4.00 out-in -9.98  -2.00 out-in -11.41  0.00 out-in -12.85  (default gain is information only)
linear reference: each position's own gain at its quiet rung's upper level, checked against the lower (must differ by 6 dB within 0.1): 0.00 0.00 -0.07 -0.00 0.00 0.00 0.00 0.00 -0.02 0.00 0.00 0.00 0.00 0.00 0.00 0.00 0.00 0.00 0.00 0.00 0.00 0.00 0.00 0.00 0.00 0.00 0.00 0.00 0.00 0.00
reference ladder: 8 position(s) below the first rung (0@-72 1@-72 2@-60 3@-60 4@-60 5@-60 6@-60 7@-60)
writes landed by: instack 30
write verify: 30 landed, 0 write_unlanded (skipped), in-stack read already matched on 30 of 30, pump slices total 30, longest confirm 2.6 ms, re-rendered 0
hold doubled at positions: none
still moving AFTER doubling (reading not used): none

pos   norm      display        red@-24  red@-12  red@-6    T(peak)   T-display
  0  0.0000                   25.67    34.08    38.24          --          
  1  0.0167                   23.98    32.42    36.59          --          
  2  0.0333                   22.22    30.68    34.87          --          
  3  0.0500                   20.60    29.08    33.28          --          
  4  0.0667                   18.90    27.41    31.62          --          
  5  0.0889                   17.22    25.74    29.96          --          
  6  0.1111                   15.63    24.17    28.41          --          
  7  0.1333                   14.04    22.60    26.84          --          
  8  0.1500                   12.82    21.39    25.64          --          
  9  0.1667                   11.65    20.23    24.49          --          
 10  0.2000                   10.09    18.68    22.95          --          
 11  0.2667                    8.07    16.66    20.94          --          
 12  0.3000                    6.99    15.59    19.87          --          
 13  0.3333                    5.75    14.36    18.65          --          
 14  0.3667                    4.53    13.13    17.42          --          
 15  0.4000                    3.43    11.93    16.23          --          
 16  0.4333                    2.53    10.80    15.10          --          
 17  0.4667                    1.75     9.67    13.97          --          
 18  0.5000                    1.11     8.55    12.84          --          
 19  0.5333                    0.53     7.21    11.52          --          
 20  0.5667                    0.17     5.88    10.19          --          
 21  0.6000                    0.03     4.55     8.86          --          
 22  0.6333                   -0.00     3.44     7.64          --          
 23  0.6667                   -0.00     2.51     6.47          --          
 24  0.7000                   -0.00     1.72     5.30          --          
 25  0.7333                   -0.00     1.09     4.21          --          
 26  0.8000                   -0.00     0.27     2.40          --          
 27  0.8667                   -0.00     0.03     1.19          --          
 28  0.9333                   -0.00    -0.00     0.40          --          
 29  1.0000                   -0.00    -0.00     0.02          --          

1 MAP:             certified (ratio unknown (no ratio control): no dB-equivalent map) | sense lower_is_harder | engage -60.00:0 -58.00:1 -56.00:2 -54.00:3 -52.00:4 -50.00:5 -48.00:5 -46.00:6 -44.00:7 -42.00:9 -40.00:10 -38.00:10 -36.00:11 -34.00:13 -32.00:14 -30.00:15 -28.00:16 -26.00:17 -24.00:19 -22.00:20 -20.00:21 -18.00:22 -16.00:23 -14.00:24 -12.00:25 -10.00:26 -8.00:27 -6.00:27 -4.00:28 -2.00:28 0.00:29
2 engage drift:    null  (not a dB display)   (primary; displayLinear unset until the population decides)
   offset IQR:      null
3 displayOffsetDb: null
fixture: AudioUnit_5762472_1.1.0.rederived.json
  -> needs_review: export written (derive-only: the tone check was not run, nothing loaded); would be tone-checked by the follow-up

=== tone checks: C6 (s)
  no measured rule: 6 candidates, 1 certified: no channel pair, no master, no Main/Aux
CANDIDATE [10] Band 1 Threshold - re-derived
host: EJ Map 0.1.0 / arm64 / 48k (native)
threshold: [10] Band 1 Threshold unit 'dB' (class bands_or_stages) | positions 16 (16 evenly spaced), one process each, levels quiet to loud
ratio: no control holds the ratio role | auto make-up disabled: no
default-threshold reference ('0.0', spec 4.7 check only):  -60.00 out-in -0.00  -58.00 out-in -0.00  -56.00 out-in 0.00  -54.00 out-in -0.00  -52.00 out-in -0.00  -50.00 out-in 0.00  -48.00 out-in -0.00  -46.00 out-in 0.00  -44.00 out-in -0.00  -42.00 out-in -0.00  -40.00 out-in 0.00  -38.00 out-in -0.00  -36.00 out-in -0.00  -34.00 out-in -0.00  -32.00 out-in -0.01  -30.00 out-in -0.01  -28.00 out-in -0.01  -26.00 out-in -0.03  -24.00 out-in -0.04  -22.00 out-in -0.06  -20.00 out-in -0.09  -18.00 out-in -0.13  -16.00 out-in -0.19  -14.00 out-in -0.28  -12.00 out-in -0.40  -10.00 out-in -0.56  -8.00 out-in -0.77  -6.00 out-in -1.04  -4.00 out-in -1.38  -2.00 out-in -1.77  0.00 out-in -2.22  (default gain is information only)
linear reference: each position's own gain at its quiet rung's upper level, checked against the lower (must differ by 6 dB within 0.1): -0.00 -0.00 -0.00 -0.00 -0.00 -0.00 -0.00 -0.00 -0.00 -0.00 -0.00 -0.00 -0.00 -0.00 -0.00 -0.00
reference ladder: 0 position(s) below the first rung
writes landed by: instack 1 pump 15
write verify: 16 landed, 0 write_unlanded (skipped), in-stack read already matched on 1 of 16, pump slices total 162, longest confirm 30.5 ms, re-rendered 0
hold doubled at positions: none
still moving AFTER doubling (reading not used): none

pos   norm      display        red@-24  red@-12  red@-6    T(peak)   T-display
  0  0.0000    -80.0           0.04     0.40     1.04          --          
  1  0.0667    -74.7           0.04     0.40     1.04          --          
  2  0.1333    -69.3           0.04     0.40     1.04          --          
  3  0.2000    -64.0           0.04     0.40     1.04          --          
  4  0.2667    -58.7           0.04     0.40     1.04          --          
  5  0.3333    -53.3           0.04     0.40     1.04          --          
  6  0.4000    -48.0           0.04     0.40     1.04          --          
  7  0.4667    -42.7           0.04     0.40     1.04          --          
  8  0.5333    -37.3           0.04     0.40     1.04          --          
  9  0.6000    -32.0           0.04     0.40     1.04          --          
 10  0.6667    -26.7           0.04     0.40     1.04          --          
 11  0.7333    -21.3           0.04     0.40     1.04          --          
 12  0.8000    -16.0           0.04     0.40     1.04          --          
 13  0.8667    -10.7           0.04     0.40     1.04          --          
 14  0.9333    -5.3            0.04     0.40     1.04          --          
 15  1.0000    0.0             0.04     0.40     1.04          --          

1 MAP:             flat (no two positions differ by more than 1 dB at any test level) | sense -- | engage -60.00:none -58.00:none -56.00:none -54.00:none -52.00:none -50.00:none -48.00:none -46.00:none -44.00:none -42.00:none -40.00:none -38.00:none -36.00:none -34.00:none -32.00:none -30.00:none -28.00:none -26.00:none -24.00:none -22.00:none -20.00:none -18.00:none -16.00:none -14.00:none -12.00:none -10.00:none -8.00:none -6.00:none -4.00:none -2.00:none 0.00:none
2 engage drift:    null  (not a dB display)   (primary; displayLinear unset until the population decides)
   offset IQR:      null
3 displayOffsetDb: null
fixture: AudioUnit_4930607d_15.0.70.rederived.json

CANDIDATE [19] Band 2 Threshold - re-derived
host: EJ Map 0.1.0 / arm64 / 48k (native)
threshold: [19] Band 2 Threshold unit 'dB' (class bands_or_stages) | positions 16 (16 evenly spaced), one process each, levels quiet to loud
ratio: no control holds the ratio role | auto make-up disabled: no
default-threshold reference ('0.0', spec 4.7 check only):  -60.00 out-in -0.00  -58.00 out-in -0.00  -56.00 out-in 0.00  -54.00 out-in -0.00  -52.00 out-in -0.00  -50.00 out-in 0.00  -48.00 out-in -0.00  -46.00 out-in 0.00  -44.00 out-in -0.00  -42.00 out-in -0.00  -40.00 out-in 0.00  -38.00 out-in -0.00  -36.00 out-in -0.00  -34.00 out-in -0.00  -32.00 out-in -0.01  -30.00 out-in -0.01  -28.00 out-in -0.01  -26.00 out-in -0.03  -24.00 out-in -0.04  -22.00 out-in -0.06  -20.00 out-in -0.09  -18.00 out-in -0.13  -16.00 out-in -0.19  -14.00 out-in -0.28  -12.00 out-in -0.40  -10.00 out-in -0.56  -8.00 out-in -0.77  -6.00 out-in -1.04  -4.00 out-in -1.38  -2.00 out-in -1.77  0.00 out-in -2.22  (default gain is information only)
linear reference: each position's own gain at its quiet rung's upper level, checked against the lower (must differ by 6 dB within 0.1): -0.00 -0.00 -0.00 -0.00 -0.00 -0.00 -0.00 -0.00 -0.00 -0.00 -0.00 -0.00 -0.00 -0.00 -0.00 -0.00
reference ladder: 0 position(s) below the first rung
writes landed by: instack 1 pump 15
write verify: 16 landed, 0 write_unlanded (skipped), in-stack read already matched on 1 of 16, pump slices total 159, longest confirm 30.4 ms, re-rendered 0
hold doubled at positions: none
still moving AFTER doubling (reading not used): none

pos   norm      display        red@-24  red@-12  red@-6    T(peak)   T-display
  0  0.0000    -80.0           0.04     0.40     1.04          --          
  1  0.0667    -74.7           0.04     0.40     1.04          --          
  2  0.1333    -69.3           0.04     0.40     1.04          --          
  3  0.2000    -64.0           0.04     0.40     1.04          --          
  4  0.2667    -58.7           0.04     0.40     1.04          --          
  5  0.3333    -53.3           0.04     0.40     1.04          --          
  6  0.4000    -48.0           0.04     0.40     1.04          --          
  7  0.4667    -42.7           0.04     0.40     1.04          --          
  8  0.5333    -37.3           0.04     0.40     1.04          --          
  9  0.6000    -32.0           0.04     0.40     1.04          --          
 10  0.6667    -26.7           0.04     0.40     1.04          --          
 11  0.7333    -21.3           0.04     0.40     1.04          --          
 12  0.8000    -16.0           0.04     0.40     1.04          --          
 13  0.8667    -10.7           0.04     0.40     1.04          --          
 14  0.9333    -5.3            0.04     0.40     1.04          --          
 15  1.0000    0.0             0.04     0.40     1.04          --          

1 MAP:             flat (no two positions differ by more than 1 dB at any test level) | sense -- | engage -60.00:none -58.00:none -56.00:none -54.00:none -52.00:none -50.00:none -48.00:none -46.00:none -44.00:none -42.00:none -40.00:none -38.00:none -36.00:none -34.00:none -32.00:none -30.00:none -28.00:none -26.00:none -24.00:none -22.00:none -20.00:none -18.00:none -16.00:none -14.00:none -12.00:none -10.00:none -8.00:none -6.00:none -4.00:none -2.00:none 0.00:none
2 engage drift:    null  (not a dB display)   (primary; displayLinear unset until the population decides)
   offset IQR:      null
3 displayOffsetDb: null
fixture: AudioUnit_4930607d_15.0.70.rederived.json

CANDIDATE [26] Band 3 Threshold - re-derived
host: EJ Map 0.1.0 / arm64 / 48k (native)
threshold: [26] Band 3 Threshold unit 'dB' (class bands_or_stages) | positions 16 (16 evenly spaced), one process each, levels quiet to loud
ratio: no control holds the ratio role | auto make-up disabled: no
default-threshold reference ('0.0', spec 4.7 check only):  -60.00 out-in -0.00  -58.00 out-in -0.00  -56.00 out-in 0.00  -54.00 out-in -0.00  -52.00 out-in -0.00  -50.00 out-in 0.00  -48.00 out-in -0.00  -46.00 out-in 0.00  -44.00 out-in -0.00  -42.00 out-in -0.00  -40.00 out-in 0.00  -38.00 out-in -0.00  -36.00 out-in -0.00  -34.00 out-in -0.00  -32.00 out-in -0.01  -30.00 out-in -0.01  -28.00 out-in -0.01  -26.00 out-in -0.03  -24.00 out-in -0.04  -22.00 out-in -0.06  -20.00 out-in -0.09  -18.00 out-in -0.13  -16.00 out-in -0.19  -14.00 out-in -0.28  -12.00 out-in -0.40  -10.00 out-in -0.56  -8.00 out-in -0.77  -6.00 out-in -1.04  -4.00 out-in -1.38  -2.00 out-in -1.77  0.00 out-in -2.22  (default gain is information only)
linear reference: each position's own gain at its quiet rung's upper level, checked against the lower (must differ by 6 dB within 0.1): -0.81 -0.41 -0.17 -0.06 -0.02 -0.01 -0.01 -0.08 -0.05 -0.03 -0.02 -0.01 -0.06 -0.03 -0.02 -0.01 -0.01 -0.08 -0.05 -0.03 -0.02 -0.01 -0.01 -0.00 -0.00 -0.00 -0.00 -0.00 -0.00
reference ladder: 14 position(s) below the first rung (3@-84 4@-84 5@-84 6@-84 7@-72 8@-72 9@-72 10@-72 11@-72 12@-60 13@-60 14@-60 15@-60 16@-60)
writes landed by: instack 1 pump 28
write verify: 29 landed, 0 write_unlanded (skipped), in-stack read already matched on 1 of 29, pump slices total 294, longest confirm 30.6 ms, re-rendered 0
hold doubled at positions: none
still moving AFTER doubling (reading not used): none

pos   norm      display        red@-24  red@-12  red@-6    T(peak)   T-display
  0  0.0000    -80.0             --       --       --          --          
  1  0.0667    -74.7             --       --       --          --          
  2  0.1333    -69.3             --       --       --          --          
  3  0.2000    -64.0           7.38     7.47     7.48          --          
  4  0.2667    -58.7           7.35     7.50     7.53          --          
  5  0.3000    -56.0           7.28     7.50     7.53          --          
  6  0.3167    -54.7           7.24     7.49     7.53          --          
  7  0.3333    -53.3           7.08     7.37     7.42          --          
  8  0.3667    -50.7           7.00     7.38     7.45          --          
  9  0.4000    -48.0           6.84     7.36     7.45          --          
 10  0.4333    -45.3           6.62     7.31     7.44          --          
 11  0.4667    -42.7           6.33     7.24     7.40          --          
 12  0.5000    -40.0           5.87     7.05     7.27          --          
 13  0.5333    -37.3           5.43     6.93     7.22          --          
 14  0.5667    -34.7           4.90     6.75     7.14          --          
 15  0.6000    -32.0           4.26     6.49     7.01          --          
 16  0.6167    -30.7           3.93     6.34     6.92          --          
 17  0.6333    -29.3           3.46     6.04     6.71          --          
 18  0.6667    -26.7           2.82     5.67     6.51          --          
 19  0.7000    -24.0           2.18     5.17     6.22          --          
 20  0.7333    -21.3           1.60     4.57     5.82          --          
 21  0.7667    -18.7           1.14     3.93     5.34          --          
 22  0.8000    -16.0           0.77     3.22     4.75          --          
 23  0.8333    -13.3           0.49     2.53     4.09          --          
 24  0.8667    -10.7           0.31     1.92     3.41          --          
 25  0.9000    -8.0            0.19     1.37     2.71          --          
 26  0.9333    -5.3            0.11     0.94     2.05          --          
 27  0.9667    -2.7            0.07     0.63     1.50          --          
 28  1.0000    0.0             0.04     0.40     1.04          --          

1 MAP:             certified (ratio unknown (no ratio control): no dB-equivalent map) | sense lower_is_harder | engage -60.00:8 -58.00:9 -56.00:9 -54.00:10 -52.00:11 -50.00:11 -48.00:12 -46.00:13 -44.00:14 -42.00:15 -40.00:16 -38.00:17 -36.00:18 -34.00:19 -32.00:19 -30.00:20 -28.00:21 -26.00:22 -24.00:22 -22.00:23 -20.00:24 -18.00:25 -16.00:25 -14.00:26 -12.00:27 -10.00:28 -8.00:28 -6.00:28 -4.00:28 -2.00:28 0.00:28
2 engage drift:    3.65  -10.00:10.53  -12.00:10.34  -14.00:10.17  -16.00:9.94  -18.00:10.52  -2.00:7.55  -20.00:10.34  -22.00:10.16  -24.00:9.92  -26.00:10.47  -28.00:10.29  -30.00:10.09  -32.00:9.80  -34.00:10.21  -36.00:9.92  -38.00:9.11  -4.00:8.33  -40.00:10.37  -42.00:10.42  -44.00:10.20  -46.00:9.92  -48.00:9.12  -50.00:9.67  -52.00:10.27  -54.00:10.05  -56.00:9.80  -58.00:10.21  -6.00:9.15  -60.00:9.87  -8.00:9.94  0.00:6.89   (primary; displayLinear unset until the population decides)
   offset IQR:      null
3 displayOffsetDb: null
fixture: AudioUnit_4930607d_15.0.70.rederived.json

CANDIDATE [33] Band 4 Threshold - re-derived
host: EJ Map 0.1.0 / arm64 / 48k (native)
threshold: [33] Band 4 Threshold unit 'dB' (class bands_or_stages) | positions 16 (16 evenly spaced), one process each, levels quiet to loud
ratio: no control holds the ratio role | auto make-up disabled: no
default-threshold reference ('0.0', spec 4.7 check only):  -60.00 out-in -0.00  -58.00 out-in -0.00  -56.00 out-in 0.00  -54.00 out-in -0.00  -52.00 out-in -0.00  -50.00 out-in 0.00  -48.00 out-in -0.00  -46.00 out-in 0.00  -44.00 out-in -0.00  -42.00 out-in -0.00  -40.00 out-in 0.00  -38.00 out-in -0.00  -36.00 out-in -0.00  -34.00 out-in -0.00  -32.00 out-in -0.01  -30.00 out-in -0.01  -28.00 out-in -0.01  -26.00 out-in -0.03  -24.00 out-in -0.04  -22.00 out-in -0.06  -20.00 out-in -0.09  -18.00 out-in -0.13  -16.00 out-in -0.19  -14.00 out-in -0.28  -12.00 out-in -0.40  -10.00 out-in -0.56  -8.00 out-in -0.77  -6.00 out-in -1.04  -4.00 out-in -1.38  -2.00 out-in -1.77  0.00 out-in -2.22  (default gain is information only)
linear reference: each position's own gain at its quiet rung's upper level, checked against the lower (must differ by 6 dB within 0.1): -0.04 -0.03 -0.02 -0.01 -0.00 -0.00 -0.00 -0.00 -0.00 -0.00 -0.00 -0.00 -0.00 -0.00 -0.00 -0.00
reference ladder: 0 position(s) below the first rung
writes landed by: instack 1 pump 15
write verify: 16 landed, 0 write_unlanded (skipped), in-stack read already matched on 1 of 16, pump slices total 158, longest confirm 30.6 ms, re-rendered 0
hold doubled at positions: none
still moving AFTER doubling (reading not used): none

pos   norm      display        red@-24  red@-12  red@-6    T(peak)   T-display
  0  0.0000    -80.0           0.12     0.49     1.15          --          
  1  0.0667    -74.7           0.14     0.52     1.18          --          
  2  0.1333    -69.3           0.16     0.54     1.20          --          
  3  0.2000    -64.0           0.15     0.55     1.21          --          
  4  0.2667    -58.7           0.13     0.55     1.22          --          
  5  0.3333    -53.3           0.10     0.53     1.21          --          
  6  0.4000    -48.0           0.07     0.50     1.19          --          
  7  0.4667    -42.7           0.05     0.47     1.16          --          
  8  0.5333    -37.3           0.04     0.44     1.13          --          
  9  0.6000    -32.0           0.04     0.42     1.09          --          
 10  0.6667    -26.7           0.04     0.40     1.06          --          
 11  0.7333    -21.3           0.04     0.40     1.05          --          
 12  0.8000    -16.0           0.04     0.40     1.04          --          
 13  0.8667    -10.7           0.04     0.40     1.04          --          
 14  0.9333    -5.3            0.04     0.40     1.04          --          
 15  1.0000    0.0             0.04     0.40     1.04          --          

1 MAP:             flat (no two positions differ by more than 1 dB at any test level) | sense -- | engage -60.00:none -58.00:none -56.00:none -54.00:none -52.00:none -50.00:none -48.00:none -46.00:none -44.00:none -42.00:none -40.00:none -38.00:none -36.00:none -34.00:none -32.00:none -30.00:none -28.00:none -26.00:none -24.00:none -22.00:none -20.00:none -18.00:none -16.00:none -14.00:none -12.00:none -10.00:none -8.00:none -6.00:none -4.00:none -2.00:none 0.00:none
2 engage drift:    null  (not a dB display)   (primary; displayLinear unset until the population decides)
   offset IQR:      null
3 displayOffsetDb: null
fixture: AudioUnit_4930607d_15.0.70.rederived.json

CANDIDATE [40] Band 5 Threshold - re-derived
host: EJ Map 0.1.0 / arm64 / 48k (native)
threshold: [40] Band 5 Threshold unit 'dB' (class bands_or_stages) | positions 16 (16 evenly spaced), one process each, levels quiet to loud
ratio: no control holds the ratio role | auto make-up disabled: no
default-threshold reference ('0.0', spec 4.7 check only):  -60.00 out-in -0.00  -58.00 out-in -0.00  -56.00 out-in 0.00  -54.00 out-in -0.00  -52.00 out-in -0.00  -50.00 out-in 0.00  -48.00 out-in -0.00  -46.00 out-in 0.00  -44.00 out-in -0.00  -42.00 out-in -0.00  -40.00 out-in 0.00  -38.00 out-in -0.00  -36.00 out-in -0.00  -34.00 out-in -0.00  -32.00 out-in -0.01  -30.00 out-in -0.01  -28.00 out-in -0.01  -26.00 out-in -0.03  -24.00 out-in -0.04  -22.00 out-in -0.06  -20.00 out-in -0.09  -18.00 out-in -0.13  -16.00 out-in -0.19  -14.00 out-in -0.28  -12.00 out-in -0.40  -10.00 out-in -0.56  -8.00 out-in -0.77  -6.00 out-in -1.04  -4.00 out-in -1.38  -2.00 out-in -1.77  0.00 out-in -2.22  (default gain is information only)
linear reference: each position's own gain at its quiet rung's upper level, checked against the lower (must differ by 6 dB within 0.1): -0.00 -0.00 -0.00 -0.00 -0.00 -0.00 -0.00 -0.00 -0.00 -0.00 -0.00 -0.00 -0.00 -0.00 -0.00 -0.00
reference ladder: 0 position(s) below the first rung
writes landed by: instack 1 pump 15
write verify: 16 landed, 0 write_unlanded (skipped), in-stack read already matched on 1 of 16, pump slices total 151, longest confirm 30.5 ms, re-rendered 0
hold doubled at positions: none
still moving AFTER doubling (reading not used): none

pos   norm      display        red@-24  red@-12  red@-6    T(peak)   T-display
  0  0.0000    -80.0           0.04     0.40     1.04          --          
  1  0.0667    -74.7           0.04     0.40     1.04          --          
  2  0.1333    -69.3           0.04     0.40     1.04          --          
  3  0.2000    -64.0           0.04     0.40     1.04          --          
  4  0.2667    -58.7           0.04     0.40     1.04          --          
  5  0.3333    -53.3           0.04     0.40     1.04          --          
  6  0.4000    -48.0           0.04     0.40     1.04          --          
  7  0.4667    -42.7           0.04     0.40     1.04          --          
  8  0.5333    -37.3           0.04     0.40     1.04          --          
  9  0.6000    -32.0           0.04     0.40     1.04          --          
 10  0.6667    -26.7           0.04     0.40     1.04          --          
 11  0.7333    -21.3           0.04     0.40     1.04          --          
 12  0.8000    -16.0           0.04     0.40     1.04          --          
 13  0.8667    -10.7           0.04     0.40     1.04          --          
 14  0.9333    -5.3            0.04     0.40     1.04          --          
 15  1.0000    0.0             0.04     0.40     1.04          --          

1 MAP:             flat (no two positions differ by more than 1 dB at any test level) | sense -- | engage -60.00:none -58.00:none -56.00:none -54.00:none -52.00:none -50.00:none -48.00:none -46.00:none -44.00:none -42.00:none -40.00:none -38.00:none -36.00:none -34.00:none -32.00:none -30.00:none -28.00:none -26.00:none -24.00:none -22.00:none -20.00:none -18.00:none -16.00:none -14.00:none -12.00:none -10.00:none -8.00:none -6.00:none -4.00:none -2.00:none 0.00:none
2 engage drift:    null  (not a dB display)   (primary; displayLinear unset until the population decides)
   offset IQR:      null
3 displayOffsetDb: null
fixture: AudioUnit_4930607d_15.0.70.rederived.json

CANDIDATE [47] Band 6 Threshold - re-derived
host: EJ Map 0.1.0 / arm64 / 48k (native)
threshold: [47] Band 6 Threshold unit 'dB' (class bands_or_stages) | positions 16 (16 evenly spaced), one process each, levels quiet to loud
ratio: no control holds the ratio role | auto make-up disabled: no
default-threshold reference ('0.0', spec 4.7 check only):  -60.00 out-in -0.00  -58.00 out-in -0.00  -56.00 out-in 0.00  -54.00 out-in -0.00  -52.00 out-in -0.00  -50.00 out-in 0.00  -48.00 out-in -0.00  -46.00 out-in 0.00  -44.00 out-in -0.00  -42.00 out-in -0.00  -40.00 out-in 0.00  -38.00 out-in -0.00  -36.00 out-in -0.00  -34.00 out-in -0.00  -32.00 out-in -0.01  -30.00 out-in -0.01  -28.00 out-in -0.01  -26.00 out-in -0.03  -24.00 out-in -0.04  -22.00 out-in -0.06  -20.00 out-in -0.09  -18.00 out-in -0.13  -16.00 out-in -0.19  -14.00 out-in -0.28  -12.00 out-in -0.40  -10.00 out-in -0.56  -8.00 out-in -0.77  -6.00 out-in -1.04  -4.00 out-in -1.38  -2.00 out-in -1.77  0.00 out-in -2.22  (default gain is information only)
linear reference: each position's own gain at its quiet rung's upper level, checked against the lower (must differ by 6 dB within 0.1): -0.00 -0.00 -0.00 -0.00 -0.00 -0.00 -0.00 -0.00 -0.00 -0.00 -0.00 -0.00 -0.00 -0.00 -0.00 -0.00
reference ladder: 0 position(s) below the first rung
writes landed by: instack 1 pump 15
write verify: 16 landed, 0 write_unlanded (skipped), in-stack read already matched on 1 of 16, pump slices total 158, longest confirm 30.6 ms, re-rendered 0
hold doubled at positions: none
still moving AFTER doubling (reading not used): none

pos   norm      display        red@-24  red@-12  red@-6    T(peak)   T-display
  0  0.0000    -80.0           0.04     0.40     1.04          --          
  1  0.0667    -74.7           0.04     0.40     1.04          --          
  2  0.1333    -69.3           0.04     0.40     1.04          --          
  3  0.2000    -64.0           0.04     0.40     1.04          --          
  4  0.2667    -58.7           0.04     0.40     1.04          --          
  5  0.3333    -53.3           0.04     0.40     1.04          --          
  6  0.4000    -48.0           0.04     0.40     1.04          --          
  7  0.4667    -42.7           0.04     0.40     1.04          --          
  8  0.5333    -37.3           0.04     0.40     1.04          --          
  9  0.6000    -32.0           0.04     0.40     1.04          --          
 10  0.6667    -26.7           0.04     0.40     1.04          --          
 11  0.7333    -21.3           0.04     0.40     1.04          --          
 12  0.8000    -16.0           0.04     0.40     1.04          --          
 13  0.8667    -10.7           0.04     0.40     1.04          --          
 14  0.9333    -5.3            0.04     0.40     1.04          --          
 15  1.0000    0.0             0.04     0.40     1.04          --          

1 MAP:             flat (no two positions differ by more than 1 dB at any test level) | sense -- | engage -60.00:none -58.00:none -56.00:none -54.00:none -52.00:none -50.00:none -48.00:none -46.00:none -44.00:none -42.00:none -40.00:none -38.00:none -36.00:none -34.00:none -32.00:none -30.00:none -28.00:none -26.00:none -24.00:none -22.00:none -20.00:none -18.00:none -16.00:none -14.00:none -12.00:none -10.00:none -8.00:none -6.00:none -4.00:none -2.00:none 0.00:none
2 engage drift:    null  (not a dB display)   (primary; displayLinear unset until the population decides)
   offset IQR:      null
3 displayOffsetDb: null
fixture: AudioUnit_4930607d_15.0.70.rederived.json

  -> multiband: multiband: profiling not built yet (Band 1, Band 2, Band 3, Band 4, Band 5, Band 6; 6 threshold candidates)

=== tone checks: VBC FG-Grey
RE-DERIVED from traces (nothing measured) - VBC FG-Grey -> AudioUnit_645b6178_1.3.5.rederived.json
host: EJ Map 0.1.0 / arm64 / 48k (native)
threshold: [7] Threshold unit 'dB' (class single_threshold) | positions 16 (16 evenly spaced), one process each, levels quiet to loud
ratio: [4] ran at '4.0' -> 4 (RAISED from '1.0', value READ BACK after the write) | auto make-up disabled: no
default-threshold reference ('0.0dB', spec 4.7 check only):  -60.00 out-in 1.33  -58.00 out-in 1.33  -56.00 out-in 1.33  -54.00 out-in 1.33  -52.00 out-in 1.33  -50.00 out-in 1.33  -48.00 out-in 1.33  -46.00 out-in 1.33  -44.00 out-in 1.32  -42.00 out-in 1.32  -40.00 out-in 1.32  -38.00 out-in 1.31  -36.00 out-in 1.31  -34.00 out-in 1.31  -32.00 out-in 1.30  -30.00 out-in 1.29  -28.00 out-in 1.28  -26.00 out-in 1.27  -24.00 out-in 1.25  -22.00 out-in 1.23  -20.00 out-in 1.21  -18.00 out-in 1.18  -16.00 out-in 1.13  -14.00 out-in 1.08  -12.00 out-in 1.02  -10.00 out-in 0.93  -8.00 out-in 0.83  -6.00 out-in 0.73  -4.00 out-in 0.65  -2.00 out-in -0.07  0.00 out-in -1.52  (default gain is information only)
linear reference: each position's own gain at its quiet rung's upper level, checked against the lower (must differ by 6 dB within 0.1): -0.00 -0.00 -0.00 -0.00 -0.00 -0.00 -0.00 -0.00 -0.00 -0.00 -0.00 -0.00 -0.00 -0.00 -0.00 -0.00 -0.00 -0.00 -0.00 -0.00 -0.00 -0.00 -0.00 -0.00 -0.00 -0.00 -0.00 -0.00 0.00 0.00 0.00
reference ladder: 3 position(s) below the first rung (28@-60 29@-60 30@-60)
writes landed by: instack 31
write verify: 31 landed, 0 write_unlanded (skipped), in-stack read already matched on 31 of 31, pump slices total 31, longest confirm 2.6 ms, re-rendered 0
hold doubled at positions: none
still moving AFTER doubling (reading not used): none

pos   norm      display        red@-24  red@-12  red@-6    T(peak)   T-display
  0  0.0000    0.0dB           0.07     0.31     0.59        -4.4     -4.40
  1  0.0333    -1.7dB          0.07     0.31     0.59        -5.5     -3.80
  2  0.0667    -3.3dB          0.07     0.31     0.80        -7.0     -3.70
  3  0.1000    -5.0dB          0.07     0.31     1.97        -8.6     -3.60
  4  0.1333    -6.7dB          0.07     0.31     3.16       -10.2     -3.50
  5  0.1667    -8.3dB          0.07     0.31     4.37       -11.8     -3.50
  6  0.2000    -10.0dB         0.07     0.97     5.58       -13.4     -3.40
  7  0.2333    -11.7dB         0.07     2.16     6.80       -15.0     -3.30
  8  0.2667    -13.3dB         0.07     3.36     8.02       -16.6     -3.30
  9  0.3000    -15.0dB         0.07     4.56     9.24       -18.1     -3.10
 10  0.3333    -16.7dB         0.07     5.78    10.46       -19.7     -3.00
 11  0.3667    -18.3dB         0.07     7.00    11.69       -21.3     -3.00
 12  0.4000    -20.0dB         0.07     8.22    12.92       -23.0     -3.00
 13  0.4333    -21.7dB         0.51     9.44    14.15       -24.6     -2.90
 14  0.4667    -23.3dB         1.68    10.67    15.38       -26.2     -2.90
 15  0.5000    -25.0dB         2.88    11.90    16.62       -27.8     -2.80
 16  0.5333    -26.7dB         4.09    13.13    17.85       -29.4     -2.70
 17  0.5667    -28.3dB         5.30    14.36    19.09       -31.1     -2.80
 18  0.6000    -30.0dB         6.52    15.59    20.32       -32.7     -2.70
 19  0.6333    -31.7dB         7.74    16.82    21.56       -34.3     -2.60
 20  0.6667    -33.3dB         8.96    18.06    22.80       -36.0     -2.70
 21  0.7000    -35.0dB        10.19    19.29    24.04       -37.6     -2.60
 22  0.7333    -36.7dB        11.42    20.53    25.27       -39.3     -2.60
 23  0.7667    -38.3dB        12.65    21.77    26.51       -41.0     -2.70
 24  0.8000    -40.0dB        13.88    23.01    27.75       -42.6     -2.60
 25  0.8333    -41.7dB        15.11    24.24    28.99       -44.3     -2.60
 26  0.8667    -43.3dB        16.34    25.48    30.23       -45.9     -2.60
 27  0.9000    -45.0dB        17.58    26.72    31.47       -47.6     -2.60
 28  0.9333    -46.7dB        18.82    27.97    32.72       -49.3     -2.60
 29  0.9667    -48.3dB        20.05    29.21    33.96       -51.0     -2.70
 30  1.0000    -50.0dB        21.29    30.45    35.20       -52.6     -2.60

1 MAP:             certified | sense higher_is_harder | engage -60.00:none -58.00:none -56.00:none -54.00:none -52.00:30 -50.00:29 -48.00:28 -46.00:27 -44.00:26 -42.00:24 -40.00:23 -38.00:22 -36.00:21 -34.00:20 -32.00:18 -30.00:17 -28.00:16 -26.00:15 -24.00:13 -22.00:12 -20.00:11 -18.00:10 -16.00:9 -14.00:7 -12.00:6 -10.00:5 -8.00:4 -6.00:0 -4.00:0 -2.00:0 0.00:0
2 engage drift:    2.50  -10.00:2.83  -12.00:2.68  -14.00:2.55  -16.00:2.52  -18.00:2.36  -2.00:3.29  -20.00:2.45  -22.00:2.38  -24.00:2.31  -26.00:2.32  -28.00:2.22  -30.00:2.32  -32.00:2.28  -34.00:2.30  -36.00:2.26  -38.00:2.17  -4.00:4.67  -40.00:2.28  -42.00:2.25  -44.00:2.28  -46.00:2.24  -48.00:2.16  -50.00:2.28  -52.00:2.43  -54.00:null  -56.00:null  -58.00:null  -6.00:null  -60.00:null  -8.00:2.82  0.00:3.32   (primary; displayLinear unset until the population decides)
   offset IQR:      0.70 dB over 31 positions (min -4.40, max -2.60)
3 displayOffsetDb: -2.80  (outside spec 7's 2 dB bar)
fixture: AudioUnit_645b6178_1.3.5.rederived.json
  -> needs_review: export written (derive-only: the tone check was not run, nothing loaded); would be tone-checked by the follow-up

=== tone checks: Kramer PIE (m)
RE-DERIVED from traces (nothing measured) - Kramer PIE (m) -> AudioUnit_5a5f7463_15.0.70.rederived.json
host: EJ Map 0.1.0 / arm64 / 48k (native)
threshold: [1] Threshold unit 'dB' (class single_threshold) | positions 16 (16 evenly spaced), one process each, levels quiet to loud
ratio: [2] ran at '3:1' -> 3 | auto make-up disabled: no
default-threshold reference ('0', spec 4.7 check only):  -60.00 out-in 6.04  -58.00 out-in 6.04  -56.00 out-in 6.04  -54.00 out-in 6.04  -52.00 out-in 6.04  -50.00 out-in 6.04  -48.00 out-in 6.04  -46.00 out-in 6.04  -44.00 out-in 6.04  -42.00 out-in 6.04  -40.00 out-in 6.04  -38.00 out-in 6.04  -36.00 out-in 6.04  -34.00 out-in 6.04  -32.00 out-in 6.04  -30.00 out-in 6.04  -28.00 out-in 6.04  -26.00 out-in 6.04  -24.00 out-in 6.04  -22.00 out-in 6.04  -20.00 out-in 6.04  -18.00 out-in 4.70  -16.00 out-in 3.30  -14.00 out-in 1.93  -12.00 out-in 0.58  -10.00 out-in -0.75  -8.00 out-in -2.06  -6.00 out-in -3.35  -4.00 out-in -4.64  -2.00 out-in -5.92  0.00 out-in -7.19  (default gain is information only)
linear reference: each position's own gain at its quiet rung's upper level, checked against the lower (must differ by 6 dB within 0.1): -0.00 -0.00 -0.00 -0.00 -0.00 -0.00 -0.00 -0.00 -0.00 -0.00 -0.00 -0.00 -0.00 -0.00 -0.00 -0.00 -0.00 -0.00 -0.00 -0.00 -0.00
reference ladder: 0 position(s) below the first rung
writes landed by: instack 1 pump 20
write verify: 21 landed, 0 write_unlanded (skipped), in-stack read already matched on 1 of 21, pump slices total 210, longest confirm 30.6 ms, re-rendered 0
hold doubled at positions: none
still moving AFTER doubling (reading not used): none

pos   norm      display        red@-24  red@-12  red@-6    T(peak)   T-display
  0  0.0000    -24            13.22    20.35    21.48       -44.1    -20.10
  1  0.0667    -22            11.95    19.27    21.48       -42.1    -20.10
  2  0.1000    -20            10.68    18.12    21.33       -40.1    -20.10
  3  0.1333    -18             9.39    16.94    20.35       -38.1    -20.10
  4  0.2000    -16             8.10    15.72    19.27       -36.1    -20.10
  5  0.2667    -14             6.78    14.48    18.12       -34.1    -20.10
  6  0.3000    -12             5.46    13.22    16.94       -32.1    -20.10
  7  0.3333    -10             4.11    11.95    15.72       -30.1    -20.10
  8  0.4000    -8              2.73    10.68    14.48       -28.1    -20.10
  9  0.4667    -6              1.34     9.39    13.23       -26.1    -20.10
 10  0.5000    -4             -0.00     8.09    11.96       -24.1    -20.10
 11  0.5333    -2             -0.00     6.78    10.68       -22.1    -20.10
 12  0.6000    0              -0.00     5.46     9.39       -20.1    -20.10
 13  0.6667    2              -0.00     4.11     8.10       -18.1    -20.10
 14  0.7000    4              -0.00     2.73     6.79       -16.1    -20.10
 15  0.7333    6              -0.00     1.34     5.46       -14.1    -20.10
 16  0.8000    8              -0.00    -0.00     4.11       -12.2    -20.20
 17  0.8667    10             -0.00    -0.00     2.73       -10.2    -20.20
 18  0.9000    12             -0.00    -0.00     1.34        -8.1    -20.10
 19  0.9333    14             -0.00    -0.00    -0.00        -6.1    -20.10
 20  1.0000    16             -0.00    -0.00    -0.00        -4.1    -20.10

1 MAP:             certified | sense lower_is_harder | engage -60.00:none -58.00:none -56.00:none -54.00:none -52.00:none -50.00:none -48.00:none -46.00:none -44.00:none -42.00:0 -40.00:1 -38.00:2 -36.00:3 -34.00:4 -32.00:5 -30.00:6 -28.00:7 -26.00:8 -24.00:9 -22.00:10 -20.00:11 -18.00:12 -16.00:13 -14.00:14 -12.00:15 -10.00:16 -8.00:17 -6.00:18 -4.00:19 -2.00:20 0.00:20
2 engage drift:    0.05  -10.00:19.21  -12.00:19.20  -14.00:19.21  -16.00:19.21  -18.00:19.20  -2.00:19.21  -20.00:19.21  -22.00:19.21  -24.00:19.20  -26.00:19.21  -28.00:19.21  -30.00:19.21  -32.00:19.20  -34.00:19.21  -36.00:19.21  -38.00:19.20  -4.00:19.20  -40.00:19.21  -42.00:19.26  -44.00:null  -46.00:null  -48.00:null  -50.00:null  -52.00:null  -54.00:null  -56.00:null  -58.00:null  -6.00:19.21  -60.00:null  -8.00:19.21  0.00:19.26   (primary; displayLinear unset until the population decides)
   offset IQR:      0.00 dB over 21 positions (min -20.20, max -20.10)
3 displayOffsetDb: -20.10  (outside spec 7's 2 dB bar)
fixture: AudioUnit_5a5f7463_15.0.70.rederived.json
  -> needs_review: export written (derive-only: the tone check was not run, nothing loaded); would be tone-checked by the follow-up

=== tone checks: Maag MAGNUM-K
  no measured rule: 6 candidates, 6 certified: no channel pair, no master, no Main/Aux
CANDIDATE [6] Threshold 1 - re-derived
host: EJ Map 0.1.0 / arm64 / 48k (native)
threshold: [6] Threshold 1 unit '' (class bands_or_stages) | positions 21 (every step), one process each, levels quiet to loud
links as instantiated (recorded, not written): [46] Sidechain Link = 'Out', [47] Link = 'In'
ratio: 2 controls hold the ratio role | auto make-up disabled: no
default-threshold reference ('0.0', spec 4.7 check only):  -60.00 out-in 0.24  -58.00 out-in 0.24  -56.00 out-in 0.24  -54.00 out-in 0.24  -52.00 out-in 0.24  -50.00 out-in 0.24  -48.00 out-in 0.24  -46.00 out-in 0.25  -44.00 out-in 0.24  -42.00 out-in 0.24  -40.00 out-in 0.24  -38.00 out-in 0.24  -36.00 out-in 0.24  -34.00 out-in 0.24  -32.00 out-in 0.24  -30.00 out-in 0.24  -28.00 out-in 0.24  -26.00 out-in 0.24  -24.00 out-in 0.25  -22.00 out-in 0.24  -20.00 out-in 0.24  -18.00 out-in 0.24  -16.00 out-in 0.24  -14.00 out-in 0.24  -12.00 out-in 0.24  -10.00 out-in 0.24  -8.00 out-in 0.25  -6.00 out-in 0.24  -4.00 out-in 0.24  -2.00 out-in 0.25  0.00 out-in 0.24  (default gain is information only)
linear reference: each position's own gain at its quiet rung's upper level, checked against the lower (must differ by 6 dB within 0.1): -0.00 -0.00 -0.00 -0.00 -0.00 -0.00 -0.00 -0.00 -0.00 -0.00 -0.00 -0.00 -0.00 -0.00 -0.00 -0.00 -0.00 -0.00 -0.00 -0.00 -0.00
reference ladder: 0 position(s) below the first rung
writes landed by: instack 21
write verify: 21 landed, 0 write_unlanded (skipped), in-stack read already matched on 21 of 21, pump slices total 21, longest confirm 2.6 ms, re-rendered 0
hold doubled at positions: none
still moving AFTER doubling (reading not used): none

pos   norm      display        red@-24  red@-12  red@-6    T(peak)   T-display
  0  0.0000    0.0            -0.00    -0.00    -0.00          --          
  1  0.0500    0.5            -0.00    -0.00    -0.00          --          
  2  0.1000    1.0            -0.00    -0.00    -0.00          --          
  3  0.1500    1.5            -0.00    -0.00    -0.00          --          
  4  0.2000    2.0            -0.00    -0.00    -0.01          --          
  5  0.2500    2.5            -0.00    -0.00    -0.00          --          
  6  0.3000    3.0            -0.00    -0.00     0.00          --          
  7  0.3500    3.5            -0.00    -0.00     0.01          --          
  8  0.4000    4.0            -0.00    -0.01     0.04          --          
  9  0.4500    4.5            -0.00    -0.00     0.07          --          
 10  0.5000    5.0            -0.00    -0.00     0.10          --          
 11  0.5500    5.5            -0.00     0.00     0.20          --          
 12  0.6000    6.0            -0.00     0.02     0.34          --          
 13  0.6500    6.5            -0.00     0.06     0.54          --          
 14  0.7000    7.0            -0.00     0.20     0.99          --          
 15  0.7500    7.5            -0.00     0.38     1.41          --          
 16  0.8000    8.0            -0.00     0.61     1.78          --          
 17  0.8500    8.5            -0.00     0.85     2.12          --          
 18  0.9000    9.0             0.00     1.02     2.33          --          
 19  0.9500    9.5             0.01     1.05     2.36          --          
 20  1.0000    10.0            0.01     1.05     2.36          --          

1 MAP:             certified (ratio unknown (no ratio control): no dB-equivalent map) | sense higher_is_harder | engage -60.00:none -58.00:none -56.00:none -54.00:none -52.00:none -50.00:none -48.00:none -46.00:none -44.00:none -42.00:none -40.00:none -38.00:none -36.00:none -34.00:none -32.00:none -30.00:none -28.00:none -26.00:none -24.00:none -22.00:none -20.00:none -18.00:none -16.00:none -14.00:17 -12.00:16 -10.00:15 -8.00:14 -6.00:13 -4.00:12 -2.00:11 0.00:9
2 engage drift:    null  (not a dB display)   (primary; displayLinear unset until the population decides)
   offset IQR:      null
3 displayOffsetDb: null
fixture: AudioUnit_6e665755_1.6.1.rederived.json

CANDIDATE [10] K Comp Threshold 1 - re-derived
host: EJ Map 0.1.0 / arm64 / 48k (native)
threshold: [10] K Comp Threshold 1 unit '' (class bands_or_stages) | positions 21 (every step), one process each, levels quiet to loud
links as instantiated (recorded, not written): [46] Sidechain Link = 'Out', [47] Link = 'In'
ratio: 2 controls hold the ratio role | auto make-up disabled: no
default-threshold reference ('0.0', spec 4.7 check only):  -60.00 out-in 0.24  -58.00 out-in 0.24  -56.00 out-in 0.24  -54.00 out-in 0.24  -52.00 out-in 0.24  -50.00 out-in 0.24  -48.00 out-in 0.24  -46.00 out-in 0.25  -44.00 out-in 0.24  -42.00 out-in 0.24  -40.00 out-in 0.24  -38.00 out-in 0.24  -36.00 out-in 0.24  -34.00 out-in 0.24  -32.00 out-in 0.24  -30.00 out-in 0.24  -28.00 out-in 0.24  -26.00 out-in 0.24  -24.00 out-in 0.25  -22.00 out-in 0.24  -20.00 out-in 0.24  -18.00 out-in 0.24  -16.00 out-in 0.24  -14.00 out-in 0.24  -12.00 out-in 0.24  -10.00 out-in 0.24  -8.00 out-in 0.25  -6.00 out-in 0.24  -4.00 out-in 0.24  -2.00 out-in 0.25  0.00 out-in 0.24  (default gain is information only)
linear reference: each position's own gain at its quiet rung's upper level, checked against the lower (must differ by 6 dB within 0.1): -0.00 -0.00 -0.00 -0.00 -0.00 -0.00 -0.00 -0.00 -0.00 -0.00 -0.00 -0.00 -0.00 -0.00 -0.00 -0.00 -0.00 -0.00 -0.00 -0.00 -0.00
reference ladder: 0 position(s) below the first rung
writes landed by: instack 21
write verify: 21 landed, 0 write_unlanded (skipped), in-stack read already matched on 21 of 21, pump slices total 21, longest confirm 2.6 ms, re-rendered 0
hold doubled at positions: none
still moving AFTER doubling (reading not used): none

pos   norm      display        red@-24  red@-12  red@-6    T(peak)   T-display
  0  0.0000    0.0            -0.00    -0.00    -0.00          --          
  1  0.0500    0.5            -0.00    -0.00    -0.00          --          
  2  0.1000    1.0            -0.00    -0.00    -0.00          --          
  3  0.1500    1.5            -0.00     0.14     0.55          --          
  4  0.2000    2.0             0.00     0.58     1.07          --          
  5  0.2500    2.5             0.05     0.84     1.29          --          
  6  0.3000    3.0             0.13     1.04     1.44          --          
  7  0.3500    3.5             0.23     1.17     1.53          --          
  8  0.4000    4.0             0.26     1.20     1.55          --          
  9  0.4500    4.5             0.29     1.24     1.57          --          
 10  0.5000    5.0             0.32     1.26     1.59          --          
 11  0.5500    5.5             0.34     1.28     1.60          --          
 12  0.6000    6.0             0.35     1.29     1.61          --          
 13  0.6500    6.5             0.37     1.31     1.62          --          
 14  0.7000    7.0             0.39     1.32     1.63          --          
 15  0.7500    7.5             0.40     1.33     1.64          --          
 16  0.8000    8.0             0.42     1.34     1.65          --          
 17  0.8500    8.5             0.44     1.36     1.66          --          
 18  0.9000    9.0             0.45     1.37     1.66          --          
 19  0.9500    9.5             0.46     1.37     1.67          --          
 20  1.0000    10.0            0.46     1.37     1.67          --          

1 MAP:             certified (ratio unknown (no ratio control): no dB-equivalent map) | sense higher_is_harder | engage -60.00:none -58.00:none -56.00:none -54.00:none -52.00:none -50.00:none -48.00:none -46.00:none -44.00:none -42.00:none -40.00:none -38.00:none -36.00:none -34.00:none -32.00:none -30.00:none -28.00:none -26.00:none -24.00:none -22.00:12 -20.00:7 -18.00:6 -16.00:5 -14.00:5 -12.00:4 -10.00:4 -8.00:4 -6.00:3 -4.00:3 -2.00:3 0.00:3
2 engage drift:    null  (not a dB display)   (primary; displayLinear unset until the population decides)
   offset IQR:      null
3 displayOffsetDb: null
fixture: AudioUnit_6e665755_1.6.1.rederived.json

CANDIDATE [16] Limiter Threshold 1 - re-derived
host: EJ Map 0.1.0 / arm64 / 48k (native)
threshold: [16] Limiter Threshold 1 unit 'dBFS' (class bands_or_stages) | positions 4 (every step), one process each, levels quiet to loud
links as instantiated (recorded, not written): [46] Sidechain Link = 'Out', [47] Link = 'In'
ratio: 2 controls hold the ratio role | auto make-up disabled: no
default-threshold reference ('-3 dBFS', spec 4.7 check only):  -60.00 out-in 0.34  -58.00 out-in 0.34  -56.00 out-in 0.34  -54.00 out-in 0.34  -52.00 out-in 0.35  -50.00 out-in 0.34  -48.00 out-in 0.34  -46.00 out-in 0.35  -44.00 out-in 0.34  -42.00 out-in 0.34  -40.00 out-in 0.35  -38.00 out-in 0.34  -36.00 out-in 0.34  -34.00 out-in 0.34  -32.00 out-in 0.34  -30.00 out-in 0.35  -28.00 out-in 0.34  -26.00 out-in 0.34  -24.00 out-in 0.35  -22.00 out-in 0.34  -20.00 out-in 0.34  -18.00 out-in 0.34  -16.00 out-in 0.34  -14.00 out-in 0.34  -12.00 out-in 0.33  -10.00 out-in 0.32  -8.00 out-in 0.31  -6.00 out-in 0.29  -4.00 out-in 0.27  -2.00 out-in 0.22  0.00 out-in -0.05  (default gain is information only)
linear reference: each position's own gain at its quiet rung's upper level, checked against the lower (must differ by 6 dB within 0.1): -0.00 -0.00 -0.00 -0.00
reference ladder: 0 position(s) below the first rung
writes landed by: instack 4
write verify: 4 landed, 0 write_unlanded (skipped), in-stack read already matched on 4 of 4, pump slices total 4, longest confirm 2.6 ms, re-rendered 0
hold doubled at positions: none
still moving AFTER doubling (reading not used): none

pos   norm      display        red@-24  red@-12  red@-6    T(peak)   T-display
  0  0.0000    -15 dBFS        0.00     0.10     1.73          --          
  1  0.3333    -11 dBFS        0.00     0.05     0.44          --          
  2  0.6667    -7 dBFS        -0.00     0.02     0.09          --          
  3  1.0000    -3 dBFS        -0.00     0.01     0.05          --          

1 MAP:             certified (ratio unknown (no ratio control): no dB-equivalent map) | sense lower_is_harder | engage -60.00:none -58.00:none -56.00:none -54.00:none -52.00:none -50.00:none -48.00:none -46.00:none -44.00:none -42.00:none -40.00:none -38.00:none -36.00:none -34.00:none -32.00:none -30.00:none -28.00:none -26.00:none -24.00:none -22.00:none -20.00:none -18.00:none -16.00:none -14.00:none -12.00:none -10.00:none -8.00:0 -6.00:0 -4.00:1 -2.00:2 0.00:2
2 engage drift:    null  (not a dB display)   (primary; displayLinear unset until the population decides)
   offset IQR:      null
3 displayOffsetDb: null
fixture: AudioUnit_6e665755_1.6.1.rederived.json

CANDIDATE [28] Threshold 2 - re-derived
host: EJ Map 0.1.0 / arm64 / 48k (native)
threshold: [28] Threshold 2 unit '' (class bands_or_stages) | positions 21 (every step), one process each, levels quiet to loud
links as instantiated (recorded, not written): [46] Sidechain Link = 'Out', [47] Link = 'In'
ratio: 2 controls hold the ratio role | auto make-up disabled: no
default-threshold reference ('0.0', spec 4.7 check only):  -60.00 out-in 0.24  -58.00 out-in 0.24  -56.00 out-in 0.24  -54.00 out-in 0.24  -52.00 out-in 0.24  -50.00 out-in 0.24  -48.00 out-in 0.24  -46.00 out-in 0.25  -44.00 out-in 0.24  -42.00 out-in 0.24  -40.00 out-in 0.24  -38.00 out-in 0.24  -36.00 out-in 0.24  -34.00 out-in 0.24  -32.00 out-in 0.24  -30.00 out-in 0.24  -28.00 out-in 0.24  -26.00 out-in 0.24  -24.00 out-in 0.25  -22.00 out-in 0.24  -20.00 out-in 0.24  -18.00 out-in 0.24  -16.00 out-in 0.24  -14.00 out-in 0.24  -12.00 out-in 0.24  -10.00 out-in 0.24  -8.00 out-in 0.25  -6.00 out-in 0.24  -4.00 out-in 0.24  -2.00 out-in 0.25  0.00 out-in 0.24  (default gain is information only)
linear reference: each position's own gain at its quiet rung's upper level, checked against the lower (must differ by 6 dB within 0.1): -0.00 -0.00 -0.00 -0.00 -0.00 -0.00 -0.00 -0.00 -0.00 -0.00 -0.00 -0.00 -0.00 -0.00 -0.00 -0.00 -0.00 -0.00 -0.00 -0.00 -0.00
reference ladder: 0 position(s) below the first rung
writes landed by: instack 21
write verify: 21 landed, 0 write_unlanded (skipped), in-stack read already matched on 21 of 21, pump slices total 21, longest confirm 2.6 ms, re-rendered 0
hold doubled at positions: none
still moving AFTER doubling (reading not used): none

pos   norm      display        red@-24  red@-12  red@-6    T(peak)   T-display
  0  0.0000    0.0            -0.00    -0.00    -0.00          --          
  1  0.0500    0.5            -0.00    -0.00    -0.00          --          
  2  0.1000    1.0            -0.00    -0.00    -0.00          --          
  3  0.1500    1.5            -0.00    -0.00    -0.00          --          
  4  0.2000    2.0            -0.00    -0.00    -0.01          --          
  5  0.2500    2.5            -0.00    -0.00    -0.00          --          
  6  0.3000    3.0            -0.00    -0.00     0.00          --          
  7  0.3500    3.5            -0.00    -0.00     0.01          --          
  8  0.4000    4.0            -0.00    -0.01     0.04          --          
  9  0.4500    4.5            -0.00    -0.00     0.07          --          
 10  0.5000    5.0            -0.00    -0.00     0.10          --          
 11  0.5500    5.5            -0.00     0.00     0.20          --          
 12  0.6000    6.0            -0.00     0.02     0.34          --          
 13  0.6500    6.5            -0.00     0.06     0.54          --          
 14  0.7000    7.0            -0.00     0.20     0.99          --          
 15  0.7500    7.5            -0.00     0.38     1.41          --          
 16  0.8000    8.0            -0.00     0.61     1.78          --          
 17  0.8500    8.5            -0.00     0.85     2.12          --          
 18  0.9000    9.0             0.00     1.02     2.33          --          
 19  0.9500    9.5             0.01     1.05     2.36          --          
 20  1.0000    10.0            0.01     1.05     2.36          --          

1 MAP:             certified (ratio unknown (no ratio control): no dB-equivalent map) | sense higher_is_harder | engage -60.00:none -58.00:none -56.00:none -54.00:none -52.00:none -50.00:none -48.00:none -46.00:none -44.00:none -42.00:none -40.00:none -38.00:none -36.00:none -34.00:none -32.00:none -30.00:none -28.00:none -26.00:none -24.00:none -22.00:none -20.00:none -18.00:none -16.00:none -14.00:17 -12.00:16 -10.00:15 -8.00:14 -6.00:13 -4.00:12 -2.00:11 0.00:9
2 engage drift:    null  (not a dB display)   (primary; displayLinear unset until the population decides)
   offset IQR:      null
3 displayOffsetDb: null
fixture: AudioUnit_6e665755_1.6.1.rederived.json

CANDIDATE [32] K Comp Threshold 2 - re-derived
host: EJ Map 0.1.0 / arm64 / 48k (native)
threshold: [32] K Comp Threshold 2 unit '' (class bands_or_stages) | positions 21 (every step), one process each, levels quiet to loud
links as instantiated (recorded, not written): [46] Sidechain Link = 'Out', [47] Link = 'In'
ratio: 2 controls hold the ratio role | auto make-up disabled: no
default-threshold reference ('0.0', spec 4.7 check only):  -60.00 out-in 0.24  -58.00 out-in 0.24  -56.00 out-in 0.24  -54.00 out-in 0.24  -52.00 out-in 0.24  -50.00 out-in 0.24  -48.00 out-in 0.24  -46.00 out-in 0.25  -44.00 out-in 0.24  -42.00 out-in 0.24  -40.00 out-in 0.24  -38.00 out-in 0.24  -36.00 out-in 0.24  -34.00 out-in 0.24  -32.00 out-in 0.24  -30.00 out-in 0.24  -28.00 out-in 0.24  -26.00 out-in 0.24  -24.00 out-in 0.25  -22.00 out-in 0.24  -20.00 out-in 0.24  -18.00 out-in 0.24  -16.00 out-in 0.24  -14.00 out-in 0.24  -12.00 out-in 0.24  -10.00 out-in 0.24  -8.00 out-in 0.25  -6.00 out-in 0.24  -4.00 out-in 0.24  -2.00 out-in 0.25  0.00 out-in 0.24  (default gain is information only)
linear reference: each position's own gain at its quiet rung's upper level, checked against the lower (must differ by 6 dB within 0.1): -0.00 -0.00 -0.00 -0.00 -0.00 -0.00 -0.00 -0.00 -0.00 -0.00 -0.00 -0.00 -0.00 -0.00 -0.00 -0.00 -0.00 -0.00 -0.00 -0.00 -0.00
reference ladder: 0 position(s) below the first rung
writes landed by: instack 21
write verify: 21 landed, 0 write_unlanded (skipped), in-stack read already matched on 21 of 21, pump slices total 21, longest confirm 2.6 ms, re-rendered 0
hold doubled at positions: none
still moving AFTER doubling (reading not used): none

pos   norm      display        red@-24  red@-12  red@-6    T(peak)   T-display
  0  0.0000    0.0            -0.00    -0.00    -0.00          --          
  1  0.0500    0.5            -0.00    -0.00    -0.00          --          
  2  0.1000    1.0            -0.00    -0.00    -0.00          --          
  3  0.1500    1.5            -0.00     0.14     0.55          --          
  4  0.2000    2.0             0.00     0.58     1.07          --          
  5  0.2500    2.5             0.05     0.84     1.29          --          
  6  0.3000    3.0             0.13     1.04     1.44          --          
  7  0.3500    3.5             0.23     1.17     1.53          --          
  8  0.4000    4.0             0.26     1.20     1.55          --          
  9  0.4500    4.5             0.29     1.24     1.57          --          
 10  0.5000    5.0             0.32     1.26     1.59          --          
 11  0.5500    5.5             0.34     1.28     1.60          --          
 12  0.6000    6.0             0.35     1.29     1.61          --          
 13  0.6500    6.5             0.37     1.31     1.62          --          
 14  0.7000    7.0             0.39     1.32     1.63          --          
 15  0.7500    7.5             0.40     1.33     1.64          --          
 16  0.8000    8.0             0.42     1.34     1.65          --          
 17  0.8500    8.5             0.44     1.36     1.66          --          
 18  0.9000    9.0             0.45     1.37     1.66          --          
 19  0.9500    9.5             0.46     1.37     1.67          --          
 20  1.0000    10.0            0.46     1.37     1.67          --          

1 MAP:             certified (ratio unknown (no ratio control): no dB-equivalent map) | sense higher_is_harder | engage -60.00:none -58.00:none -56.00:none -54.00:none -52.00:none -50.00:none -48.00:none -46.00:none -44.00:none -42.00:none -40.00:none -38.00:none -36.00:none -34.00:none -32.00:none -30.00:none -28.00:none -26.00:none -24.00:none -22.00:12 -20.00:7 -18.00:6 -16.00:5 -14.00:5 -12.00:4 -10.00:4 -8.00:4 -6.00:3 -4.00:3 -2.00:3 0.00:3
2 engage drift:    null  (not a dB display)   (primary; displayLinear unset until the population decides)
   offset IQR:      null
3 displayOffsetDb: null
fixture: AudioUnit_6e665755_1.6.1.rederived.json

CANDIDATE [38] Limiter Threshold 2 - re-derived
host: EJ Map 0.1.0 / arm64 / 48k (native)
threshold: [38] Limiter Threshold 2 unit 'dBFS' (class bands_or_stages) | positions 4 (every step), one process each, levels quiet to loud
links as instantiated (recorded, not written): [46] Sidechain Link = 'Out', [47] Link = 'In'
ratio: 2 controls hold the ratio role | auto make-up disabled: no
default-threshold reference ('-3 dBFS', spec 4.7 check only):  -60.00 out-in 0.34  -58.00 out-in 0.34  -56.00 out-in 0.34  -54.00 out-in 0.34  -52.00 out-in 0.35  -50.00 out-in 0.34  -48.00 out-in 0.34  -46.00 out-in 0.35  -44.00 out-in 0.34  -42.00 out-in 0.34  -40.00 out-in 0.35  -38.00 out-in 0.34  -36.00 out-in 0.34  -34.00 out-in 0.34  -32.00 out-in 0.34  -30.00 out-in 0.35  -28.00 out-in 0.34  -26.00 out-in 0.34  -24.00 out-in 0.35  -22.00 out-in 0.34  -20.00 out-in 0.34  -18.00 out-in 0.34  -16.00 out-in 0.34  -14.00 out-in 0.34  -12.00 out-in 0.33  -10.00 out-in 0.32  -8.00 out-in 0.31  -6.00 out-in 0.29  -4.00 out-in 0.27  -2.00 out-in 0.22  0.00 out-in -0.05  (default gain is information only)
linear reference: each position's own gain at its quiet rung's upper level, checked against the lower (must differ by 6 dB within 0.1): -0.00 -0.00 -0.00 -0.00
reference ladder: 0 position(s) below the first rung
writes landed by: instack 4
write verify: 4 landed, 0 write_unlanded (skipped), in-stack read already matched on 4 of 4, pump slices total 4, longest confirm 2.6 ms, re-rendered 0
hold doubled at positions: none
still moving AFTER doubling (reading not used): none

pos   norm      display        red@-24  red@-12  red@-6    T(peak)   T-display
  0  0.0000    -15 dBFS        0.00     0.10     1.73          --          
  1  0.3333    -11 dBFS        0.00     0.05     0.44          --          
  2  0.6667    -7 dBFS        -0.00     0.02     0.09          --          
  3  1.0000    -3 dBFS        -0.00     0.01     0.05          --          

1 MAP:             certified (ratio unknown (no ratio control): no dB-equivalent map) | sense lower_is_harder | engage -60.00:none -58.00:none -56.00:none -54.00:none -52.00:none -50.00:none -48.00:none -46.00:none -44.00:none -42.00:none -40.00:none -38.00:none -36.00:none -34.00:none -32.00:none -30.00:none -28.00:none -26.00:none -24.00:none -22.00:none -20.00:none -18.00:none -16.00:none -14.00:none -12.00:none -10.00:none -8.00:0 -6.00:0 -4.00:1 -2.00:2 0.00:2
2 engage drift:    null  (not a dB display)   (primary; displayLinear unset until the population decides)
   offset IQR:      null
3 displayOffsetDb: null
fixture: AudioUnit_6e665755_1.6.1.rederived.json

  -> needs_review: 6 threshold candidates (a channel strip or multiband): no rule decides it, nobody picks

=== tone checks: Acme Opticom XLA-3
RE-DERIVED from traces (nothing measured) - Acme Opticom XLA-3 -> AudioUnit_62485258_1.10.1.rederived.json
host: EJ Map 0.1.0 / arm64 / 48k (native)
threshold: [3] Input Gain unit '' (class input_as_threshold, flags input_as_threshold) | positions 16 (16 evenly spaced), one process each, levels quiet to loud
links as instantiated (recorded, not written): [7] Stereo Link = 'On'
ratio: no control holds the ratio role | auto make-up disabled: no
default-threshold reference ('4.0', spec 4.7 check only):  -60.00 out-in 9.40  -58.00 out-in 9.41  -56.00 out-in 9.40  -54.00 out-in 9.41  -52.00 out-in 9.41  -50.00 out-in 9.40  -48.00 out-in 9.41  -46.00 out-in 9.40  -44.00 out-in 9.40  -42.00 out-in 9.40  -40.00 out-in 9.40  -38.00 out-in 9.40  -36.00 out-in 9.40  -34.00 out-in 9.40  -32.00 out-in 9.40  -30.00 out-in 9.40  -28.00 out-in 9.38  -26.00 out-in 8.70  -24.00 out-in 7.41  -22.00 out-in 5.90  -20.00 out-in 4.32  -18.00 out-in 2.69  -16.00 out-in 1.08  -14.00 out-in -0.51  -12.00 out-in -2.03  -10.00 out-in -3.44  -8.00 out-in -4.66  -6.00 out-in -5.60  -4.00 out-in -6.32  -2.00 out-in -6.89  0.00 out-in -7.33  (default gain is information only)
linear reference: each position's own gain at its quiet rung's upper level, checked against the lower (must differ by 6 dB within 0.1): -- -- 0.05 -0.02 -0.01 0.00 0.00 -0.01 -0.01 -0.00 0.00 -0.00 -0.00 -0.00 -0.00 -0.00 0.00 0.00 0.00 0.00 -0.01 -0.01 -0.01 -0.01
reference ladder: 3 position(s) below the first rung (21@-60 22@-60 23@-60)
writes landed by: instack 24
write verify: 24 landed, 0 write_unlanded (skipped), in-stack read already matched on 24 of 24, pump slices total 24, longest confirm 2.6 ms, re-rendered 0
hold doubled at positions: none
still moving AFTER doubling (reading not used): none

pos   norm      display        red@-24  red@-12  red@-6    T(peak)   T-display
  0  0.0000    0.0               --       --       --          --          
  1  0.0667    0.7               --       --       --          --          
  2  0.1333    1.3             0.01     0.16     4.01          --          
  3  0.1444    1.4             0.00     0.98     5.49          --          
  4  0.1556    1.6             0.01     2.01     6.73          --          
  5  0.1778    1.8             0.00     3.86     8.69          --          
  6  0.2000    2.0             0.01     5.38    10.19          --          
  7  0.2333    2.3             0.00     7.03    11.73          --          
  8  0.2667    2.7             0.04     8.38    12.89          --          
  9  0.3333    3.3             0.92    10.22    14.28          --          
 10  0.4000    4.0             1.99    11.44    15.01          --          
 11  0.4667    4.7             3.48    12.83    15.72          --          
 12  0.5000    5.0             4.14    13.37    15.97          --          
 13  0.5167    5.2             6.00    14.63    16.55          --          
 14  0.5333    5.3             7.47    15.36    16.91          --          
 15  0.5667    5.7             9.70    16.22    17.37          --          
 16  0.6000    6.0            11.32    16.70    17.66          --          
 17  0.6333    6.3            12.54    17.02    17.86          --          
 18  0.6667    6.7            13.47    17.25    18.02          --          
 19  0.7333    7.3            14.80    17.61    18.31          --          
 20  0.8000    8.0            15.60    17.86    18.57          --          
 21  0.8667    8.7            16.19    18.09    18.90          --          
 22  0.9333    9.3            16.40    18.19    19.08          --          
 23  1.0000    10.0           16.41    18.19    19.08          --          

1 MAP:             certified (ratio unknown (no ratio control): no dB-equivalent map) | sense higher_is_harder | engage -60.00:none -58.00:none -56.00:none -54.00:none -52.00:none -50.00:none -48.00:21 -46.00:20 -44.00:20 -42.00:19 -40.00:18 -38.00:16 -36.00:15 -34.00:15 -32.00:14 -30.00:13 -28.00:11 -26.00:10 -24.00:9 -22.00:8 -20.00:7 -18.00:6 -16.00:5 -14.00:4 -12.00:3 -10.00:2 -8.00:2 -6.00:2 -4.00:2 -2.00:2 0.00:2
2 engage drift:    null  (not a dB display)   (primary; displayLinear unset until the population decides)
   offset IQR:      null
3 displayOffsetDb: null
fixture: AudioUnit_62485258_1.10.1.rederived.json
  -> needs_review: export written (derive-only: the tone check was not run, nothing loaded); would be tone-checked by the follow-up

=== tone checks: Solid Dynamics
REDERIVE: no traces for candidate 12
  re-derivation did not complete; the existing record is used
  -> needs_review: export written (derive-only: the tone check was not run, nothing loaded); would be tone-checked by the follow-up
OUTCOMES (~/scratch/proj/cert/outcomes.json): 181 rows - exported 0, recorded 6, refused 18, held 45, needs_review 83, quarantined_at_scan 2, needs_licence 10, multiband 15, surround 2

TONECHECK-ALL: 45 re-checked, 0 already at v1.7 (skipped), 0 needs_licence, 14 not exported now, 0 without traces
review sheet: ~/scratch/proj/cert/review_sheet.txt
        7.54 real         5.78 user         0.78 sys
