=== [27] MDynamicsMB   13:27:23   ilok=[0x01130000 / 2]   power='AC Power'
  sweeping MDynamicsMB candidate [16] Band 1 -> Threshold (unseen version 14.16.0: defaults sampled first) - 1 reference + 16 position processes
  sweeping MDynamicsMB candidate [24] Band 2 -> Threshold (unseen version 14.16.0: defaults sampled first) - 1 reference + 16 position processes
  sweeping MDynamicsMB candidate [32] Band 3 -> Threshold (unseen version 14.16.0: defaults sampled first) - 1 reference + 16 position processes
  sweeping MDynamicsMB candidate [40] Band 4 -> Threshold (unseen version 14.16.0: defaults sampled first) - 1 reference + 16 position processes
  sweeping MDynamicsMB candidate [109] Band 1 - Gate - Threshold (unseen version 14.16.0: defaults sampled first) - 1 reference + 16 position processes
  sweeping MDynamicsMB candidate [114] Band 1 - Processor 1 - Threshold (unseen version 14.16.0: defaults sampled first) - 1 reference + 16 position processes
  sweeping MDynamicsMB candidate [119] Band 1 - Processor 2 - Threshold (unseen version 14.16.0: defaults sampled first) - 1 reference + 16 position processes
  sweeping MDynamicsMB candidate [138] Band 2 - Gate - Threshold (unseen version 14.16.0: defaults sampled first) - 1 reference + 16 position processes
  sweeping MDynamicsMB candidate [143] Band 2 - Processor 1 - Threshold (unseen version 14.16.0: defaults sampled first) - 1 reference + 16 position processes
  sweeping MDynamicsMB candidate [148] Band 2 - Processor 2 - Threshold (unseen version 14.16.0: defaults sampled first) - 1 reference + 16 position processes
  sweeping MDynamicsMB candidate [167] Band 3 - Gate - Threshold (unseen version 14.16.0: defaults sampled first) - 1 reference + 16 position processes
  sweeping MDynamicsMB candidate [172] Band 3 - Processor 1 - Threshold (unseen version 14.16.0: defaults sampled first) - 1 reference + 16 position processes
  sweeping MDynamicsMB candidate [177] Band 3 - Processor 2 - Threshold (unseen version 14.16.0: defaults sampled first) - 1 reference + 16 position processes
  sweeping MDynamicsMB candidate [196] Band 4 - Gate - Threshold (unseen version 14.16.0: defaults sampled first) - 1 reference + 16 position processes
  sweeping MDynamicsMB candidate [201] Band 4 - Processor 1 - Threshold (unseen version 14.16.0: defaults sampled first) - 1 reference + 16 position processes
  sweeping MDynamicsMB candidate [206] Band 4 - Processor 2 - Threshold (unseen version 14.16.0: defaults sampled first) - 1 reference + 16 position processes
  sweeping MDynamicsMB candidate [225] Band 5 - Gate - Threshold (unseen version 14.16.0: defaults sampled first) - 1 reference + 16 position processes
  sweeping MDynamicsMB candidate [230] Band 5 - Processor 1 - Threshold (unseen version 14.16.0: defaults sampled first) - 1 reference + 16 position processes
  sweeping MDynamicsMB candidate [235] Band 5 - Processor 2 - Threshold (unseen version 14.16.0: defaults sampled first) - 1 reference + 16 position processes
  sweeping MDynamicsMB candidate [254] Band 6 - Gate - Threshold (unseen version 14.16.0: defaults sampled first) - 1 reference + 16 position processes
  sweeping MDynamicsMB candidate [259] Band 6 - Processor 1 - Threshold (unseen version 14.16.0: defaults sampled first) - 1 reference + 16 position processes
  sweeping MDynamicsMB candidate [264] Band 6 - Processor 2 - Threshold (unseen version 14.16.0: defaults sampled first) - 1 reference + 16 position processes
CANDIDATE [16] Band 1 -> Threshold (flags ) - MDynamicsMB (class bands_or_stages, 22 candidates; the others at their instantiate defaults)
probe: signed EchoJayProbe (feat/ejmap-cert), team 8BT5F9B887, cdhash 06b9a8eb323f17699292139ef27f6206075e8958
host: EJ Map 0.1.0 / arm64 / 48k (native)
threshold: [16] Band 1 -> Threshold unit 'dB' (class bands_or_stages) | positions 16 (16 evenly spaced), one process each, levels quiet to loud
links as instantiated (recorded, not written): [100] Band 1 - General parameters - Link channels = '100.0%', [129] Band 2 - General parameters - Link channels = '100.0%', [158] Band 3 - General parameters - Link channels = '100.0%', [187] Band 4 - General parameters - Link channels = '100.0%', [216] Band 5 - General parameters - Link channels = '100.0%', [245] Band 6 - General parameters - Link channels = '100.0%'
ratio: 16 controls hold the ratio role | auto make-up disabled: no
default-threshold reference ('-20.0 dB', spec 4.7 check only):  -24.00 out-in 0.00  -12.00 out-in 0.00  -6.00 out-in -2.99  (default gain is information only)
linear reference (soft end): none
writes landed by: instack 16
processes: 377 run, 0 retried, 0 position(s) failed
write verify: 16 landed, 0 write_unlanded (skipped), in-stack read already matched on 16 of 16, pump slices total 16, longest confirm 3.1 ms, re-rendered 0
hold doubled at positions: none
still moving AFTER doubling (reading not used): none

pos   norm      display        red@-24  red@-12  red@-6    T(peak)   T-display
  0  0.0000    -80.0 dB          --       --       --          --          
  1  0.0667    -44.8 dB          --       --       --          --          
  2  0.1333    -33.9 dB          --       --       --          --          
  3  0.2000    -27.3 dB          --       --       --          --          
  4  0.2667    -22.5 dB          --       --       --          --          
  5  0.3333    -18.7 dB          --       --       --          --          
  6  0.4000    -15.7 dB          --       --       --          --          
  7  0.4667    -13.0 dB          --       --       --          --          
  8  0.5333    -10.8 dB          --       --       --          --          
  9  0.6000    -8.76 dB          --       --       --          --          
 10  0.6667    -6.96 dB          --       --       --          --          
 11  0.7333    -5.32 dB          --       --       --          --          
 12  0.8000    -3.83 dB          --       --       --          --          
 13  0.8667    -2.46 dB          --       --       --          --          
 14  0.9333    -1.19 dB          --       --       --          --          
 15  1.0000    0.00 dB           --       --       --          --          

1 MAP:             flat (the ends differ by no more than 1 dB at every test level) | sense -- | engage -24.00:none -12.00:none -6.00:none
2 engage drift:    null  (not a dB display)   (primary; displayLinear unset until the population decides)
   offset IQR:      null
3 displayOffsetDb: null
fixture: AudioUnit_6151642a_14.16.0.json

CANDIDATE [24] Band 2 -> Threshold (flags ) - MDynamicsMB (class bands_or_stages, 22 candidates; the others at their instantiate defaults)
probe: signed EchoJayProbe (feat/ejmap-cert), team 8BT5F9B887, cdhash 06b9a8eb323f17699292139ef27f6206075e8958
host: EJ Map 0.1.0 / arm64 / 48k (native)
threshold: [24] Band 2 -> Threshold unit 'dB' (class bands_or_stages) | positions 16 (16 evenly spaced), one process each, levels quiet to loud
links as instantiated (recorded, not written): [100] Band 1 - General parameters - Link channels = '100.0%', [129] Band 2 - General parameters - Link channels = '100.0%', [158] Band 3 - General parameters - Link channels = '100.0%', [187] Band 4 - General parameters - Link channels = '100.0%', [216] Band 5 - General parameters - Link channels = '100.0%', [245] Band 6 - General parameters - Link channels = '100.0%'
ratio: 16 controls hold the ratio role | auto make-up disabled: no
default-threshold reference ('-20.0 dB', spec 4.7 check only):  -24.00 out-in 0.00  -12.00 out-in 0.00  -6.00 out-in -2.99  (default gain is information only)
linear reference (soft end, position 15):  -24.00 0.00  -12.00 0.00  -6.00 -1.35  | spread 1.35 dB (unusable beyond 2.0)
writes landed by: instack 16
processes: 377 run, 0 retried, 0 position(s) failed
write verify: 16 landed, 0 write_unlanded (skipped), in-stack read already matched on 16 of 16, pump slices total 16, longest confirm 3.1 ms, re-rendered 0
hold doubled at positions: none
still moving AFTER doubling (reading not used): none

pos   norm      display        red@-24  red@-12  red@-6    T(peak)   T-display
  0  0.0000    -80.0 dB        5.84     5.92     7.50          --          
  1  0.0667    -44.8 dB        3.25     4.65     6.21          --          
  2  0.1333    -33.9 dB        0.32     3.21     4.86          --          
  3  0.2000    -27.3 dB        0.00     1.80     3.56          --          
  4  0.2667    -22.5 dB        0.00     0.47     2.36          --          
  5  0.3333    -18.7 dB        0.00     0.00     1.25          --          
  6  0.4000    -15.7 dB        0.00     0.00     5.14          --          
  7  0.4667    -13.0 dB        0.00     0.00     0.00          --          
  8  0.5333    -10.8 dB        0.00     0.00     0.00          --          
  9  0.6000    -8.76 dB        0.00     0.00     0.00          --          
 10  0.6667    -6.96 dB        0.00     0.00     0.00          --          
 11  0.7333    -5.32 dB        0.00     0.00     4.91          --          
 12  0.8000    -3.83 dB        0.00     0.00     0.00          --          
 13  0.8667    -2.46 dB        0.00     0.00     0.00          --          
 14  0.9333    -1.19 dB        0.00     0.00     0.00          --          
 15  1.0000    0.00 dB         0.00     0.00     0.00          --          

1 MAP:             nonmonotonic (reduction falls by more than 0.5 dB walking from the softer end (position 10 at -6.00)) | sense lower_is_harder | engage -24.00:1 -12.00:3 -6.00:11
2 engage drift:    25.73  -12.00:-9.24  -24.00:16.50  -6.00:2.02   (primary; displayLinear unset until the population decides)
   offset IQR:      null
3 displayOffsetDb: null
fixture: AudioUnit_6151642a_14.16.0.json

CANDIDATE [32] Band 3 -> Threshold (flags ) - MDynamicsMB (class bands_or_stages, 22 candidates; the others at their instantiate defaults)
probe: signed EchoJayProbe (feat/ejmap-cert), team 8BT5F9B887, cdhash 06b9a8eb323f17699292139ef27f6206075e8958
host: EJ Map 0.1.0 / arm64 / 48k (native)
threshold: [32] Band 3 -> Threshold unit 'dB' (class bands_or_stages) | positions 16 (16 evenly spaced), one process each, levels quiet to loud
links as instantiated (recorded, not written): [100] Band 1 - General parameters - Link channels = '100.0%', [129] Band 2 - General parameters - Link channels = '100.0%', [158] Band 3 - General parameters - Link channels = '100.0%', [187] Band 4 - General parameters - Link channels = '100.0%', [216] Band 5 - General parameters - Link channels = '100.0%', [245] Band 6 - General parameters - Link channels = '100.0%'
ratio: 16 controls hold the ratio role | auto make-up disabled: no
default-threshold reference ('-20.0 dB', spec 4.7 check only):  -24.00 out-in 0.00  -12.00 out-in 0.00  -6.00 out-in -2.99  (default gain is information only)
linear reference (soft end, position 15):  -24.00 0.00  -12.00 0.00  -6.00 -1.39  | spread 1.39 dB (unusable beyond 2.0)
writes landed by: instack 16
processes: 377 run, 0 retried, 0 position(s) failed
write verify: 16 landed, 0 write_unlanded (skipped), in-stack read already matched on 16 of 16, pump slices total 16, longest confirm 3.1 ms, re-rendered 0
hold doubled at positions: none
still moving AFTER doubling (reading not used): none

pos   norm      display        red@-24  red@-12  red@-6    T(peak)   T-display
  0  0.0000    -80.0 dB        5.76     5.83     7.42          --          
  1  0.0667    -44.8 dB        3.19     4.58     6.15          --          
  2  0.1333    -33.9 dB        0.29     3.16     4.80          --          
  3  0.2000    -27.3 dB        0.00     1.76     3.52          --          
  4  0.2667    -22.5 dB        0.00     0.44     2.32          --          
  5  0.3333    -18.7 dB        0.00     0.00     1.22          --          
  6  0.4000    -15.7 dB        0.00     0.00     0.20          --          
  7  0.4667    -13.0 dB        0.00     0.00     0.00          --          
  8  0.5333    -10.8 dB        0.00     0.00     4.91          --          
  9  0.6000    -8.76 dB        0.00     0.00     0.00          --          
 10  0.6667    -6.96 dB        0.00     0.00     0.00          --          
 11  0.7333    -5.32 dB        0.00     0.00     4.91          --          
 12  0.8000    -3.83 dB        0.00     0.00     0.00          --          
 13  0.8667    -2.46 dB        0.00     0.00     0.00          --          
 14  0.9333    -1.19 dB        0.00     0.00     0.00          --          
 15  1.0000    0.00 dB         0.00     0.00     0.00          --          

1 MAP:             nonmonotonic (reduction falls by more than 0.5 dB walking from the softer end (position 10 at -6.00)) | sense lower_is_harder | engage -24.00:1 -12.00:3 -6.00:11
2 engage drift:    25.53  -12.00:-9.38  -24.00:16.15  -6.00:2.02   (primary; displayLinear unset until the population decides)
   offset IQR:      null
3 displayOffsetDb: null
fixture: AudioUnit_6151642a_14.16.0.json

CANDIDATE [40] Band 4 -> Threshold (flags ) - MDynamicsMB (class bands_or_stages, 22 candidates; the others at their instantiate defaults)
probe: signed EchoJayProbe (feat/ejmap-cert), team 8BT5F9B887, cdhash 06b9a8eb323f17699292139ef27f6206075e8958
host: EJ Map 0.1.0 / arm64 / 48k (native)
threshold: [40] Band 4 -> Threshold unit 'dB' (class bands_or_stages) | positions 16 (16 evenly spaced), one process each, levels quiet to loud
links as instantiated (recorded, not written): [100] Band 1 - General parameters - Link channels = '100.0%', [129] Band 2 - General parameters - Link channels = '100.0%', [158] Band 3 - General parameters - Link channels = '100.0%', [187] Band 4 - General parameters - Link channels = '100.0%', [216] Band 5 - General parameters - Link channels = '100.0%', [245] Band 6 - General parameters - Link channels = '100.0%'
ratio: 16 controls hold the ratio role | auto make-up disabled: no
default-threshold reference ('-20.0 dB', spec 4.7 check only):  -24.00 out-in 0.00  -12.00 out-in 0.00  -6.00 out-in -2.99  (default gain is information only)
linear reference (soft end): none
writes landed by: instack 16
processes: 377 run, 0 retried, 0 position(s) failed
write verify: 16 landed, 0 write_unlanded (skipped), in-stack read already matched on 16 of 16, pump slices total 16, longest confirm 3.1 ms, re-rendered 0
hold doubled at positions: none
still moving AFTER doubling (reading not used): none

pos   norm      display        red@-24  red@-12  red@-6    T(peak)   T-display
  0  0.0000    -80.0 dB          --       --       --          --          
  1  0.0667    -44.8 dB          --       --       --          --          
  2  0.1333    -33.9 dB          --       --       --          --          
  3  0.2000    -27.3 dB          --       --       --          --          
  4  0.2667    -22.5 dB          --       --       --          --          
  5  0.3333    -18.7 dB          --       --       --          --          
  6  0.4000    -15.7 dB          --       --       --          --          
  7  0.4667    -13.0 dB          --       --       --          --          
  8  0.5333    -10.8 dB          --       --       --          --          
  9  0.6000    -8.76 dB          --       --       --          --          
 10  0.6667    -6.96 dB          --       --       --          --          
 11  0.7333    -5.32 dB          --       --       --          --          
 12  0.8000    -3.83 dB          --       --       --          --          
 13  0.8667    -2.46 dB          --       --       --          --          
 14  0.9333    -1.19 dB          --       --       --          --          
 15  1.0000    0.00 dB           --       --       --          --          

1 MAP:             flat (the ends differ by no more than 1 dB at every test level) | sense -- | engage -24.00:none -12.00:none -6.00:none
2 engage drift:    null  (not a dB display)   (primary; displayLinear unset until the population decides)
   offset IQR:      null
3 displayOffsetDb: null
fixture: AudioUnit_6151642a_14.16.0.json

CANDIDATE [109] Band 1 - Gate - Threshold (flags ) - MDynamicsMB (class bands_or_stages, 22 candidates; the others at their instantiate defaults)
probe: signed EchoJayProbe (feat/ejmap-cert), team 8BT5F9B887, cdhash 06b9a8eb323f17699292139ef27f6206075e8958
host: EJ Map 0.1.0 / arm64 / 48k (native)
threshold: [109] Band 1 - Gate - Threshold unit 'dB' (class bands_or_stages) | positions 16 (16 evenly spaced), one process each, levels quiet to loud
links as instantiated (recorded, not written): [100] Band 1 - General parameters - Link channels = '100.0%', [129] Band 2 - General parameters - Link channels = '100.0%', [158] Band 3 - General parameters - Link channels = '100.0%', [187] Band 4 - General parameters - Link channels = '100.0%', [216] Band 5 - General parameters - Link channels = '100.0%', [245] Band 6 - General parameters - Link channels = '100.0%'
ratio: 16 controls hold the ratio role | auto make-up disabled: no
default-threshold reference ('-28.0 dB', spec 4.7 check only):  -24.00 out-in 0.00  -12.00 out-in 0.00  -6.00 out-in -35.73  (default gain is information only)
linear reference (soft end): none
writes landed by: instack 16
processes: 377 run, 0 retried, 0 position(s) failed
write verify: 16 landed, 0 write_unlanded (skipped), in-stack read already matched on 16 of 16, pump slices total 16, longest confirm 3.1 ms, re-rendered 0
hold doubled at positions: none
still moving AFTER doubling (reading not used): none

pos   norm      display        red@-24  red@-12  red@-6    T(peak)   T-display
  0  0.0000    -80.0 dB          --       --       --          --          
  1  0.0667    -44.8 dB          --       --       --          --          
  2  0.1333    -33.9 dB          --       --       --          --          
  3  0.2000    -27.3 dB          --       --       --          --          
  4  0.2667    -22.5 dB          --       --       --          --          
  5  0.3333    -18.7 dB          --       --       --          --          
  6  0.4000    -15.7 dB          --       --       --          --          
  7  0.4667    -13.0 dB          --       --       --          --          
  8  0.5333    -10.8 dB          --       --       --          --          
  9  0.6000    -8.76 dB          --       --       --          --          
 10  0.6667    -6.96 dB          --       --       --          --          
 11  0.7333    -5.32 dB          --       --       --          --          
 12  0.8000    -3.83 dB          --       --       --          --          
 13  0.8667    -2.46 dB          --       --       --          --          
 14  0.9333    -1.19 dB          --       --       --          --          
 15  1.0000    0.00 dB           --       --       --          --          

1 MAP:             flat (the ends differ by no more than 1 dB at every test level) | sense -- | engage -24.00:none -12.00:none -6.00:none
2 engage drift:    null  (not a dB display)   (primary; displayLinear unset until the population decides)
   offset IQR:      null
3 displayOffsetDb: null
NOT LICENSED suspected (silent, non-finite or not the input's tone at default): output at -6.00 is 0.0% the input's tone; no thresholdSweep written

CANDIDATE [114] Band 1 - Processor 1 - Threshold (flags ) - MDynamicsMB (class bands_or_stages, 22 candidates; the others at their instantiate defaults)
probe: signed EchoJayProbe (feat/ejmap-cert), team 8BT5F9B887, cdhash 06b9a8eb323f17699292139ef27f6206075e8958
host: EJ Map 0.1.0 / arm64 / 48k (native)
threshold: [114] Band 1 - Processor 1 - Threshold unit 'dB' (class bands_or_stages) | positions 16 (16 evenly spaced), one process each, levels quiet to loud
links as instantiated (recorded, not written): [100] Band 1 - General parameters - Link channels = '100.0%', [129] Band 2 - General parameters - Link channels = '100.0%', [158] Band 3 - General parameters - Link channels = '100.0%', [187] Band 4 - General parameters - Link channels = '100.0%', [216] Band 5 - General parameters - Link channels = '100.0%', [245] Band 6 - General parameters - Link channels = '100.0%'
ratio: 16 controls hold the ratio role | auto make-up disabled: no
default-threshold reference ('-20.0 dB', spec 4.7 check only):  -24.00 out-in 0.00  -12.00 out-in 0.00  -6.00 out-in -2.99  (default gain is information only)
linear reference (soft end): none
writes landed by: instack 16
processes: 377 run, 0 retried, 0 position(s) failed
write verify: 16 landed, 0 write_unlanded (skipped), in-stack read already matched on 16 of 16, pump slices total 16, longest confirm 3.1 ms, re-rendered 0
hold doubled at positions: none
still moving AFTER doubling (reading not used): none

pos   norm      display        red@-24  red@-12  red@-6    T(peak)   T-display
  0  0.0000    -80.0 dB          --       --       --          --          
  1  0.0667    -44.8 dB          --       --       --          --          
  2  0.1333    -33.9 dB          --       --       --          --          
  3  0.2000    -27.3 dB          --       --       --          --          
  4  0.2667    -22.5 dB          --       --       --          --          
  5  0.3333    -18.7 dB          --       --       --          --          
  6  0.4000    -15.7 dB          --       --       --          --          
  7  0.4667    -13.0 dB          --       --       --          --          
  8  0.5333    -10.8 dB          --       --       --          --          
  9  0.6000    -8.76 dB          --       --       --          --          
 10  0.6667    -6.96 dB          --       --       --          --          
 11  0.7333    -5.32 dB          --       --       --          --          
 12  0.8000    -3.83 dB          --       --       --          --          
 13  0.8667    -2.46 dB          --       --       --          --          
 14  0.9333    -1.19 dB          --       --       --          --          
 15  1.0000    0.00 dB           --       --       --          --          

1 MAP:             flat (the ends differ by no more than 1 dB at every test level) | sense -- | engage -24.00:none -12.00:none -6.00:none
2 engage drift:    null  (not a dB display)   (primary; displayLinear unset until the population decides)
   offset IQR:      null
3 displayOffsetDb: null
fixture: AudioUnit_6151642a_14.16.0.json

CANDIDATE [119] Band 1 - Processor 2 - Threshold (flags ) - MDynamicsMB (class bands_or_stages, 22 candidates; the others at their instantiate defaults)
probe: signed EchoJayProbe (feat/ejmap-cert), team 8BT5F9B887, cdhash 06b9a8eb323f17699292139ef27f6206075e8958
host: EJ Map 0.1.0 / arm64 / 48k (native)
threshold: [119] Band 1 - Processor 2 - Threshold unit 'dB' (class bands_or_stages) | positions 16 (16 evenly spaced), one process each, levels quiet to loud
links as instantiated (recorded, not written): [100] Band 1 - General parameters - Link channels = '100.0%', [129] Band 2 - General parameters - Link channels = '100.0%', [158] Band 3 - General parameters - Link channels = '100.0%', [187] Band 4 - General parameters - Link channels = '100.0%', [216] Band 5 - General parameters - Link channels = '100.0%', [245] Band 6 - General parameters - Link channels = '100.0%'
ratio: 16 controls hold the ratio role | auto make-up disabled: no
default-threshold reference ('-24.1 dB', spec 4.7 check only):  -24.00 out-in 0.00  -12.00 out-in 0.00  -6.00 out-in -2.99  (default gain is information only)
linear reference (soft end): none
writes landed by: instack 16
processes: 377 run, 0 retried, 0 position(s) failed
write verify: 16 landed, 0 write_unlanded (skipped), in-stack read already matched on 16 of 16, pump slices total 16, longest confirm 3.1 ms, re-rendered 0
hold doubled at positions: none
still moving AFTER doubling (reading not used): none

pos   norm      display        red@-24  red@-12  red@-6    T(peak)   T-display
  0  0.0000    -80.0 dB          --       --       --          --          
  1  0.0667    -44.8 dB          --       --       --          --          
  2  0.1333    -33.9 dB          --       --       --          --          
  3  0.2000    -27.3 dB          --       --       --          --          
  4  0.2667    -22.5 dB          --       --       --          --          
  5  0.3333    -18.7 dB          --       --       --          --          
  6  0.4000    -15.7 dB          --       --       --          --          
  7  0.4667    -13.0 dB          --       --       --          --          
  8  0.5333    -10.8 dB          --       --       --          --          
  9  0.6000    -8.76 dB          --       --       --          --          
 10  0.6667    -6.96 dB          --       --       --          --          
 11  0.7333    -5.32 dB          --       --       --          --          
 12  0.8000    -3.83 dB          --       --       --          --          
 13  0.8667    -2.46 dB          --       --       --          --          
 14  0.9333    -1.19 dB          --       --       --          --          
 15  1.0000    0.00 dB           --       --       --          --          

1 MAP:             flat (the ends differ by no more than 1 dB at every test level) | sense -- | engage -24.00:none -12.00:none -6.00:none
2 engage drift:    null  (not a dB display)   (primary; displayLinear unset until the population decides)
   offset IQR:      null
3 displayOffsetDb: null
fixture: AudioUnit_6151642a_14.16.0.json

CANDIDATE [138] Band 2 - Gate - Threshold (flags ) - MDynamicsMB (class bands_or_stages, 22 candidates; the others at their instantiate defaults)
probe: signed EchoJayProbe (feat/ejmap-cert), team 8BT5F9B887, cdhash 06b9a8eb323f17699292139ef27f6206075e8958
host: EJ Map 0.1.0 / arm64 / 48k (native)
threshold: [138] Band 2 - Gate - Threshold unit 'dB' (class bands_or_stages) | positions 16 (16 evenly spaced), one process each, levels quiet to loud
links as instantiated (recorded, not written): [100] Band 1 - General parameters - Link channels = '100.0%', [129] Band 2 - General parameters - Link channels = '100.0%', [158] Band 3 - General parameters - Link channels = '100.0%', [187] Band 4 - General parameters - Link channels = '100.0%', [216] Band 5 - General parameters - Link channels = '100.0%', [245] Band 6 - General parameters - Link channels = '100.0%'
ratio: 16 controls hold the ratio role | auto make-up disabled: no
default-threshold reference ('-28.0 dB', spec 4.7 check only):  -24.00 out-in 0.00  -12.00 out-in 0.00  -6.00 out-in -2.99  (default gain is information only)
linear reference (soft end): none
writes landed by: instack 16
processes: 377 run, 0 retried, 0 position(s) failed
write verify: 16 landed, 0 write_unlanded (skipped), in-stack read already matched on 16 of 16, pump slices total 16, longest confirm 3.1 ms, re-rendered 0
hold doubled at positions: none
still moving AFTER doubling (reading not used): none

pos   norm      display        red@-24  red@-12  red@-6    T(peak)   T-display
  0  0.0000    -80.0 dB          --       --       --          --          
  1  0.0667    -44.8 dB          --       --       --          --          
  2  0.1333    -33.9 dB          --       --       --          --          
  3  0.2000    -27.3 dB          --       --       --          --          
  4  0.2667    -22.5 dB          --       --       --          --          
  5  0.3333    -18.7 dB          --       --       --          --          
  6  0.4000    -15.7 dB          --       --       --          --          
  7  0.4667    -13.0 dB          --       --       --          --          
  8  0.5333    -10.8 dB          --       --       --          --          
  9  0.6000    -8.76 dB          --       --       --          --          
 10  0.6667    -6.96 dB          --       --       --          --          
 11  0.7333    -5.32 dB          --       --       --          --          
 12  0.8000    -3.83 dB          --       --       --          --          
 13  0.8667    -2.46 dB          --       --       --          --          
 14  0.9333    -1.19 dB          --       --       --          --          
 15  1.0000    0.00 dB           --       --       --          --          

1 MAP:             flat (the ends differ by no more than 1 dB at every test level) | sense -- | engage -24.00:none -12.00:none -6.00:none
2 engage drift:    null  (not a dB display)   (primary; displayLinear unset until the population decides)
   offset IQR:      null
3 displayOffsetDb: null
fixture: AudioUnit_6151642a_14.16.0.json

CANDIDATE [143] Band 2 - Processor 1 - Threshold (flags ) - MDynamicsMB (class bands_or_stages, 22 candidates; the others at their instantiate defaults)
probe: signed EchoJayProbe (feat/ejmap-cert), team 8BT5F9B887, cdhash 06b9a8eb323f17699292139ef27f6206075e8958
host: EJ Map 0.1.0 / arm64 / 48k (native)
threshold: [143] Band 2 - Processor 1 - Threshold unit 'dB' (class bands_or_stages) | positions 16 (16 evenly spaced), one process each, levels quiet to loud
links as instantiated (recorded, not written): [100] Band 1 - General parameters - Link channels = '100.0%', [129] Band 2 - General parameters - Link channels = '100.0%', [158] Band 3 - General parameters - Link channels = '100.0%', [187] Band 4 - General parameters - Link channels = '100.0%', [216] Band 5 - General parameters - Link channels = '100.0%', [245] Band 6 - General parameters - Link channels = '100.0%'
ratio: 16 controls hold the ratio role | auto make-up disabled: no
default-threshold reference ('-20.0 dB', spec 4.7 check only):  -24.00 out-in 0.00  -12.00 out-in 0.00  -6.00 out-in -2.99  (default gain is information only)
linear reference (soft end, position 15):  -24.00 0.00  -12.00 0.00  -6.00 -1.35  | spread 1.35 dB (unusable beyond 2.0)
writes landed by: instack 16
processes: 377 run, 0 retried, 0 position(s) failed
write verify: 16 landed, 0 write_unlanded (skipped), in-stack read already matched on 16 of 16, pump slices total 16, longest confirm 3.1 ms, re-rendered 0
hold doubled at positions: none
still moving AFTER doubling (reading not used): none

pos   norm      display        red@-24  red@-12  red@-6    T(peak)   T-display
  0  0.0000    -80.0 dB        5.84     5.92     7.50          --          
  1  0.0667    -44.8 dB        3.25     4.65     6.21          --          
  2  0.1333    -33.9 dB        0.32     3.21    34.42          --          
  3  0.2000    -27.3 dB        0.00     1.80     3.56          --          
  4  0.2667    -22.5 dB        0.00     0.47     2.36          --          
  5  0.3333    -18.7 dB        0.00     0.00     1.25          --          
  6  0.4000    -15.7 dB        0.00     0.00     0.23          --          
  7  0.4667    -13.0 dB        0.00     0.00    34.43          --          
  8  0.5333    -10.8 dB        0.00     0.00     0.00          --          
  9  0.6000    -8.76 dB        0.00     0.00     0.00          --          
 10  0.6667    -6.96 dB        0.00     0.00     0.00          --          
 11  0.7333    -5.32 dB        0.00     0.00     0.00          --          
 12  0.8000    -3.83 dB        0.00     0.00     0.00          --          
 13  0.8667    -2.46 dB        0.00     0.00     0.00          --          
 14  0.9333    -1.19 dB        0.00     0.00     0.00          --          
 15  1.0000    0.00 dB         0.00     0.00     0.00          --          

1 MAP:             nonmonotonic (reduction falls by more than 0.5 dB walking from the softer end (position 6 at -6.00)) | sense lower_is_harder | engage -24.00:1 -12.00:3 -6.00:7
2 engage drift:    25.73  -12.00:-9.24  -24.00:16.50  -6.00:-4.83   (primary; displayLinear unset until the population decides)
   offset IQR:      null
3 displayOffsetDb: null
fixture: AudioUnit_6151642a_14.16.0.json

CANDIDATE [148] Band 2 - Processor 2 - Threshold (flags ) - MDynamicsMB (class bands_or_stages, 22 candidates; the others at their instantiate defaults)
probe: signed EchoJayProbe (feat/ejmap-cert), team 8BT5F9B887, cdhash 06b9a8eb323f17699292139ef27f6206075e8958
host: EJ Map 0.1.0 / arm64 / 48k (native)
threshold: [148] Band 2 - Processor 2 - Threshold unit 'dB' (class bands_or_stages) | positions 16 (16 evenly spaced), one process each, levels quiet to loud
links as instantiated (recorded, not written): [100] Band 1 - General parameters - Link channels = '100.0%', [129] Band 2 - General parameters - Link channels = '100.0%', [158] Band 3 - General parameters - Link channels = '100.0%', [187] Band 4 - General parameters - Link channels = '100.0%', [216] Band 5 - General parameters - Link channels = '100.0%', [245] Band 6 - General parameters - Link channels = '100.0%'
ratio: 16 controls hold the ratio role | auto make-up disabled: no
default-threshold reference ('-24.1 dB', spec 4.7 check only):  -24.00 out-in 0.00  -12.00 out-in -29.77  -6.00 out-in -35.75  (default gain is information only)
linear reference (soft end): none
writes landed by: instack 16
processes: 377 run, 0 retried, 0 position(s) failed
write verify: 16 landed, 0 write_unlanded (skipped), in-stack read already matched on 16 of 16, pump slices total 16, longest confirm 3.1 ms, re-rendered 0
hold doubled at positions: none
still moving AFTER doubling (reading not used): none

pos   norm      display        red@-24  red@-12  red@-6    T(peak)   T-display
  0  0.0000    -80.0 dB          --       --       --          --          
  1  0.0667    -44.8 dB          --       --       --          --          
  2  0.1333    -33.9 dB          --       --       --          --          
  3  0.2000    -27.3 dB          --       --       --          --          
  4  0.2667    -22.5 dB          --       --       --          --          
  5  0.3333    -18.7 dB          --       --       --          --          
  6  0.4000    -15.7 dB          --       --       --          --          
  7  0.4667    -13.0 dB          --       --       --          --          
  8  0.5333    -10.8 dB          --       --       --          --          
  9  0.6000    -8.76 dB          --       --       --          --          
 10  0.6667    -6.96 dB          --       --       --          --          
 11  0.7333    -5.32 dB          --       --       --          --          
 12  0.8000    -3.83 dB          --       --       --          --          
 13  0.8667    -2.46 dB          --       --       --          --          
 14  0.9333    -1.19 dB          --       --       --          --          
 15  1.0000    0.00 dB           --       --       --          --          

1 MAP:             flat (the ends differ by no more than 1 dB at every test level) | sense -- | engage -24.00:none -12.00:none -6.00:none
2 engage drift:    null  (not a dB display)   (primary; displayLinear unset until the population decides)
   offset IQR:      null
3 displayOffsetDb: null
NOT LICENSED suspected (silent, non-finite or not the input's tone at default): output at -12.00 is 0.0% the input's tone; output at -6.00 is 0.0% the input's tone; no thresholdSweep written

CANDIDATE [167] Band 3 - Gate - Threshold (flags ) - MDynamicsMB (class bands_or_stages, 22 candidates; the others at their instantiate defaults)
probe: signed EchoJayProbe (feat/ejmap-cert), team 8BT5F9B887, cdhash 06b9a8eb323f17699292139ef27f6206075e8958
host: EJ Map 0.1.0 / arm64 / 48k (native)
threshold: [167] Band 3 - Gate - Threshold unit 'dB' (class bands_or_stages) | positions 16 (16 evenly spaced), one process each, levels quiet to loud
links as instantiated (recorded, not written): [100] Band 1 - General parameters - Link channels = '100.0%', [129] Band 2 - General parameters - Link channels = '100.0%', [158] Band 3 - General parameters - Link channels = '100.0%', [187] Band 4 - General parameters - Link channels = '100.0%', [216] Band 5 - General parameters - Link channels = '100.0%', [245] Band 6 - General parameters - Link channels = '100.0%'
ratio: 16 controls hold the ratio role | auto make-up disabled: no
default-threshold reference ('-28.0 dB', spec 4.7 check only):  -24.00 out-in 0.00  -12.00 out-in 0.00  -6.00 out-in -2.99  (default gain is information only)
linear reference (soft end, position 15):  -24.00 0.00  -12.00 0.00  -6.00 -2.99  | spread 2.99 dB (unusable beyond 2.0)
writes landed by: instack 16
processes: 377 run, 0 retried, 0 position(s) failed
write verify: 16 landed, 0 write_unlanded (skipped), in-stack read already matched on 16 of 16, pump slices total 16, longest confirm 3.2 ms, re-rendered 0
hold doubled at positions: none
still moving AFTER doubling (reading not used): none

pos   norm      display        red@-24  red@-12  red@-6    T(peak)   T-display
  0  0.0000    -80.0 dB          --       --       --          --          
  1  0.0667    -44.8 dB          --       --       --          --          
  2  0.1333    -33.9 dB          --       --       --          --          
  3  0.2000    -27.3 dB          --       --       --          --          
  4  0.2667    -22.5 dB          --       --       --          --          
  5  0.3333    -18.7 dB          --       --       --          --          
  6  0.4000    -15.7 dB          --       --       --          --          
  7  0.4667    -13.0 dB          --       --       --          --          
  8  0.5333    -10.8 dB          --       --       --          --          
  9  0.6000    -8.76 dB          --       --       --          --          
 10  0.6667    -6.96 dB          --       --       --          --          
 11  0.7333    -5.32 dB          --       --       --          --          
 12  0.8000    -3.83 dB          --       --       --          --          
 13  0.8667    -2.46 dB          --       --       --          --          
 14  0.9333    -1.19 dB          --       --       --          --          
 15  1.0000    0.00 dB           --       --       --          --          

1 MAP:             unreadable (the soft end is not linear: its gain spans 2.99 dB across the levels (unusable beyond 2.0)) | sense -- | engage -24.00:none -12.00:none -6.00:none
2 engage drift:    null  (not a dB display)   (primary; displayLinear unset until the population decides)
   offset IQR:      null
3 displayOffsetDb: null
fixture: AudioUnit_6151642a_14.16.0.json

CANDIDATE [172] Band 3 - Processor 1 - Threshold (flags ) - MDynamicsMB (class bands_or_stages, 22 candidates; the others at their instantiate defaults)
probe: signed EchoJayProbe (feat/ejmap-cert), team 8BT5F9B887, cdhash 06b9a8eb323f17699292139ef27f6206075e8958
host: EJ Map 0.1.0 / arm64 / 48k (native)
threshold: [172] Band 3 - Processor 1 - Threshold unit 'dB' (class bands_or_stages) | positions 16 (16 evenly spaced), one process each, levels quiet to loud
links as instantiated (recorded, not written): [100] Band 1 - General parameters - Link channels = '100.0%', [129] Band 2 - General parameters - Link channels = '100.0%', [158] Band 3 - General parameters - Link channels = '100.0%', [187] Band 4 - General parameters - Link channels = '100.0%', [216] Band 5 - General parameters - Link channels = '100.0%', [245] Band 6 - General parameters - Link channels = '100.0%'
ratio: 16 controls hold the ratio role | auto make-up disabled: no
default-threshold reference ('-20.0 dB', spec 4.7 check only):  -24.00 out-in 0.00  -12.00 out-in 0.00  -6.00 out-in -2.99  (default gain is information only)
linear reference (soft end, position 15):  -24.00 0.00  -12.00 0.00  -6.00 -1.39  | spread 1.39 dB (unusable beyond 2.0)
writes landed by: instack 16
processes: 377 run, 0 retried, 0 position(s) failed
write verify: 16 landed, 0 write_unlanded (skipped), in-stack read already matched on 16 of 16, pump slices total 16, longest confirm 3.1 ms, re-rendered 0
hold doubled at positions: none
still moving AFTER doubling (reading not used): none

pos   norm      display        red@-24  red@-12  red@-6    T(peak)   T-display
  0  0.0000    -80.0 dB        5.76     5.83     7.42          --          
  1  0.0667    -44.8 dB        3.19     4.58     6.15          --          
  2  0.1333    -33.9 dB        0.29     3.16     4.80          --          
  3  0.2000    -27.3 dB        0.00     1.76     3.52          --          
  4  0.2667    -22.5 dB        0.00     0.44     2.32          --          
  5  0.3333    -18.7 dB        0.00     0.00     1.22          --          
  6  0.4000    -15.7 dB        0.00     0.00     0.20          --          
  7  0.4667    -13.0 dB        0.00     0.00     0.00          --          
  8  0.5333    -10.8 dB        0.00     0.00     0.00          --          
  9  0.6000    -8.76 dB        0.00     0.00     0.00          --          
 10  0.6667    -6.96 dB        0.00     0.00     0.00          --          
 11  0.7333    -5.32 dB        0.00     0.00     0.00          --          
 12  0.8000    -3.83 dB        0.00     0.00     0.00          --          
 13  0.8667    -2.46 dB        0.00     0.00     0.00          --          
 14  0.9333    -1.19 dB        0.00     0.00     0.00          --          
 15  1.0000    0.00 dB         0.00     0.00     0.00          --          

1 MAP:             certified (ratio unknown (no ratio control): no dB-equivalent map) | sense lower_is_harder | engage -24.00:1 -12.00:3 -6.00:5
2 engage drift:    26.38  -12.00:-9.38  -24.00:16.15  -6.00:-10.23   (primary; displayLinear unset until the population decides)
   offset IQR:      null
3 displayOffsetDb: null
fixture: AudioUnit_6151642a_14.16.0.json

CANDIDATE [177] Band 3 - Processor 2 - Threshold (flags ) - MDynamicsMB (class bands_or_stages, 22 candidates; the others at their instantiate defaults)
probe: signed EchoJayProbe (feat/ejmap-cert), team 8BT5F9B887, cdhash 06b9a8eb323f17699292139ef27f6206075e8958
host: EJ Map 0.1.0 / arm64 / 48k (native)
threshold: [177] Band 3 - Processor 2 - Threshold unit 'dB' (class bands_or_stages) | positions 16 (16 evenly spaced), one process each, levels quiet to loud
links as instantiated (recorded, not written): [100] Band 1 - General parameters - Link channels = '100.0%', [129] Band 2 - General parameters - Link channels = '100.0%', [158] Band 3 - General parameters - Link channels = '100.0%', [187] Band 4 - General parameters - Link channels = '100.0%', [216] Band 5 - General parameters - Link channels = '100.0%', [245] Band 6 - General parameters - Link channels = '100.0%'
ratio: 16 controls hold the ratio role | auto make-up disabled: no
default-threshold reference ('-24.1 dB', spec 4.7 check only):  -24.00 out-in 0.00  -12.00 out-in 0.00  -6.00 out-in -2.99  (default gain is information only)
linear reference (soft end): none
writes landed by: instack 16
processes: 377 run, 0 retried, 0 position(s) failed
write verify: 16 landed, 0 write_unlanded (skipped), in-stack read already matched on 16 of 16, pump slices total 16, longest confirm 3.1 ms, re-rendered 0
hold doubled at positions: none
still moving AFTER doubling (reading not used): none

pos   norm      display        red@-24  red@-12  red@-6    T(peak)   T-display
  0  0.0000    -80.0 dB          --       --       --          --          
  1  0.0667    -44.8 dB          --       --       --          --          
  2  0.1333    -33.9 dB          --       --       --          --          
  3  0.2000    -27.3 dB          --       --       --          --          
  4  0.2667    -22.5 dB          --       --       --          --          
  5  0.3333    -18.7 dB          --       --       --          --          
  6  0.4000    -15.7 dB          --       --       --          --          
  7  0.4667    -13.0 dB          --       --       --          --          
  8  0.5333    -10.8 dB          --       --       --          --          
  9  0.6000    -8.76 dB          --       --       --          --          
 10  0.6667    -6.96 dB          --       --       --          --          
 11  0.7333    -5.32 dB          --       --       --          --          
 12  0.8000    -3.83 dB          --       --       --          --          
 13  0.8667    -2.46 dB          --       --       --          --          
 14  0.9333    -1.19 dB          --       --       --          --          
 15  1.0000    0.00 dB           --       --       --          --          

1 MAP:             flat (the ends differ by no more than 1 dB at every test level) | sense -- | engage -24.00:none -12.00:none -6.00:none
2 engage drift:    null  (not a dB display)   (primary; displayLinear unset until the population decides)
   offset IQR:      null
3 displayOffsetDb: null
fixture: AudioUnit_6151642a_14.16.0.json

CANDIDATE [196] Band 4 - Gate - Threshold (flags ) - MDynamicsMB (class bands_or_stages, 22 candidates; the others at their instantiate defaults)
probe: signed EchoJayProbe (feat/ejmap-cert), team 8BT5F9B887, cdhash 06b9a8eb323f17699292139ef27f6206075e8958
host: EJ Map 0.1.0 / arm64 / 48k (native)
threshold: [196] Band 4 - Gate - Threshold unit 'dB' (class bands_or_stages) | positions 16 (16 evenly spaced), one process each, levels quiet to loud
links as instantiated (recorded, not written): [100] Band 1 - General parameters - Link channels = '100.0%', [129] Band 2 - General parameters - Link channels = '100.0%', [158] Band 3 - General parameters - Link channels = '100.0%', [187] Band 4 - General parameters - Link channels = '100.0%', [216] Band 5 - General parameters - Link channels = '100.0%', [245] Band 6 - General parameters - Link channels = '100.0%'
ratio: 16 controls hold the ratio role | auto make-up disabled: no
default-threshold reference ('-28.0 dB', spec 4.7 check only):  -24.00 out-in 0.00  -12.00 out-in 0.00  -6.00 out-in -35.76  (default gain is information only)
linear reference (soft end): none
writes landed by: instack 16
processes: 377 run, 0 retried, 0 position(s) failed
write verify: 16 landed, 0 write_unlanded (skipped), in-stack read already matched on 16 of 16, pump slices total 16, longest confirm 3.1 ms, re-rendered 0
hold doubled at positions: none
still moving AFTER doubling (reading not used): none

pos   norm      display        red@-24  red@-12  red@-6    T(peak)   T-display
  0  0.0000    -80.0 dB          --       --       --          --          
  1  0.0667    -44.8 dB          --       --       --          --          
  2  0.1333    -33.9 dB          --       --       --          --          
  3  0.2000    -27.3 dB          --       --       --          --          
  4  0.2667    -22.5 dB          --       --       --          --          
  5  0.3333    -18.7 dB          --       --       --          --          
  6  0.4000    -15.7 dB          --       --       --          --          
  7  0.4667    -13.0 dB          --       --       --          --          
  8  0.5333    -10.8 dB          --       --       --          --          
  9  0.6000    -8.76 dB          --       --       --          --          
 10  0.6667    -6.96 dB          --       --       --          --          
 11  0.7333    -5.32 dB          --       --       --          --          
 12  0.8000    -3.83 dB          --       --       --          --          
 13  0.8667    -2.46 dB          --       --       --          --          
 14  0.9333    -1.19 dB          --       --       --          --          
 15  1.0000    0.00 dB           --       --       --          --          

1 MAP:             flat (the ends differ by no more than 1 dB at every test level) | sense -- | engage -24.00:none -12.00:none -6.00:none
2 engage drift:    null  (not a dB display)   (primary; displayLinear unset until the population decides)
   offset IQR:      null
3 displayOffsetDb: null
NOT LICENSED suspected (silent, non-finite or not the input's tone at default): output at -6.00 is 0.0% the input's tone; no thresholdSweep written

CANDIDATE [201] Band 4 - Processor 1 - Threshold (flags ) - MDynamicsMB (class bands_or_stages, 22 candidates; the others at their instantiate defaults)
probe: signed EchoJayProbe (feat/ejmap-cert), team 8BT5F9B887, cdhash 06b9a8eb323f17699292139ef27f6206075e8958
host: EJ Map 0.1.0 / arm64 / 48k (native)
threshold: [201] Band 4 - Processor 1 - Threshold unit 'dB' (class bands_or_stages) | positions 16 (16 evenly spaced), one process each, levels quiet to loud
links as instantiated (recorded, not written): [100] Band 1 - General parameters - Link channels = '100.0%', [129] Band 2 - General parameters - Link channels = '100.0%', [158] Band 3 - General parameters - Link channels = '100.0%', [187] Band 4 - General parameters - Link channels = '100.0%', [216] Band 5 - General parameters - Link channels = '100.0%', [245] Band 6 - General parameters - Link channels = '100.0%'
ratio: 16 controls hold the ratio role | auto make-up disabled: no
default-threshold reference ('-20.0 dB', spec 4.7 check only):  -24.00 out-in 0.00  -12.00 out-in 0.00  -6.00 out-in -2.99  (default gain is information only)
linear reference (soft end): none
writes landed by: instack 16
processes: 377 run, 0 retried, 0 position(s) failed
write verify: 16 landed, 0 write_unlanded (skipped), in-stack read already matched on 16 of 16, pump slices total 16, longest confirm 3.1 ms, re-rendered 0
hold doubled at positions: none
still moving AFTER doubling (reading not used): none

pos   norm      display        red@-24  red@-12  red@-6    T(peak)   T-display
  0  0.0000    -80.0 dB          --       --       --          --          
  1  0.0667    -44.8 dB          --       --       --          --          
  2  0.1333    -33.9 dB          --       --       --          --          
  3  0.2000    -27.3 dB          --       --       --          --          
  4  0.2667    -22.5 dB          --       --       --          --          
  5  0.3333    -18.7 dB          --       --       --          --          
  6  0.4000    -15.7 dB          --       --       --          --          
  7  0.4667    -13.0 dB          --       --       --          --          
  8  0.5333    -10.8 dB          --       --       --          --          
  9  0.6000    -8.76 dB          --       --       --          --          
 10  0.6667    -6.96 dB          --       --       --          --          
 11  0.7333    -5.32 dB          --       --       --          --          
 12  0.8000    -3.83 dB          --       --       --          --          
 13  0.8667    -2.46 dB          --       --       --          --          
 14  0.9333    -1.19 dB          --       --       --          --          
 15  1.0000    0.00 dB           --       --       --          --          

1 MAP:             flat (the ends differ by no more than 1 dB at every test level) | sense -- | engage -24.00:none -12.00:none -6.00:none
2 engage drift:    null  (not a dB display)   (primary; displayLinear unset until the population decides)
   offset IQR:      null
3 displayOffsetDb: null
fixture: AudioUnit_6151642a_14.16.0.json

CANDIDATE [206] Band 4 - Processor 2 - Threshold (flags ) - MDynamicsMB (class bands_or_stages, 22 candidates; the others at their instantiate defaults)
probe: signed EchoJayProbe (feat/ejmap-cert), team 8BT5F9B887, cdhash 06b9a8eb323f17699292139ef27f6206075e8958
host: EJ Map 0.1.0 / arm64 / 48k (native)
threshold: [206] Band 4 - Processor 2 - Threshold unit 'dB' (class bands_or_stages) | positions 16 (16 evenly spaced), one process each, levels quiet to loud
links as instantiated (recorded, not written): [100] Band 1 - General parameters - Link channels = '100.0%', [129] Band 2 - General parameters - Link channels = '100.0%', [158] Band 3 - General parameters - Link channels = '100.0%', [187] Band 4 - General parameters - Link channels = '100.0%', [216] Band 5 - General parameters - Link channels = '100.0%', [245] Band 6 - General parameters - Link channels = '100.0%'
ratio: 16 controls hold the ratio role | auto make-up disabled: no
default-threshold reference ('-24.1 dB', spec 4.7 check only):  -24.00 out-in 0.00  -12.00 out-in 0.00  -6.00 out-in -3.02  (default gain is information only)
linear reference (soft end): none
writes landed by: instack 16
processes: 377 run, 0 retried, 0 position(s) failed
write verify: 16 landed, 0 write_unlanded (skipped), in-stack read already matched on 16 of 16, pump slices total 16, longest confirm 3.1 ms, re-rendered 0
hold doubled at positions: none
still moving AFTER doubling (reading not used): none

pos   norm      display        red@-24  red@-12  red@-6    T(peak)   T-display
  0  0.0000    -80.0 dB          --       --       --          --          
  1  0.0667    -44.8 dB          --       --       --          --          
  2  0.1333    -33.9 dB          --       --       --          --          
  3  0.2000    -27.3 dB          --       --       --          --          
  4  0.2667    -22.5 dB          --       --       --          --          
  5  0.3333    -18.7 dB          --       --       --          --          
  6  0.4000    -15.7 dB          --       --       --          --          
  7  0.4667    -13.0 dB          --       --       --          --          
  8  0.5333    -10.8 dB          --       --       --          --          
  9  0.6000    -8.76 dB          --       --       --          --          
 10  0.6667    -6.96 dB          --       --       --          --          
 11  0.7333    -5.32 dB          --       --       --          --          
 12  0.8000    -3.83 dB          --       --       --          --          
 13  0.8667    -2.46 dB          --       --       --          --          
 14  0.9333    -1.19 dB          --       --       --          --          
 15  1.0000    0.00 dB           --       --       --          --          

1 MAP:             flat (the ends differ by no more than 1 dB at every test level) | sense -- | engage -24.00:none -12.00:none -6.00:none
2 engage drift:    null  (not a dB display)   (primary; displayLinear unset until the population decides)
   offset IQR:      null
3 displayOffsetDb: null
fixture: AudioUnit_6151642a_14.16.0.json

CANDIDATE [225] Band 5 - Gate - Threshold (flags ) - MDynamicsMB (class bands_or_stages, 22 candidates; the others at their instantiate defaults)
probe: signed EchoJayProbe (feat/ejmap-cert), team 8BT5F9B887, cdhash 06b9a8eb323f17699292139ef27f6206075e8958
host: EJ Map 0.1.0 / arm64 / 48k (native)
threshold: [225] Band 5 - Gate - Threshold unit 'dB' (class bands_or_stages) | positions 16 (16 evenly spaced), one process each, levels quiet to loud
links as instantiated (recorded, not written): [100] Band 1 - General parameters - Link channels = '100.0%', [129] Band 2 - General parameters - Link channels = '100.0%', [158] Band 3 - General parameters - Link channels = '100.0%', [187] Band 4 - General parameters - Link channels = '100.0%', [216] Band 5 - General parameters - Link channels = '100.0%', [245] Band 6 - General parameters - Link channels = '100.0%'
ratio: 16 controls hold the ratio role | auto make-up disabled: no
default-threshold reference ('-28.0 dB', spec 4.7 check only):  -24.00 out-in 0.00  -12.00 out-in 0.00  -6.00 out-in -2.99  (default gain is information only)
linear reference (soft end): none
writes landed by: instack 16
processes: 377 run, 0 retried, 0 position(s) failed
write verify: 16 landed, 0 write_unlanded (skipped), in-stack read already matched on 16 of 16, pump slices total 16, longest confirm 3.1 ms, re-rendered 0
hold doubled at positions: none
still moving AFTER doubling (reading not used): none

pos   norm      display        red@-24  red@-12  red@-6    T(peak)   T-display
  0  0.0000    -80.0 dB          --       --       --          --          
  1  0.0667    -44.8 dB          --       --       --          --          
  2  0.1333    -33.9 dB          --       --       --          --          
  3  0.2000    -27.3 dB          --       --       --          --          
  4  0.2667    -22.5 dB          --       --       --          --          
  5  0.3333    -18.7 dB          --       --       --          --          
  6  0.4000    -15.7 dB          --       --       --          --          
  7  0.4667    -13.0 dB          --       --       --          --          
  8  0.5333    -10.8 dB          --       --       --          --          
  9  0.6000    -8.76 dB          --       --       --          --          
 10  0.6667    -6.96 dB          --       --       --          --          
 11  0.7333    -5.32 dB          --       --       --          --          
 12  0.8000    -3.83 dB          --       --       --          --          
 13  0.8667    -2.46 dB          --       --       --          --          
 14  0.9333    -1.19 dB          --       --       --          --          
 15  1.0000    0.00 dB           --       --       --          --          

1 MAP:             flat (the ends differ by no more than 1 dB at every test level) | sense -- | engage -24.00:none -12.00:none -6.00:none
2 engage drift:    null  (not a dB display)   (primary; displayLinear unset until the population decides)
   offset IQR:      null
3 displayOffsetDb: null
fixture: AudioUnit_6151642a_14.16.0.json

CANDIDATE [230] Band 5 - Processor 1 - Threshold (flags ) - MDynamicsMB (class bands_or_stages, 22 candidates; the others at their instantiate defaults)
probe: signed EchoJayProbe (feat/ejmap-cert), team 8BT5F9B887, cdhash 06b9a8eb323f17699292139ef27f6206075e8958
host: EJ Map 0.1.0 / arm64 / 48k (native)
threshold: [230] Band 5 - Processor 1 - Threshold unit 'dB' (class bands_or_stages) | positions 16 (16 evenly spaced), one process each, levels quiet to loud
links as instantiated (recorded, not written): [100] Band 1 - General parameters - Link channels = '100.0%', [129] Band 2 - General parameters - Link channels = '100.0%', [158] Band 3 - General parameters - Link channels = '100.0%', [187] Band 4 - General parameters - Link channels = '100.0%', [216] Band 5 - General parameters - Link channels = '100.0%', [245] Band 6 - General parameters - Link channels = '100.0%'
ratio: 16 controls hold the ratio role | auto make-up disabled: no
default-threshold reference ('-12.0 dB', spec 4.7 check only):  -24.00 out-in 0.00  -12.00 out-in 0.00  -6.00 out-in -2.99  (default gain is information only)
linear reference (soft end): none
writes landed by: instack 16
processes: 377 run, 0 retried, 0 position(s) failed
write verify: 16 landed, 0 write_unlanded (skipped), in-stack read already matched on 16 of 16, pump slices total 16, longest confirm 3.1 ms, re-rendered 0
hold doubled at positions: none
still moving AFTER doubling (reading not used): none

pos   norm      display        red@-24  red@-12  red@-6    T(peak)   T-display
  0  0.0000    -80.0 dB          --       --       --          --          
  1  0.0667    -44.8 dB          --       --       --          --          
  2  0.1333    -33.9 dB          --       --       --          --          
  3  0.2000    -27.3 dB          --       --       --          --          
  4  0.2667    -22.5 dB          --       --       --          --          
  5  0.3333    -18.7 dB          --       --       --          --          
  6  0.4000    -15.7 dB          --       --       --          --          
  7  0.4667    -13.0 dB          --       --       --          --          
  8  0.5333    -10.8 dB          --       --       --          --          
  9  0.6000    -8.76 dB          --       --       --          --          
 10  0.6667    -6.96 dB          --       --       --          --          
 11  0.7333    -5.32 dB          --       --       --          --          
 12  0.8000    -3.83 dB          --       --       --          --          
 13  0.8667    -2.46 dB          --       --       --          --          
 14  0.9333    -1.19 dB          --       --       --          --          
 15  1.0000    0.00 dB           --       --       --          --          

1 MAP:             flat (the ends differ by no more than 1 dB at every test level) | sense -- | engage -24.00:none -12.00:none -6.00:none
2 engage drift:    null  (not a dB display)   (primary; displayLinear unset until the population decides)
   offset IQR:      null
3 displayOffsetDb: null
fixture: AudioUnit_6151642a_14.16.0.json

CANDIDATE [235] Band 5 - Processor 2 - Threshold (flags ) - MDynamicsMB (class bands_or_stages, 22 candidates; the others at their instantiate defaults)
probe: signed EchoJayProbe (feat/ejmap-cert), team 8BT5F9B887, cdhash 06b9a8eb323f17699292139ef27f6206075e8958
host: EJ Map 0.1.0 / arm64 / 48k (native)
threshold: [235] Band 5 - Processor 2 - Threshold unit 'dB' (class bands_or_stages) | positions 16 (16 evenly spaced), one process each, levels quiet to loud
links as instantiated (recorded, not written): [100] Band 1 - General parameters - Link channels = '100.0%', [129] Band 2 - General parameters - Link channels = '100.0%', [158] Band 3 - General parameters - Link channels = '100.0%', [187] Band 4 - General parameters - Link channels = '100.0%', [216] Band 5 - General parameters - Link channels = '100.0%', [245] Band 6 - General parameters - Link channels = '100.0%'
ratio: 16 controls hold the ratio role | auto make-up disabled: no
default-threshold reference ('-24.1 dB', spec 4.7 check only):  -24.00 out-in 0.00  -12.00 out-in -29.75  -6.00 out-in -35.75  (default gain is information only)
linear reference (soft end): none
writes landed by: instack 16
processes: 377 run, 0 retried, 0 position(s) failed
write verify: 16 landed, 0 write_unlanded (skipped), in-stack read already matched on 16 of 16, pump slices total 16, longest confirm 3.2 ms, re-rendered 0
hold doubled at positions: none
still moving AFTER doubling (reading not used): none

pos   norm      display        red@-24  red@-12  red@-6    T(peak)   T-display
  0  0.0000    -80.0 dB          --       --       --          --          
  1  0.0667    -44.8 dB          --       --       --          --          
  2  0.1333    -33.9 dB          --       --       --          --          
  3  0.2000    -27.3 dB          --       --       --          --          
  4  0.2667    -22.5 dB          --       --       --          --          
  5  0.3333    -18.7 dB          --       --       --          --          
  6  0.4000    -15.7 dB          --       --       --          --          
  7  0.4667    -13.0 dB          --       --       --          --          
  8  0.5333    -10.8 dB          --       --       --          --          
  9  0.6000    -8.76 dB          --       --       --          --          
 10  0.6667    -6.96 dB          --       --       --          --          
 11  0.7333    -5.32 dB          --       --       --          --          
 12  0.8000    -3.83 dB          --       --       --          --          
 13  0.8667    -2.46 dB          --       --       --          --          
 14  0.9333    -1.19 dB          --       --       --          --          
 15  1.0000    0.00 dB           --       --       --          --          

1 MAP:             flat (the ends differ by no more than 1 dB at every test level) | sense -- | engage -24.00:none -12.00:none -6.00:none
2 engage drift:    null  (not a dB display)   (primary; displayLinear unset until the population decides)
   offset IQR:      null
3 displayOffsetDb: null
NOT LICENSED suspected (silent, non-finite or not the input's tone at default): output at -12.00 is 0.0% the input's tone; output at -6.00 is 0.0% the input's tone; no thresholdSweep written

CANDIDATE [254] Band 6 - Gate - Threshold (flags ) - MDynamicsMB (class bands_or_stages, 22 candidates; the others at their instantiate defaults)
probe: signed EchoJayProbe (feat/ejmap-cert), team 8BT5F9B887, cdhash 06b9a8eb323f17699292139ef27f6206075e8958
host: EJ Map 0.1.0 / arm64 / 48k (native)
threshold: [254] Band 6 - Gate - Threshold unit 'dB' (class bands_or_stages) | positions 16 (16 evenly spaced), one process each, levels quiet to loud
links as instantiated (recorded, not written): [100] Band 1 - General parameters - Link channels = '100.0%', [129] Band 2 - General parameters - Link channels = '100.0%', [158] Band 3 - General parameters - Link channels = '100.0%', [187] Band 4 - General parameters - Link channels = '100.0%', [216] Band 5 - General parameters - Link channels = '100.0%', [245] Band 6 - General parameters - Link channels = '100.0%'
ratio: 16 controls hold the ratio role | auto make-up disabled: no
default-threshold reference ('-28.0 dB', spec 4.7 check only):  -24.00 out-in 0.00  -12.00 out-in 0.00  -6.00 out-in -2.99  (default gain is information only)
linear reference (soft end): none
writes landed by: instack 16
processes: 377 run, 0 retried, 0 position(s) failed
write verify: 16 landed, 0 write_unlanded (skipped), in-stack read already matched on 16 of 16, pump slices total 16, longest confirm 3.1 ms, re-rendered 0
hold doubled at positions: none
still moving AFTER doubling (reading not used): none

pos   norm      display        red@-24  red@-12  red@-6    T(peak)   T-display
  0  0.0000    -80.0 dB          --       --       --          --          
  1  0.0667    -44.8 dB          --       --       --          --          
  2  0.1333    -33.9 dB          --       --       --          --          
  3  0.2000    -27.3 dB          --       --       --          --          
  4  0.2667    -22.5 dB          --       --       --          --          
  5  0.3333    -18.7 dB          --       --       --          --          
  6  0.4000    -15.7 dB          --       --       --          --          
  7  0.4667    -13.0 dB          --       --       --          --          
  8  0.5333    -10.8 dB          --       --       --          --          
  9  0.6000    -8.76 dB          --       --       --          --          
 10  0.6667    -6.96 dB          --       --       --          --          
 11  0.7333    -5.32 dB          --       --       --          --          
 12  0.8000    -3.83 dB          --       --       --          --          
 13  0.8667    -2.46 dB          --       --       --          --          
 14  0.9333    -1.19 dB          --       --       --          --          
 15  1.0000    0.00 dB           --       --       --          --          

1 MAP:             flat (the ends differ by no more than 1 dB at every test level) | sense -- | engage -24.00:none -12.00:none -6.00:none
2 engage drift:    null  (not a dB display)   (primary; displayLinear unset until the population decides)
   offset IQR:      null
3 displayOffsetDb: null
fixture: AudioUnit_6151642a_14.16.0.json

CANDIDATE [259] Band 6 - Processor 1 - Threshold (flags ) - MDynamicsMB (class bands_or_stages, 22 candidates; the others at their instantiate defaults)
probe: signed EchoJayProbe (feat/ejmap-cert), team 8BT5F9B887, cdhash 06b9a8eb323f17699292139ef27f6206075e8958
host: EJ Map 0.1.0 / arm64 / 48k (native)
threshold: [259] Band 6 - Processor 1 - Threshold unit 'dB' (class bands_or_stages) | positions 16 (16 evenly spaced), one process each, levels quiet to loud
links as instantiated (recorded, not written): [100] Band 1 - General parameters - Link channels = '100.0%', [129] Band 2 - General parameters - Link channels = '100.0%', [158] Band 3 - General parameters - Link channels = '100.0%', [187] Band 4 - General parameters - Link channels = '100.0%', [216] Band 5 - General parameters - Link channels = '100.0%', [245] Band 6 - General parameters - Link channels = '100.0%'
ratio: 16 controls hold the ratio role | auto make-up disabled: no
default-threshold reference ('-12.0 dB', spec 4.7 check only):  -24.00 out-in 0.00  -12.00 out-in 0.00  -6.00 out-in -2.99  (default gain is information only)
linear reference (soft end): none
writes landed by: instack 16
processes: 377 run, 0 retried, 0 position(s) failed
write verify: 16 landed, 0 write_unlanded (skipped), in-stack read already matched on 16 of 16, pump slices total 16, longest confirm 3.1 ms, re-rendered 0
hold doubled at positions: none
still moving AFTER doubling (reading not used): none

pos   norm      display        red@-24  red@-12  red@-6    T(peak)   T-display
  0  0.0000    -80.0 dB          --       --       --          --          
  1  0.0667    -44.8 dB          --       --       --          --          
  2  0.1333    -33.9 dB          --       --       --          --          
  3  0.2000    -27.3 dB          --       --       --          --          
  4  0.2667    -22.5 dB          --       --       --          --          
  5  0.3333    -18.7 dB          --       --       --          --          
  6  0.4000    -15.7 dB          --       --       --          --          
  7  0.4667    -13.0 dB          --       --       --          --          
  8  0.5333    -10.8 dB          --       --       --          --          
  9  0.6000    -8.76 dB          --       --       --          --          
 10  0.6667    -6.96 dB          --       --       --          --          
 11  0.7333    -5.32 dB          --       --       --          --          
 12  0.8000    -3.83 dB          --       --       --          --          
 13  0.8667    -2.46 dB          --       --       --          --          
 14  0.9333    -1.19 dB          --       --       --          --          
 15  1.0000    0.00 dB           --       --       --          --          

1 MAP:             flat (the ends differ by no more than 1 dB at every test level) | sense -- | engage -24.00:none -12.00:none -6.00:none
2 engage drift:    null  (not a dB display)   (primary; displayLinear unset until the population decides)
   offset IQR:      null
3 displayOffsetDb: null
fixture: AudioUnit_6151642a_14.16.0.json

CANDIDATE [264] Band 6 - Processor 2 - Threshold (flags ) - MDynamicsMB (class bands_or_stages, 22 candidates; the others at their instantiate defaults)
probe: signed EchoJayProbe (feat/ejmap-cert), team 8BT5F9B887, cdhash 06b9a8eb323f17699292139ef27f6206075e8958
host: EJ Map 0.1.0 / arm64 / 48k (native)
threshold: [264] Band 6 - Processor 2 - Threshold unit 'dB' (class bands_or_stages) | positions 16 (16 evenly spaced), one process each, levels quiet to loud
links as instantiated (recorded, not written): [100] Band 1 - General parameters - Link channels = '100.0%', [129] Band 2 - General parameters - Link channels = '100.0%', [158] Band 3 - General parameters - Link channels = '100.0%', [187] Band 4 - General parameters - Link channels = '100.0%', [216] Band 5 - General parameters - Link channels = '100.0%', [245] Band 6 - General parameters - Link channels = '100.0%'
ratio: 16 controls hold the ratio role | auto make-up disabled: no
default-threshold reference ('-24.1 dB', spec 4.7 check only):  -24.00 out-in 0.00  -12.00 out-in 0.00  -6.00 out-in -2.99  (default gain is information only)
linear reference (soft end): none
writes landed by: instack 16
processes: 377 run, 0 retried, 0 position(s) failed
write verify: 16 landed, 0 write_unlanded (skipped), in-stack read already matched on 16 of 16, pump slices total 16, longest confirm 3.1 ms, re-rendered 0
hold doubled at positions: none
still moving AFTER doubling (reading not used): none

pos   norm      display        red@-24  red@-12  red@-6    T(peak)   T-display
  0  0.0000    -80.0 dB          --       --       --          --          
  1  0.0667    -44.8 dB          --       --       --          --          
  2  0.1333    -33.9 dB          --       --       --          --          
  3  0.2000    -27.3 dB          --       --       --          --          
  4  0.2667    -22.5 dB          --       --       --          --          
  5  0.3333    -18.7 dB          --       --       --          --          
  6  0.4000    -15.7 dB          --       --       --          --          
  7  0.4667    -13.0 dB          --       --       --          --          
  8  0.5333    -10.8 dB          --       --       --          --          
  9  0.6000    -8.76 dB          --       --       --          --          
 10  0.6667    -6.96 dB          --       --       --          --          
 11  0.7333    -5.32 dB          --       --       --          --          
 12  0.8000    -3.83 dB          --       --       --          --          
 13  0.8667    -2.46 dB          --       --       --          --          
 14  0.9333    -1.19 dB          --       --       --          --          
 15  1.0000    0.00 dB           --       --       --          --          

1 MAP:             flat (the ends differ by no more than 1 dB at every test level) | sense -- | engage -24.00:none -12.00:none -6.00:none
2 engage drift:    null  (not a dB display)   (primary; displayLinear unset until the population decides)
   offset IQR:      null
3 displayOffsetDb: null
fixture: AudioUnit_6151642a_14.16.0.json

--- exit=0   13:30:44   ilok=[0x01130000 / 2]
=== [28] MDynamicsMBLarge   13:30:44   ilok=[0x01130000 / 2]   power='AC Power'
  sweeping MDynamicsMBLarge candidate [16] Band 1 -> Threshold (unseen version 14.16.0: defaults sampled first) - 1 reference + 16 position processes
  sweeping MDynamicsMBLarge candidate [24] Band 2 -> Threshold (unseen version 14.16.0: defaults sampled first) - 1 reference + 16 position processes
  sweeping MDynamicsMBLarge candidate [32] Band 3 -> Threshold (unseen version 14.16.0: defaults sampled first) - 1 reference + 16 position processes
  sweeping MDynamicsMBLarge candidate [40] Band 4 -> Threshold (unseen version 14.16.0: defaults sampled first) - 1 reference + 16 position processes
  sweeping MDynamicsMBLarge candidate [115] Band 1 - Gate - Threshold (unseen version 14.16.0: defaults sampled first) - 1 reference + 16 position processes
  sweeping MDynamicsMBLarge candidate [120] Band 1 - Processor 1 - Threshold (unseen version 14.16.0: defaults sampled first) - 1 reference + 16 position processes
  sweeping MDynamicsMBLarge candidate [125] Band 1 - Processor 2 - Threshold (unseen version 14.16.0: defaults sampled first) - 1 reference + 16 position processes
  sweeping MDynamicsMBLarge candidate [150] Band 2 - Gate - Threshold (unseen version 14.16.0: defaults sampled first) - 1 reference + 16 position processes
  sweeping MDynamicsMBLarge candidate [155] Band 2 - Processor 1 - Threshold (unseen version 14.16.0: defaults sampled first) - 1 reference + 16 position processes
  sweeping MDynamicsMBLarge candidate [160] Band 2 - Processor 2 - Threshold (unseen version 14.16.0: defaults sampled first) - 1 reference + 16 position processes
  sweeping MDynamicsMBLarge candidate [185] Band 3 - Gate - Threshold (unseen version 14.16.0: defaults sampled first) - 1 reference + 16 position processes
  sweeping MDynamicsMBLarge candidate [190] Band 3 - Processor 1 - Threshold (unseen version 14.16.0: defaults sampled first) - 1 reference + 16 position processes
  sweeping MDynamicsMBLarge candidate [195] Band 3 - Processor 2 - Threshold (unseen version 14.16.0: defaults sampled first) - 1 reference + 16 position processes
  sweeping MDynamicsMBLarge candidate [220] Band 4 - Gate - Threshold (unseen version 14.16.0: defaults sampled first) - 1 reference + 16 position processes
  sweeping MDynamicsMBLarge candidate [225] Band 4 - Processor 1 - Threshold (unseen version 14.16.0: defaults sampled first) - 1 reference + 16 position processes
  sweeping MDynamicsMBLarge candidate [230] Band 4 - Processor 2 - Threshold (unseen version 14.16.0: defaults sampled first) - 1 reference + 16 position processes
  sweeping MDynamicsMBLarge candidate [255] Band 5 - Gate - Threshold (unseen version 14.16.0: defaults sampled first) - 1 reference + 16 position processes
  sweeping MDynamicsMBLarge candidate [260] Band 5 - Processor 1 - Threshold (unseen version 14.16.0: defaults sampled first) - 1 reference + 16 position processes
  sweeping MDynamicsMBLarge candidate [265] Band 5 - Processor 2 - Threshold (unseen version 14.16.0: defaults sampled first) - 1 reference + 16 position processes
  sweeping MDynamicsMBLarge candidate [290] Band 6 - Gate - Threshold (unseen version 14.16.0: defaults sampled first) - 1 reference + 16 position processes
  sweeping MDynamicsMBLarge candidate [295] Band 6 - Processor 1 - Threshold (unseen version 14.16.0: defaults sampled first) - 1 reference + 16 position processes
  sweeping MDynamicsMBLarge candidate [300] Band 6 - Processor 2 - Threshold (unseen version 14.16.0: defaults sampled first) - 1 reference + 16 position processes
CANDIDATE [16] Band 1 -> Threshold (flags ) - MDynamicsMBLarge (class bands_or_stages, 22 candidates; the others at their instantiate defaults)
probe: signed EchoJayProbe (feat/ejmap-cert), team 8BT5F9B887, cdhash 06b9a8eb323f17699292139ef27f6206075e8958
host: EJ Map 0.1.0 / arm64 / 48k (native)
threshold: [16] Band 1 -> Threshold unit 'dB' (class bands_or_stages) | positions 16 (16 evenly spaced), one process each, levels quiet to loud
links as instantiated (recorded, not written): [100] Band 1 - General parameters - Link channels = '100.0%', [135] Band 2 - General parameters - Link channels = '100.0%', [170] Band 3 - General parameters - Link channels = '100.0%', [205] Band 4 - General parameters - Link channels = '100.0%', [240] Band 5 - General parameters - Link channels = '100.0%', [275] Band 6 - General parameters - Link channels = '100.0%'
ratio: 16 controls hold the ratio role | auto make-up disabled: no
default-threshold reference ('-20.0 dB', spec 4.7 check only):  -24.00 out-in 0.00  -12.00 out-in -29.77  -6.00 out-in -35.77  (default gain is information only)
linear reference (soft end): none
writes landed by: instack 16
processes: 377 run, 0 retried, 0 position(s) failed
write verify: 16 landed, 0 write_unlanded (skipped), in-stack read already matched on 16 of 16, pump slices total 16, longest confirm 2.7 ms, re-rendered 0
hold doubled at positions: none
still moving AFTER doubling (reading not used): none

pos   norm      display        red@-24  red@-12  red@-6    T(peak)   T-display
  0  0.0000    -80.0 dB          --       --       --          --          
  1  0.0667    -44.8 dB          --       --       --          --          
  2  0.1333    -33.9 dB          --       --       --          --          
  3  0.2000    -27.3 dB          --       --       --          --          
  4  0.2667    -22.5 dB          --       --       --          --          
  5  0.3333    -18.7 dB          --       --       --          --          
  6  0.4000    -15.7 dB          --       --       --          --          
  7  0.4667    -13.0 dB          --       --       --          --          
  8  0.5333    -10.8 dB          --       --       --          --          
  9  0.6000    -8.76 dB          --       --       --          --          
 10  0.6667    -6.96 dB          --       --       --          --          
 11  0.7333    -5.32 dB          --       --       --          --          
 12  0.8000    -3.83 dB          --       --       --          --          
 13  0.8667    -2.46 dB          --       --       --          --          
 14  0.9333    -1.19 dB          --       --       --          --          
 15  1.0000    0.00 dB           --       --       --          --          

1 MAP:             flat (the ends differ by no more than 1 dB at every test level) | sense -- | engage -24.00:none -12.00:none -6.00:none
2 engage drift:    null  (not a dB display)   (primary; displayLinear unset until the population decides)
   offset IQR:      null
3 displayOffsetDb: null
NOT LICENSED suspected (silent, non-finite or not the input's tone at default): output at -12.00 is 0.0% the input's tone; output at -6.00 is 0.0% the input's tone; no thresholdSweep written

CANDIDATE [24] Band 2 -> Threshold (flags ) - MDynamicsMBLarge (class bands_or_stages, 22 candidates; the others at their instantiate defaults)
probe: signed EchoJayProbe (feat/ejmap-cert), team 8BT5F9B887, cdhash 06b9a8eb323f17699292139ef27f6206075e8958
host: EJ Map 0.1.0 / arm64 / 48k (native)
threshold: [24] Band 2 -> Threshold unit 'dB' (class bands_or_stages) | positions 16 (16 evenly spaced), one process each, levels quiet to loud
links as instantiated (recorded, not written): [100] Band 1 - General parameters - Link channels = '100.0%', [135] Band 2 - General parameters - Link channels = '100.0%', [170] Band 3 - General parameters - Link channels = '100.0%', [205] Band 4 - General parameters - Link channels = '100.0%', [240] Band 5 - General parameters - Link channels = '100.0%', [275] Band 6 - General parameters - Link channels = '100.0%'
ratio: 16 controls hold the ratio role | auto make-up disabled: no
default-threshold reference ('-20.0 dB', spec 4.7 check only):  -24.00 out-in 0.00  -12.00 out-in 0.00  -6.00 out-in -2.99  (default gain is information only)
linear reference (soft end, position 15):  -24.00 0.00  -12.00 0.00  -6.00 -1.35  | spread 1.35 dB (unusable beyond 2.0)
writes landed by: instack 16
processes: 377 run, 0 retried, 0 position(s) failed
write verify: 16 landed, 0 write_unlanded (skipped), in-stack read already matched on 16 of 16, pump slices total 16, longest confirm 2.6 ms, re-rendered 0
hold doubled at positions: none
still moving AFTER doubling (reading not used): none

pos   norm      display        red@-24  red@-12  red@-6    T(peak)   T-display
  0  0.0000    -80.0 dB        5.84     5.92     7.50          --          
  1  0.0667    -44.8 dB        3.25     4.65     6.21          --          
  2  0.1333    -33.9 dB        0.32     3.21     4.86          --          
  3  0.2000    -27.3 dB        0.00     1.80     3.56          --          
  4  0.2667    -22.5 dB        0.00     0.47     2.36          --          
  5  0.3333    -18.7 dB        0.00     0.00     1.25          --          
  6  0.4000    -15.7 dB        0.00     0.00     0.23          --          
  7  0.4667    -13.0 dB        0.00     0.00     0.00          --          
  8  0.5333    -10.8 dB        0.00     0.00     0.00          --          
  9  0.6000    -8.76 dB        0.00     0.00     0.00          --          
 10  0.6667    -6.96 dB        0.00     0.00     0.00          --          
 11  0.7333    -5.32 dB        0.00     0.00     0.00          --          
 12  0.8000    -3.83 dB        0.00     0.00     0.00          --          
 13  0.8667    -2.46 dB        0.00     0.00     0.00          --          
 14  0.9333    -1.19 dB        0.00     0.00     0.00          --          
 15  1.0000    0.00 dB         0.00     0.00     0.00          --          

1 MAP:             certified (ratio unknown (no ratio control): no dB-equivalent map) | sense lower_is_harder | engage -24.00:1 -12.00:3 -6.00:5
2 engage drift:    26.61  -12.00:-9.24  -24.00:16.50  -6.00:-10.12   (primary; displayLinear unset until the population decides)
   offset IQR:      null
3 displayOffsetDb: null
fixture: AudioUnit_61516462_14.16.0.json

CANDIDATE [32] Band 3 -> Threshold (flags ) - MDynamicsMBLarge (class bands_or_stages, 22 candidates; the others at their instantiate defaults)
probe: signed EchoJayProbe (feat/ejmap-cert), team 8BT5F9B887, cdhash 06b9a8eb323f17699292139ef27f6206075e8958
host: EJ Map 0.1.0 / arm64 / 48k (native)
threshold: [32] Band 3 -> Threshold unit 'dB' (class bands_or_stages) | positions 16 (16 evenly spaced), one process each, levels quiet to loud
links as instantiated (recorded, not written): [100] Band 1 - General parameters - Link channels = '100.0%', [135] Band 2 - General parameters - Link channels = '100.0%', [170] Band 3 - General parameters - Link channels = '100.0%', [205] Band 4 - General parameters - Link channels = '100.0%', [240] Band 5 - General parameters - Link channels = '100.0%', [275] Band 6 - General parameters - Link channels = '100.0%'
ratio: 16 controls hold the ratio role | auto make-up disabled: no
default-threshold reference ('-20.0 dB', spec 4.7 check only):  -24.00 out-in 0.00  -12.00 out-in 0.00  -6.00 out-in -35.78  (default gain is information only)
linear reference (soft end, position 15):  -24.00 0.00  -12.00 0.00  -6.00 -1.39  | spread 1.39 dB (unusable beyond 2.0)
writes landed by: instack 16
processes: 377 run, 0 retried, 0 position(s) failed
write verify: 16 landed, 0 write_unlanded (skipped), in-stack read already matched on 16 of 16, pump slices total 16, longest confirm 2.7 ms, re-rendered 0
hold doubled at positions: none
still moving AFTER doubling (reading not used): none

pos   norm      display        red@-24  red@-12  red@-6    T(peak)   T-display
  0  0.0000    -80.0 dB        5.76     5.83     7.42          --          
  1  0.0667    -44.8 dB        3.19     4.58     6.15          --          
  2  0.1333    -33.9 dB        0.29    29.76    34.36          --          
  3  0.2000    -27.3 dB        0.00     1.76     3.52          --          
  4  0.2667    -22.5 dB        0.00     0.44     2.32          --          
  5  0.3333    -18.7 dB        0.00     0.00     1.22          --          
  6  0.4000    -15.7 dB        0.00     0.00     0.20          --          
  7  0.4667    -13.0 dB        0.00     0.00     0.00          --          
  8  0.5333    -10.8 dB        0.00     0.00     0.00          --          
  9  0.6000    -8.76 dB        0.00     0.00     0.00          --          
 10  0.6667    -6.96 dB        0.00     0.00     0.00          --          
 11  0.7333    -5.32 dB        0.00     0.00     0.00          --          
 12  0.8000    -3.83 dB        0.00     0.00     0.00          --          
 13  0.8667    -2.46 dB        0.00     0.00     0.00          --          
 14  0.9333    -1.19 dB        0.00     0.00     0.00          --          
 15  1.0000    0.00 dB         0.00     0.00     0.00          --          

1 MAP:             nonmonotonic (reduction falls by more than 0.5 dB walking from the softer end (position 1 at -12.00)) | sense lower_is_harder | engage -24.00:1 -12.00:3 -6.00:5
2 engage drift:    26.88  -12.00:-10.73  -24.00:16.15  -6.00:-10.23   (primary; displayLinear unset until the population decides)
   offset IQR:      null
3 displayOffsetDb: null
NOT LICENSED suspected (silent, non-finite or not the input's tone at default): output at -6.00 is 0.0% the input's tone; no thresholdSweep written

CANDIDATE [40] Band 4 -> Threshold (flags ) - MDynamicsMBLarge (class bands_or_stages, 22 candidates; the others at their instantiate defaults)
probe: signed EchoJayProbe (feat/ejmap-cert), team 8BT5F9B887, cdhash 06b9a8eb323f17699292139ef27f6206075e8958
host: EJ Map 0.1.0 / arm64 / 48k (native)
threshold: [40] Band 4 -> Threshold unit 'dB' (class bands_or_stages) | positions 16 (16 evenly spaced), one process each, levels quiet to loud
links as instantiated (recorded, not written): [100] Band 1 - General parameters - Link channels = '100.0%', [135] Band 2 - General parameters - Link channels = '100.0%', [170] Band 3 - General parameters - Link channels = '100.0%', [205] Band 4 - General parameters - Link channels = '100.0%', [240] Band 5 - General parameters - Link channels = '100.0%', [275] Band 6 - General parameters - Link channels = '100.0%'
ratio: 16 controls hold the ratio role | auto make-up disabled: no
default-threshold reference ('-20.0 dB', spec 4.7 check only):  -24.00 out-in 0.00  -12.00 out-in 0.00  -6.00 out-in -2.99  (default gain is information only)
linear reference (soft end): none
writes landed by: instack 16
processes: 377 run, 0 retried, 0 position(s) failed
write verify: 16 landed, 0 write_unlanded (skipped), in-stack read already matched on 16 of 16, pump slices total 16, longest confirm 2.6 ms, re-rendered 0
hold doubled at positions: none
still moving AFTER doubling (reading not used): none

pos   norm      display        red@-24  red@-12  red@-6    T(peak)   T-display
  0  0.0000    -80.0 dB          --       --       --          --          
  1  0.0667    -44.8 dB          --       --       --          --          
  2  0.1333    -33.9 dB          --       --       --          --          
  3  0.2000    -27.3 dB          --       --       --          --          
  4  0.2667    -22.5 dB          --       --       --          --          
  5  0.3333    -18.7 dB          --       --       --          --          
  6  0.4000    -15.7 dB          --       --       --          --          
  7  0.4667    -13.0 dB          --       --       --          --          
  8  0.5333    -10.8 dB          --       --       --          --          
  9  0.6000    -8.76 dB          --       --       --          --          
 10  0.6667    -6.96 dB          --       --       --          --          
 11  0.7333    -5.32 dB          --       --       --          --          
 12  0.8000    -3.83 dB          --       --       --          --          
 13  0.8667    -2.46 dB          --       --       --          --          
 14  0.9333    -1.19 dB          --       --       --          --          
 15  1.0000    0.00 dB           --       --       --          --          

1 MAP:             flat (the ends differ by no more than 1 dB at every test level) | sense -- | engage -24.00:none -12.00:none -6.00:none
2 engage drift:    null  (not a dB display)   (primary; displayLinear unset until the population decides)
   offset IQR:      null
3 displayOffsetDb: null
fixture: AudioUnit_61516462_14.16.0.json

CANDIDATE [115] Band 1 - Gate - Threshold (flags ) - MDynamicsMBLarge (class bands_or_stages, 22 candidates; the others at their instantiate defaults)
probe: signed EchoJayProbe (feat/ejmap-cert), team 8BT5F9B887, cdhash 06b9a8eb323f17699292139ef27f6206075e8958
host: EJ Map 0.1.0 / arm64 / 48k (native)
threshold: [115] Band 1 - Gate - Threshold unit 'dB' (class bands_or_stages) | positions 16 (16 evenly spaced), one process each, levels quiet to loud
links as instantiated (recorded, not written): [100] Band 1 - General parameters - Link channels = '100.0%', [135] Band 2 - General parameters - Link channels = '100.0%', [170] Band 3 - General parameters - Link channels = '100.0%', [205] Band 4 - General parameters - Link channels = '100.0%', [240] Band 5 - General parameters - Link channels = '100.0%', [275] Band 6 - General parameters - Link channels = '100.0%'
ratio: 16 controls hold the ratio role | auto make-up disabled: no
default-threshold reference ('-28.0 dB', spec 4.7 check only):  -24.00 out-in 0.00  -12.00 out-in 0.00  -6.00 out-in -2.99  (default gain is information only)
linear reference (soft end): none
writes landed by: instack 16
processes: 377 run, 0 retried, 0 position(s) failed
write verify: 16 landed, 0 write_unlanded (skipped), in-stack read already matched on 16 of 16, pump slices total 16, longest confirm 2.7 ms, re-rendered 0
hold doubled at positions: none
still moving AFTER doubling (reading not used): none

pos   norm      display        red@-24  red@-12  red@-6    T(peak)   T-display
  0  0.0000    -80.0 dB          --       --       --          --          
  1  0.0667    -44.8 dB          --       --       --          --          
  2  0.1333    -33.9 dB          --       --       --          --          
  3  0.2000    -27.3 dB          --       --       --          --          
  4  0.2667    -22.5 dB          --       --       --          --          
  5  0.3333    -18.7 dB          --       --       --          --          
  6  0.4000    -15.7 dB          --       --       --          --          
  7  0.4667    -13.0 dB          --       --       --          --          
  8  0.5333    -10.8 dB          --       --       --          --          
  9  0.6000    -8.76 dB          --       --       --          --          
 10  0.6667    -6.96 dB          --       --       --          --          
 11  0.7333    -5.32 dB          --       --       --          --          
 12  0.8000    -3.83 dB          --       --       --          --          
 13  0.8667    -2.46 dB          --       --       --          --          
 14  0.9333    -1.19 dB          --       --       --          --          
 15  1.0000    0.00 dB           --       --       --          --          

1 MAP:             flat (the ends differ by no more than 1 dB at every test level) | sense -- | engage -24.00:none -12.00:none -6.00:none
2 engage drift:    null  (not a dB display)   (primary; displayLinear unset until the population decides)
   offset IQR:      null
3 displayOffsetDb: null
fixture: AudioUnit_61516462_14.16.0.json

CANDIDATE [120] Band 1 - Processor 1 - Threshold (flags ) - MDynamicsMBLarge (class bands_or_stages, 22 candidates; the others at their instantiate defaults)
probe: signed EchoJayProbe (feat/ejmap-cert), team 8BT5F9B887, cdhash 06b9a8eb323f17699292139ef27f6206075e8958
host: EJ Map 0.1.0 / arm64 / 48k (native)
threshold: [120] Band 1 - Processor 1 - Threshold unit 'dB' (class bands_or_stages) | positions 16 (16 evenly spaced), one process each, levels quiet to loud
links as instantiated (recorded, not written): [100] Band 1 - General parameters - Link channels = '100.0%', [135] Band 2 - General parameters - Link channels = '100.0%', [170] Band 3 - General parameters - Link channels = '100.0%', [205] Band 4 - General parameters - Link channels = '100.0%', [240] Band 5 - General parameters - Link channels = '100.0%', [275] Band 6 - General parameters - Link channels = '100.0%'
ratio: 16 controls hold the ratio role | auto make-up disabled: no
default-threshold reference ('-20.0 dB', spec 4.7 check only):  -24.00 out-in 0.00  -12.00 out-in 0.00  -6.00 out-in -2.99  (default gain is information only)
linear reference (soft end): none
writes landed by: instack 16
processes: 377 run, 0 retried, 0 position(s) failed
write verify: 16 landed, 0 write_unlanded (skipped), in-stack read already matched on 16 of 16, pump slices total 16, longest confirm 2.7 ms, re-rendered 0
hold doubled at positions: none
still moving AFTER doubling (reading not used): none

pos   norm      display        red@-24  red@-12  red@-6    T(peak)   T-display
  0  0.0000    -80.0 dB          --       --       --          --          
  1  0.0667    -44.8 dB          --       --       --          --          
  2  0.1333    -33.9 dB          --       --       --          --          
  3  0.2000    -27.3 dB          --       --       --          --          
  4  0.2667    -22.5 dB          --       --       --          --          
  5  0.3333    -18.7 dB          --       --       --          --          
  6  0.4000    -15.7 dB          --       --       --          --          
  7  0.4667    -13.0 dB          --       --       --          --          
  8  0.5333    -10.8 dB          --       --       --          --          
  9  0.6000    -8.76 dB          --       --       --          --          
 10  0.6667    -6.96 dB          --       --       --          --          
 11  0.7333    -5.32 dB          --       --       --          --          
 12  0.8000    -3.83 dB          --       --       --          --          
 13  0.8667    -2.46 dB          --       --       --          --          
 14  0.9333    -1.19 dB          --       --       --          --          
 15  1.0000    0.00 dB           --       --       --          --          

1 MAP:             flat (the ends differ by no more than 1 dB at every test level) | sense -- | engage -24.00:none -12.00:none -6.00:none
2 engage drift:    null  (not a dB display)   (primary; displayLinear unset until the population decides)
   offset IQR:      null
3 displayOffsetDb: null
fixture: AudioUnit_61516462_14.16.0.json

CANDIDATE [125] Band 1 - Processor 2 - Threshold (flags ) - MDynamicsMBLarge (class bands_or_stages, 22 candidates; the others at their instantiate defaults)
probe: signed EchoJayProbe (feat/ejmap-cert), team 8BT5F9B887, cdhash 06b9a8eb323f17699292139ef27f6206075e8958
host: EJ Map 0.1.0 / arm64 / 48k (native)
threshold: [125] Band 1 - Processor 2 - Threshold unit 'dB' (class bands_or_stages) | positions 16 (16 evenly spaced), one process each, levels quiet to loud
links as instantiated (recorded, not written): [100] Band 1 - General parameters - Link channels = '100.0%', [135] Band 2 - General parameters - Link channels = '100.0%', [170] Band 3 - General parameters - Link channels = '100.0%', [205] Band 4 - General parameters - Link channels = '100.0%', [240] Band 5 - General parameters - Link channels = '100.0%', [275] Band 6 - General parameters - Link channels = '100.0%'
ratio: 16 controls hold the ratio role | auto make-up disabled: no
default-threshold reference ('-24.1 dB', spec 4.7 check only):  -24.00 out-in 0.00  -12.00 out-in 0.00  -6.00 out-in -3.02  (default gain is information only)
linear reference (soft end): none
writes landed by: instack 16
processes: 377 run, 0 retried, 0 position(s) failed
write verify: 16 landed, 0 write_unlanded (skipped), in-stack read already matched on 16 of 16, pump slices total 16, longest confirm 2.6 ms, re-rendered 0
hold doubled at positions: none
still moving AFTER doubling (reading not used): none

pos   norm      display        red@-24  red@-12  red@-6    T(peak)   T-display
  0  0.0000    -80.0 dB          --       --       --          --          
  1  0.0667    -44.8 dB          --       --       --          --          
  2  0.1333    -33.9 dB          --       --       --          --          
  3  0.2000    -27.3 dB          --       --       --          --          
  4  0.2667    -22.5 dB          --       --       --          --          
  5  0.3333    -18.7 dB          --       --       --          --          
  6  0.4000    -15.7 dB          --       --       --          --          
  7  0.4667    -13.0 dB          --       --       --          --          
  8  0.5333    -10.8 dB          --       --       --          --          
  9  0.6000    -8.76 dB          --       --       --          --          
 10  0.6667    -6.96 dB          --       --       --          --          
 11  0.7333    -5.32 dB          --       --       --          --          
 12  0.8000    -3.83 dB          --       --       --          --          
 13  0.8667    -2.46 dB          --       --       --          --          
 14  0.9333    -1.19 dB          --       --       --          --          
 15  1.0000    0.00 dB           --       --       --          --          

1 MAP:             flat (the ends differ by no more than 1 dB at every test level) | sense -- | engage -24.00:none -12.00:none -6.00:none
2 engage drift:    null  (not a dB display)   (primary; displayLinear unset until the population decides)
   offset IQR:      null
3 displayOffsetDb: null
fixture: AudioUnit_61516462_14.16.0.json

CANDIDATE [150] Band 2 - Gate - Threshold (flags ) - MDynamicsMBLarge (class bands_or_stages, 22 candidates; the others at their instantiate defaults)
probe: signed EchoJayProbe (feat/ejmap-cert), team 8BT5F9B887, cdhash 06b9a8eb323f17699292139ef27f6206075e8958
host: EJ Map 0.1.0 / arm64 / 48k (native)
threshold: [150] Band 2 - Gate - Threshold unit 'dB' (class bands_or_stages) | positions 16 (16 evenly spaced), one process each, levels quiet to loud
links as instantiated (recorded, not written): [100] Band 1 - General parameters - Link channels = '100.0%', [135] Band 2 - General parameters - Link channels = '100.0%', [170] Band 3 - General parameters - Link channels = '100.0%', [205] Band 4 - General parameters - Link channels = '100.0%', [240] Band 5 - General parameters - Link channels = '100.0%', [275] Band 6 - General parameters - Link channels = '100.0%'
ratio: 16 controls hold the ratio role | auto make-up disabled: no
default-threshold reference ('-28.0 dB', spec 4.7 check only):  -24.00 out-in 0.00  -12.00 out-in 0.00  -6.00 out-in -2.99  (default gain is information only)
linear reference (soft end): none
writes landed by: instack 16
processes: 377 run, 0 retried, 0 position(s) failed
write verify: 16 landed, 0 write_unlanded (skipped), in-stack read already matched on 16 of 16, pump slices total 16, longest confirm 2.6 ms, re-rendered 0
hold doubled at positions: none
still moving AFTER doubling (reading not used): none

pos   norm      display        red@-24  red@-12  red@-6    T(peak)   T-display
  0  0.0000    -80.0 dB          --       --       --          --          
  1  0.0667    -44.8 dB          --       --       --          --          
  2  0.1333    -33.9 dB          --       --       --          --          
  3  0.2000    -27.3 dB          --       --       --          --          
  4  0.2667    -22.5 dB          --       --       --          --          
  5  0.3333    -18.7 dB          --       --       --          --          
  6  0.4000    -15.7 dB          --       --       --          --          
  7  0.4667    -13.0 dB          --       --       --          --          
  8  0.5333    -10.8 dB          --       --       --          --          
  9  0.6000    -8.76 dB          --       --       --          --          
 10  0.6667    -6.96 dB          --       --       --          --          
 11  0.7333    -5.32 dB          --       --       --          --          
 12  0.8000    -3.83 dB          --       --       --          --          
 13  0.8667    -2.46 dB          --       --       --          --          
 14  0.9333    -1.19 dB          --       --       --          --          
 15  1.0000    0.00 dB           --       --       --          --          

1 MAP:             flat (the ends differ by no more than 1 dB at every test level) | sense -- | engage -24.00:none -12.00:none -6.00:none
2 engage drift:    null  (not a dB display)   (primary; displayLinear unset until the population decides)
   offset IQR:      null
3 displayOffsetDb: null
fixture: AudioUnit_61516462_14.16.0.json

CANDIDATE [155] Band 2 - Processor 1 - Threshold (flags ) - MDynamicsMBLarge (class bands_or_stages, 22 candidates; the others at their instantiate defaults)
probe: signed EchoJayProbe (feat/ejmap-cert), team 8BT5F9B887, cdhash 06b9a8eb323f17699292139ef27f6206075e8958
host: EJ Map 0.1.0 / arm64 / 48k (native)
threshold: [155] Band 2 - Processor 1 - Threshold unit 'dB' (class bands_or_stages) | positions 16 (16 evenly spaced), one process each, levels quiet to loud
links as instantiated (recorded, not written): [100] Band 1 - General parameters - Link channels = '100.0%', [135] Band 2 - General parameters - Link channels = '100.0%', [170] Band 3 - General parameters - Link channels = '100.0%', [205] Band 4 - General parameters - Link channels = '100.0%', [240] Band 5 - General parameters - Link channels = '100.0%', [275] Band 6 - General parameters - Link channels = '100.0%'
ratio: 16 controls hold the ratio role | auto make-up disabled: no
default-threshold reference ('-20.0 dB', spec 4.7 check only):  -24.00 out-in 0.00  -12.00 out-in 0.00  -6.00 out-in -2.99  (default gain is information only)
linear reference (soft end, position 15):  -24.00 0.00  -12.00 0.00  -6.00 -1.35  | spread 1.35 dB (unusable beyond 2.0)
writes landed by: instack 16
processes: 377 run, 0 retried, 0 position(s) failed
write verify: 16 landed, 0 write_unlanded (skipped), in-stack read already matched on 16 of 16, pump slices total 16, longest confirm 2.6 ms, re-rendered 0
hold doubled at positions: none
still moving AFTER doubling (reading not used): none

pos   norm      display        red@-24  red@-12  red@-6    T(peak)   T-display
  0  0.0000    -80.0 dB        5.84     5.92     7.50          --          
  1  0.0667    -44.8 dB        3.25     4.65     6.21          --          
  2  0.1333    -33.9 dB        0.32     3.21     4.86          --          
  3  0.2000    -27.3 dB        0.00     1.80     3.56          --          
  4  0.2667    -22.5 dB        0.00     0.47     2.36          --          
  5  0.3333    -18.7 dB        0.00     0.00     1.25          --          
  6  0.4000    -15.7 dB        0.00     0.00     0.23          --          
  7  0.4667    -13.0 dB        0.00     0.00     0.00          --          
  8  0.5333    -10.8 dB        0.00     0.00     0.00          --          
  9  0.6000    -8.76 dB        0.00     0.00     0.00          --          
 10  0.6667    -6.96 dB        0.00     0.00     0.00          --          
 11  0.7333    -5.32 dB        0.00     0.00     0.00          --          
 12  0.8000    -3.83 dB        0.00     0.00     0.00          --          
 13  0.8667    -2.46 dB        0.00     0.00     0.00          --          
 14  0.9333    -1.19 dB        0.00     0.00     0.00          --          
 15  1.0000    0.00 dB         0.00     0.00     0.00          --          

1 MAP:             certified (ratio unknown (no ratio control): no dB-equivalent map) | sense lower_is_harder | engage -24.00:1 -12.00:3 -6.00:5
2 engage drift:    26.61  -12.00:-9.24  -24.00:16.50  -6.00:-10.12   (primary; displayLinear unset until the population decides)
   offset IQR:      null
3 displayOffsetDb: null
fixture: AudioUnit_61516462_14.16.0.json

CANDIDATE [160] Band 2 - Processor 2 - Threshold (flags ) - MDynamicsMBLarge (class bands_or_stages, 22 candidates; the others at their instantiate defaults)
probe: signed EchoJayProbe (feat/ejmap-cert), team 8BT5F9B887, cdhash 06b9a8eb323f17699292139ef27f6206075e8958
host: EJ Map 0.1.0 / arm64 / 48k (native)
threshold: [160] Band 2 - Processor 2 - Threshold unit 'dB' (class bands_or_stages) | positions 16 (16 evenly spaced), one process each, levels quiet to loud
links as instantiated (recorded, not written): [100] Band 1 - General parameters - Link channels = '100.0%', [135] Band 2 - General parameters - Link channels = '100.0%', [170] Band 3 - General parameters - Link channels = '100.0%', [205] Band 4 - General parameters - Link channels = '100.0%', [240] Band 5 - General parameters - Link channels = '100.0%', [275] Band 6 - General parameters - Link channels = '100.0%'
ratio: 16 controls hold the ratio role | auto make-up disabled: no
default-threshold reference ('-24.1 dB', spec 4.7 check only):  -24.00 out-in 0.00  -12.00 out-in 0.00  -6.00 out-in -2.99  (default gain is information only)
linear reference (soft end): none
writes landed by: instack 16
processes: 377 run, 0 retried, 0 position(s) failed
write verify: 16 landed, 0 write_unlanded (skipped), in-stack read already matched on 16 of 16, pump slices total 16, longest confirm 2.6 ms, re-rendered 0
hold doubled at positions: none
still moving AFTER doubling (reading not used): none

pos   norm      display        red@-24  red@-12  red@-6    T(peak)   T-display
  0  0.0000    -80.0 dB          --       --       --          --          
  1  0.0667    -44.8 dB          --       --       --          --          
  2  0.1333    -33.9 dB          --       --       --          --          
  3  0.2000    -27.3 dB          --       --       --          --          
  4  0.2667    -22.5 dB          --       --       --          --          
  5  0.3333    -18.7 dB          --       --       --          --          
  6  0.4000    -15.7 dB          --       --       --          --          
  7  0.4667    -13.0 dB          --       --       --          --          
  8  0.5333    -10.8 dB          --       --       --          --          
  9  0.6000    -8.76 dB          --       --       --          --          
 10  0.6667    -6.96 dB          --       --       --          --          
 11  0.7333    -5.32 dB          --       --       --          --          
 12  0.8000    -3.83 dB          --       --       --          --          
 13  0.8667    -2.46 dB          --       --       --          --          
 14  0.9333    -1.19 dB          --       --       --          --          
 15  1.0000    0.00 dB           --       --       --          --          

1 MAP:             flat (the ends differ by no more than 1 dB at every test level) | sense -- | engage -24.00:none -12.00:none -6.00:none
2 engage drift:    null  (not a dB display)   (primary; displayLinear unset until the population decides)
   offset IQR:      null
3 displayOffsetDb: null
fixture: AudioUnit_61516462_14.16.0.json

CANDIDATE [185] Band 3 - Gate - Threshold (flags ) - MDynamicsMBLarge (class bands_or_stages, 22 candidates; the others at their instantiate defaults)
probe: signed EchoJayProbe (feat/ejmap-cert), team 8BT5F9B887, cdhash 06b9a8eb323f17699292139ef27f6206075e8958
host: EJ Map 0.1.0 / arm64 / 48k (native)
threshold: [185] Band 3 - Gate - Threshold unit 'dB' (class bands_or_stages) | positions 16 (16 evenly spaced), one process each, levels quiet to loud
links as instantiated (recorded, not written): [100] Band 1 - General parameters - Link channels = '100.0%', [135] Band 2 - General parameters - Link channels = '100.0%', [170] Band 3 - General parameters - Link channels = '100.0%', [205] Band 4 - General parameters - Link channels = '100.0%', [240] Band 5 - General parameters - Link channels = '100.0%', [275] Band 6 - General parameters - Link channels = '100.0%'
ratio: 16 controls hold the ratio role | auto make-up disabled: no
default-threshold reference ('-28.0 dB', spec 4.7 check only):  -24.00 out-in 0.00  -12.00 out-in 0.00  -6.00 out-in -2.99  (default gain is information only)
linear reference (soft end): none
writes landed by: instack 16
processes: 377 run, 0 retried, 0 position(s) failed
write verify: 16 landed, 0 write_unlanded (skipped), in-stack read already matched on 16 of 16, pump slices total 16, longest confirm 2.6 ms, re-rendered 0
hold doubled at positions: none
still moving AFTER doubling (reading not used): none

pos   norm      display        red@-24  red@-12  red@-6    T(peak)   T-display
  0  0.0000    -80.0 dB          --       --       --          --          
  1  0.0667    -44.8 dB          --       --       --          --          
  2  0.1333    -33.9 dB          --       --       --          --          
  3  0.2000    -27.3 dB          --       --       --          --          
  4  0.2667    -22.5 dB          --       --       --          --          
  5  0.3333    -18.7 dB          --       --       --          --          
  6  0.4000    -15.7 dB          --       --       --          --          
  7  0.4667    -13.0 dB          --       --       --          --          
  8  0.5333    -10.8 dB          --       --       --          --          
  9  0.6000    -8.76 dB          --       --       --          --          
 10  0.6667    -6.96 dB          --       --       --          --          
 11  0.7333    -5.32 dB          --       --       --          --          
 12  0.8000    -3.83 dB          --       --       --          --          
 13  0.8667    -2.46 dB          --       --       --          --          
 14  0.9333    -1.19 dB          --       --       --          --          
 15  1.0000    0.00 dB           --       --       --          --          

1 MAP:             flat (the ends differ by no more than 1 dB at every test level) | sense -- | engage -24.00:none -12.00:none -6.00:none
2 engage drift:    null  (not a dB display)   (primary; displayLinear unset until the population decides)
   offset IQR:      null
3 displayOffsetDb: null
fixture: AudioUnit_61516462_14.16.0.json

CANDIDATE [190] Band 3 - Processor 1 - Threshold (flags ) - MDynamicsMBLarge (class bands_or_stages, 22 candidates; the others at their instantiate defaults)
probe: signed EchoJayProbe (feat/ejmap-cert), team 8BT5F9B887, cdhash 06b9a8eb323f17699292139ef27f6206075e8958
host: EJ Map 0.1.0 / arm64 / 48k (native)
threshold: [190] Band 3 - Processor 1 - Threshold unit 'dB' (class bands_or_stages) | positions 16 (16 evenly spaced), one process each, levels quiet to loud
links as instantiated (recorded, not written): [100] Band 1 - General parameters - Link channels = '100.0%', [135] Band 2 - General parameters - Link channels = '100.0%', [170] Band 3 - General parameters - Link channels = '100.0%', [205] Band 4 - General parameters - Link channels = '100.0%', [240] Band 5 - General parameters - Link channels = '100.0%', [275] Band 6 - General parameters - Link channels = '100.0%'
ratio: 16 controls hold the ratio role | auto make-up disabled: no
default-threshold reference ('-20.0 dB', spec 4.7 check only):  -24.00 out-in 0.00  -12.00 out-in 0.00  -6.00 out-in -2.99  (default gain is information only)
linear reference (soft end, position 15):  -24.00 0.00  -12.00 0.00  -6.00 -1.39  | spread 1.39 dB (unusable beyond 2.0)
writes landed by: instack 16
processes: 377 run, 0 retried, 0 position(s) failed
write verify: 16 landed, 0 write_unlanded (skipped), in-stack read already matched on 16 of 16, pump slices total 16, longest confirm 2.7 ms, re-rendered 0
hold doubled at positions: none
still moving AFTER doubling (reading not used): none

pos   norm      display        red@-24  red@-12  red@-6    T(peak)   T-display
  0  0.0000    -80.0 dB        5.76     5.83     7.42          --          
  1  0.0667    -44.8 dB        3.19     4.58     6.15          --          
  2  0.1333    -33.9 dB        0.29     3.16     4.80          --          
  3  0.2000    -27.3 dB        0.00     1.76     3.52          --          
  4  0.2667    -22.5 dB        0.00     0.44     2.32          --          
  5  0.3333    -18.7 dB        0.00     0.00     1.22          --          
  6  0.4000    -15.7 dB        0.00     0.00     0.20          --          
  7  0.4667    -13.0 dB        0.00     0.00     0.00          --          
  8  0.5333    -10.8 dB        0.00     0.00     0.00          --          
  9  0.6000    -8.76 dB        0.00     0.00     0.00          --          
 10  0.6667    -6.96 dB        0.00     0.00     0.00          --          
 11  0.7333    -5.32 dB        0.00     0.00     0.00          --          
 12  0.8000    -3.83 dB        0.00     0.00     0.00          --          
 13  0.8667    -2.46 dB        0.00     0.00     0.00          --          
 14  0.9333    -1.19 dB        0.00     0.00     0.00          --          
 15  1.0000    0.00 dB         0.00     0.00     0.00          --          

1 MAP:             certified (ratio unknown (no ratio control): no dB-equivalent map) | sense lower_is_harder | engage -24.00:1 -12.00:3 -6.00:5
2 engage drift:    26.38  -12.00:-9.38  -24.00:16.15  -6.00:-10.23   (primary; displayLinear unset until the population decides)
   offset IQR:      null
3 displayOffsetDb: null
fixture: AudioUnit_61516462_14.16.0.json

CANDIDATE [195] Band 3 - Processor 2 - Threshold (flags ) - MDynamicsMBLarge (class bands_or_stages, 22 candidates; the others at their instantiate defaults)
probe: signed EchoJayProbe (feat/ejmap-cert), team 8BT5F9B887, cdhash 06b9a8eb323f17699292139ef27f6206075e8958
host: EJ Map 0.1.0 / arm64 / 48k (native)
threshold: [195] Band 3 - Processor 2 - Threshold unit 'dB' (class bands_or_stages) | positions 16 (16 evenly spaced), one process each, levels quiet to loud
links as instantiated (recorded, not written): [100] Band 1 - General parameters - Link channels = '100.0%', [135] Band 2 - General parameters - Link channels = '100.0%', [170] Band 3 - General parameters - Link channels = '100.0%', [205] Band 4 - General parameters - Link channels = '100.0%', [240] Band 5 - General parameters - Link channels = '100.0%', [275] Band 6 - General parameters - Link channels = '100.0%'
ratio: 16 controls hold the ratio role | auto make-up disabled: no
default-threshold reference ('-24.1 dB', spec 4.7 check only):  -24.00 out-in 0.00  -12.00 out-in 0.00  -6.00 out-in -2.99  (default gain is information only)
linear reference (soft end): none
writes landed by: instack 16
processes: 377 run, 0 retried, 0 position(s) failed
write verify: 16 landed, 0 write_unlanded (skipped), in-stack read already matched on 16 of 16, pump slices total 16, longest confirm 2.7 ms, re-rendered 0
hold doubled at positions: none
still moving AFTER doubling (reading not used): none

pos   norm      display        red@-24  red@-12  red@-6    T(peak)   T-display
  0  0.0000    -80.0 dB          --       --       --          --          
  1  0.0667    -44.8 dB          --       --       --          --          
  2  0.1333    -33.9 dB          --       --       --          --          
  3  0.2000    -27.3 dB          --       --       --          --          
  4  0.2667    -22.5 dB          --       --       --          --          
  5  0.3333    -18.7 dB          --       --       --          --          
  6  0.4000    -15.7 dB          --       --       --          --          
  7  0.4667    -13.0 dB          --       --       --          --          
  8  0.5333    -10.8 dB          --       --       --          --          
  9  0.6000    -8.76 dB          --       --       --          --          
 10  0.6667    -6.96 dB          --       --       --          --          
 11  0.7333    -5.32 dB          --       --       --          --          
 12  0.8000    -3.83 dB          --       --       --          --          
 13  0.8667    -2.46 dB          --       --       --          --          
 14  0.9333    -1.19 dB          --       --       --          --          
 15  1.0000    0.00 dB           --       --       --          --          

1 MAP:             flat (the ends differ by no more than 1 dB at every test level) | sense -- | engage -24.00:none -12.00:none -6.00:none
2 engage drift:    null  (not a dB display)   (primary; displayLinear unset until the population decides)
   offset IQR:      null
3 displayOffsetDb: null
fixture: AudioUnit_61516462_14.16.0.json

CANDIDATE [220] Band 4 - Gate - Threshold (flags ) - MDynamicsMBLarge (class bands_or_stages, 22 candidates; the others at their instantiate defaults)
probe: signed EchoJayProbe (feat/ejmap-cert), team 8BT5F9B887, cdhash 06b9a8eb323f17699292139ef27f6206075e8958
host: EJ Map 0.1.0 / arm64 / 48k (native)
threshold: [220] Band 4 - Gate - Threshold unit 'dB' (class bands_or_stages) | positions 16 (16 evenly spaced), one process each, levels quiet to loud
links as instantiated (recorded, not written): [100] Band 1 - General parameters - Link channels = '100.0%', [135] Band 2 - General parameters - Link channels = '100.0%', [170] Band 3 - General parameters - Link channels = '100.0%', [205] Band 4 - General parameters - Link channels = '100.0%', [240] Band 5 - General parameters - Link channels = '100.0%', [275] Band 6 - General parameters - Link channels = '100.0%'
ratio: 16 controls hold the ratio role | auto make-up disabled: no
default-threshold reference ('-28.0 dB', spec 4.7 check only):  -24.00 out-in 0.00  -12.00 out-in 0.00  -6.00 out-in -2.99  (default gain is information only)
linear reference (soft end): none
writes landed by: instack 16
processes: 377 run, 0 retried, 0 position(s) failed
write verify: 16 landed, 0 write_unlanded (skipped), in-stack read already matched on 16 of 16, pump slices total 16, longest confirm 2.7 ms, re-rendered 0
hold doubled at positions: none
still moving AFTER doubling (reading not used): none

pos   norm      display        red@-24  red@-12  red@-6    T(peak)   T-display
  0  0.0000    -80.0 dB          --       --       --          --          
  1  0.0667    -44.8 dB          --       --       --          --          
  2  0.1333    -33.9 dB          --       --       --          --          
  3  0.2000    -27.3 dB          --       --       --          --          
  4  0.2667    -22.5 dB          --       --       --          --          
  5  0.3333    -18.7 dB          --       --       --          --          
  6  0.4000    -15.7 dB          --       --       --          --          
  7  0.4667    -13.0 dB          --       --       --          --          
  8  0.5333    -10.8 dB          --       --       --          --          
  9  0.6000    -8.76 dB          --       --       --          --          
 10  0.6667    -6.96 dB          --       --       --          --          
 11  0.7333    -5.32 dB          --       --       --          --          
 12  0.8000    -3.83 dB          --       --       --          --          
 13  0.8667    -2.46 dB          --       --       --          --          
 14  0.9333    -1.19 dB          --       --       --          --          
 15  1.0000    0.00 dB           --       --       --          --          

1 MAP:             flat (the ends differ by no more than 1 dB at every test level) | sense -- | engage -24.00:none -12.00:none -6.00:none
2 engage drift:    null  (not a dB display)   (primary; displayLinear unset until the population decides)
   offset IQR:      null
3 displayOffsetDb: null
fixture: AudioUnit_61516462_14.16.0.json

CANDIDATE [225] Band 4 - Processor 1 - Threshold (flags ) - MDynamicsMBLarge (class bands_or_stages, 22 candidates; the others at their instantiate defaults)
probe: signed EchoJayProbe (feat/ejmap-cert), team 8BT5F9B887, cdhash 06b9a8eb323f17699292139ef27f6206075e8958
host: EJ Map 0.1.0 / arm64 / 48k (native)
threshold: [225] Band 4 - Processor 1 - Threshold unit 'dB' (class bands_or_stages) | positions 16 (16 evenly spaced), one process each, levels quiet to loud
links as instantiated (recorded, not written): [100] Band 1 - General parameters - Link channels = '100.0%', [135] Band 2 - General parameters - Link channels = '100.0%', [170] Band 3 - General parameters - Link channels = '100.0%', [205] Band 4 - General parameters - Link channels = '100.0%', [240] Band 5 - General parameters - Link channels = '100.0%', [275] Band 6 - General parameters - Link channels = '100.0%'
ratio: 16 controls hold the ratio role | auto make-up disabled: no
default-threshold reference ('-20.0 dB', spec 4.7 check only):  -24.00 out-in 0.00  -12.00 out-in 0.00  -6.00 out-in -2.99  (default gain is information only)
linear reference (soft end): none
writes landed by: instack 16
processes: 377 run, 0 retried, 0 position(s) failed
write verify: 16 landed, 0 write_unlanded (skipped), in-stack read already matched on 16 of 16, pump slices total 16, longest confirm 2.7 ms, re-rendered 0
hold doubled at positions: none
still moving AFTER doubling (reading not used): none

pos   norm      display        red@-24  red@-12  red@-6    T(peak)   T-display
  0  0.0000    -80.0 dB          --       --       --          --          
  1  0.0667    -44.8 dB          --       --       --          --          
  2  0.1333    -33.9 dB          --       --       --          --          
  3  0.2000    -27.3 dB          --       --       --          --          
  4  0.2667    -22.5 dB          --       --       --          --          
  5  0.3333    -18.7 dB          --       --       --          --          
  6  0.4000    -15.7 dB          --       --       --          --          
  7  0.4667    -13.0 dB          --       --       --          --          
  8  0.5333    -10.8 dB          --       --       --          --          
  9  0.6000    -8.76 dB          --       --       --          --          
 10  0.6667    -6.96 dB          --       --       --          --          
 11  0.7333    -5.32 dB          --       --       --          --          
 12  0.8000    -3.83 dB          --       --       --          --          
 13  0.8667    -2.46 dB          --       --       --          --          
 14  0.9333    -1.19 dB          --       --       --          --          
 15  1.0000    0.00 dB           --       --       --          --          

1 MAP:             flat (the ends differ by no more than 1 dB at every test level) | sense -- | engage -24.00:none -12.00:none -6.00:none
2 engage drift:    null  (not a dB display)   (primary; displayLinear unset until the population decides)
   offset IQR:      null
3 displayOffsetDb: null
fixture: AudioUnit_61516462_14.16.0.json

CANDIDATE [230] Band 4 - Processor 2 - Threshold (flags ) - MDynamicsMBLarge (class bands_or_stages, 22 candidates; the others at their instantiate defaults)
probe: signed EchoJayProbe (feat/ejmap-cert), team 8BT5F9B887, cdhash 06b9a8eb323f17699292139ef27f6206075e8958
host: EJ Map 0.1.0 / arm64 / 48k (native)
threshold: [230] Band 4 - Processor 2 - Threshold unit 'dB' (class bands_or_stages) | positions 16 (16 evenly spaced), one process each, levels quiet to loud
links as instantiated (recorded, not written): [100] Band 1 - General parameters - Link channels = '100.0%', [135] Band 2 - General parameters - Link channels = '100.0%', [170] Band 3 - General parameters - Link channels = '100.0%', [205] Band 4 - General parameters - Link channels = '100.0%', [240] Band 5 - General parameters - Link channels = '100.0%', [275] Band 6 - General parameters - Link channels = '100.0%'
ratio: 16 controls hold the ratio role | auto make-up disabled: no
default-threshold reference ('-24.1 dB', spec 4.7 check only):  -24.00 out-in 0.00  -12.00 out-in 0.00  -6.00 out-in -2.99  (default gain is information only)
linear reference (soft end): none
writes landed by: instack 16
processes: 377 run, 0 retried, 0 position(s) failed
write verify: 16 landed, 0 write_unlanded (skipped), in-stack read already matched on 16 of 16, pump slices total 16, longest confirm 2.7 ms, re-rendered 0
hold doubled at positions: none
still moving AFTER doubling (reading not used): none

pos   norm      display        red@-24  red@-12  red@-6    T(peak)   T-display
  0  0.0000    -80.0 dB          --       --       --          --          
  1  0.0667    -44.8 dB          --       --       --          --          
  2  0.1333    -33.9 dB          --       --       --          --          
  3  0.2000    -27.3 dB          --       --       --          --          
  4  0.2667    -22.5 dB          --       --       --          --          
  5  0.3333    -18.7 dB          --       --       --          --          
  6  0.4000    -15.7 dB          --       --       --          --          
  7  0.4667    -13.0 dB          --       --       --          --          
  8  0.5333    -10.8 dB          --       --       --          --          
  9  0.6000    -8.76 dB          --       --       --          --          
 10  0.6667    -6.96 dB          --       --       --          --          
 11  0.7333    -5.32 dB          --       --       --          --          
 12  0.8000    -3.83 dB          --       --       --          --          
 13  0.8667    -2.46 dB          --       --       --          --          
 14  0.9333    -1.19 dB          --       --       --          --          
 15  1.0000    0.00 dB           --       --       --          --          

1 MAP:             flat (the ends differ by no more than 1 dB at every test level) | sense -- | engage -24.00:none -12.00:none -6.00:none
2 engage drift:    null  (not a dB display)   (primary; displayLinear unset until the population decides)
   offset IQR:      null
3 displayOffsetDb: null
fixture: AudioUnit_61516462_14.16.0.json

CANDIDATE [255] Band 5 - Gate - Threshold (flags ) - MDynamicsMBLarge (class bands_or_stages, 22 candidates; the others at their instantiate defaults)
probe: signed EchoJayProbe (feat/ejmap-cert), team 8BT5F9B887, cdhash 06b9a8eb323f17699292139ef27f6206075e8958
host: EJ Map 0.1.0 / arm64 / 48k (native)
threshold: [255] Band 5 - Gate - Threshold unit 'dB' (class bands_or_stages) | positions 16 (16 evenly spaced), one process each, levels quiet to loud
links as instantiated (recorded, not written): [100] Band 1 - General parameters - Link channels = '100.0%', [135] Band 2 - General parameters - Link channels = '100.0%', [170] Band 3 - General parameters - Link channels = '100.0%', [205] Band 4 - General parameters - Link channels = '100.0%', [240] Band 5 - General parameters - Link channels = '100.0%', [275] Band 6 - General parameters - Link channels = '100.0%'
ratio: 16 controls hold the ratio role | auto make-up disabled: no
default-threshold reference ('-28.0 dB', spec 4.7 check only):  -24.00 out-in 0.00  -12.00 out-in 0.00  -6.00 out-in -2.99  (default gain is information only)
linear reference (soft end): none
writes landed by: instack 16
processes: 377 run, 0 retried, 0 position(s) failed
write verify: 16 landed, 0 write_unlanded (skipped), in-stack read already matched on 16 of 16, pump slices total 16, longest confirm 2.7 ms, re-rendered 0
hold doubled at positions: none
still moving AFTER doubling (reading not used): none

pos   norm      display        red@-24  red@-12  red@-6    T(peak)   T-display
  0  0.0000    -80.0 dB          --       --       --          --          
  1  0.0667    -44.8 dB          --       --       --          --          
  2  0.1333    -33.9 dB          --       --       --          --          
  3  0.2000    -27.3 dB          --       --       --          --          
  4  0.2667    -22.5 dB          --       --       --          --          
  5  0.3333    -18.7 dB          --       --       --          --          
  6  0.4000    -15.7 dB          --       --       --          --          
  7  0.4667    -13.0 dB          --       --       --          --          
  8  0.5333    -10.8 dB          --       --       --          --          
  9  0.6000    -8.76 dB          --       --       --          --          
 10  0.6667    -6.96 dB          --       --       --          --          
 11  0.7333    -5.32 dB          --       --       --          --          
 12  0.8000    -3.83 dB          --       --       --          --          
 13  0.8667    -2.46 dB          --       --       --          --          
 14  0.9333    -1.19 dB          --       --       --          --          
 15  1.0000    0.00 dB           --       --       --          --          

1 MAP:             flat (the ends differ by no more than 1 dB at every test level) | sense -- | engage -24.00:none -12.00:none -6.00:none
2 engage drift:    null  (not a dB display)   (primary; displayLinear unset until the population decides)
   offset IQR:      null
3 displayOffsetDb: null
fixture: AudioUnit_61516462_14.16.0.json

CANDIDATE [260] Band 5 - Processor 1 - Threshold (flags ) - MDynamicsMBLarge (class bands_or_stages, 22 candidates; the others at their instantiate defaults)
probe: signed EchoJayProbe (feat/ejmap-cert), team 8BT5F9B887, cdhash 06b9a8eb323f17699292139ef27f6206075e8958
host: EJ Map 0.1.0 / arm64 / 48k (native)
threshold: [260] Band 5 - Processor 1 - Threshold unit 'dB' (class bands_or_stages) | positions 16 (16 evenly spaced), one process each, levels quiet to loud
links as instantiated (recorded, not written): [100] Band 1 - General parameters - Link channels = '100.0%', [135] Band 2 - General parameters - Link channels = '100.0%', [170] Band 3 - General parameters - Link channels = '100.0%', [205] Band 4 - General parameters - Link channels = '100.0%', [240] Band 5 - General parameters - Link channels = '100.0%', [275] Band 6 - General parameters - Link channels = '100.0%'
ratio: 16 controls hold the ratio role | auto make-up disabled: no
default-threshold reference ('-12.0 dB', spec 4.7 check only):  -24.00 out-in 0.00  -12.00 out-in 0.00  -6.00 out-in -2.99  (default gain is information only)
linear reference (soft end): none
writes landed by: instack 16
processes: 377 run, 0 retried, 0 position(s) failed
write verify: 16 landed, 0 write_unlanded (skipped), in-stack read already matched on 16 of 16, pump slices total 16, longest confirm 2.7 ms, re-rendered 0
hold doubled at positions: none
still moving AFTER doubling (reading not used): none

pos   norm      display        red@-24  red@-12  red@-6    T(peak)   T-display
  0  0.0000    -80.0 dB          --       --       --          --          
  1  0.0667    -44.8 dB          --       --       --          --          
  2  0.1333    -33.9 dB          --       --       --          --          
  3  0.2000    -27.3 dB          --       --       --          --          
  4  0.2667    -22.5 dB          --       --       --          --          
  5  0.3333    -18.7 dB          --       --       --          --          
  6  0.4000    -15.7 dB          --       --       --          --          
  7  0.4667    -13.0 dB          --       --       --          --          
  8  0.5333    -10.8 dB          --       --       --          --          
  9  0.6000    -8.76 dB          --       --       --          --          
 10  0.6667    -6.96 dB          --       --       --          --          
 11  0.7333    -5.32 dB          --       --       --          --          
 12  0.8000    -3.83 dB          --       --       --          --          
 13  0.8667    -2.46 dB          --       --       --          --          
 14  0.9333    -1.19 dB          --       --       --          --          
 15  1.0000    0.00 dB           --       --       --          --          

1 MAP:             flat (the ends differ by no more than 1 dB at every test level) | sense -- | engage -24.00:none -12.00:none -6.00:none
2 engage drift:    null  (not a dB display)   (primary; displayLinear unset until the population decides)
   offset IQR:      null
3 displayOffsetDb: null
fixture: AudioUnit_61516462_14.16.0.json

CANDIDATE [265] Band 5 - Processor 2 - Threshold (flags ) - MDynamicsMBLarge (class bands_or_stages, 22 candidates; the others at their instantiate defaults)
probe: signed EchoJayProbe (feat/ejmap-cert), team 8BT5F9B887, cdhash 06b9a8eb323f17699292139ef27f6206075e8958
host: EJ Map 0.1.0 / arm64 / 48k (native)
threshold: [265] Band 5 - Processor 2 - Threshold unit 'dB' (class bands_or_stages) | positions 16 (16 evenly spaced), one process each, levels quiet to loud
links as instantiated (recorded, not written): [100] Band 1 - General parameters - Link channels = '100.0%', [135] Band 2 - General parameters - Link channels = '100.0%', [170] Band 3 - General parameters - Link channels = '100.0%', [205] Band 4 - General parameters - Link channels = '100.0%', [240] Band 5 - General parameters - Link channels = '100.0%', [275] Band 6 - General parameters - Link channels = '100.0%'
ratio: 16 controls hold the ratio role | auto make-up disabled: no
default-threshold reference ('-24.1 dB', spec 4.7 check only):  -24.00 out-in 0.00  -12.00 out-in 0.00  -6.00 out-in -2.99  (default gain is information only)
linear reference (soft end): none
writes landed by: instack 16
processes: 377 run, 0 retried, 0 position(s) failed
write verify: 16 landed, 0 write_unlanded (skipped), in-stack read already matched on 16 of 16, pump slices total 16, longest confirm 2.6 ms, re-rendered 0
hold doubled at positions: none
still moving AFTER doubling (reading not used): none

pos   norm      display        red@-24  red@-12  red@-6    T(peak)   T-display
  0  0.0000    -80.0 dB          --       --       --          --          
  1  0.0667    -44.8 dB          --       --       --          --          
  2  0.1333    -33.9 dB          --       --       --          --          
  3  0.2000    -27.3 dB          --       --       --          --          
  4  0.2667    -22.5 dB          --       --       --          --          
  5  0.3333    -18.7 dB          --       --       --          --          
  6  0.4000    -15.7 dB          --       --       --          --          
  7  0.4667    -13.0 dB          --       --       --          --          
  8  0.5333    -10.8 dB          --       --       --          --          
  9  0.6000    -8.76 dB          --       --       --          --          
 10  0.6667    -6.96 dB          --       --       --          --          
 11  0.7333    -5.32 dB          --       --       --          --          
 12  0.8000    -3.83 dB          --       --       --          --          
 13  0.8667    -2.46 dB          --       --       --          --          
 14  0.9333    -1.19 dB          --       --       --          --          
 15  1.0000    0.00 dB           --       --       --          --          

1 MAP:             flat (the ends differ by no more than 1 dB at every test level) | sense -- | engage -24.00:none -12.00:none -6.00:none
2 engage drift:    null  (not a dB display)   (primary; displayLinear unset until the population decides)
   offset IQR:      null
3 displayOffsetDb: null
fixture: AudioUnit_61516462_14.16.0.json

CANDIDATE [290] Band 6 - Gate - Threshold (flags ) - MDynamicsMBLarge (class bands_or_stages, 22 candidates; the others at their instantiate defaults)
probe: signed EchoJayProbe (feat/ejmap-cert), team 8BT5F9B887, cdhash 06b9a8eb323f17699292139ef27f6206075e8958
host: EJ Map 0.1.0 / arm64 / 48k (native)
threshold: [290] Band 6 - Gate - Threshold unit 'dB' (class bands_or_stages) | positions 16 (16 evenly spaced), one process each, levels quiet to loud
links as instantiated (recorded, not written): [100] Band 1 - General parameters - Link channels = '100.0%', [135] Band 2 - General parameters - Link channels = '100.0%', [170] Band 3 - General parameters - Link channels = '100.0%', [205] Band 4 - General parameters - Link channels = '100.0%', [240] Band 5 - General parameters - Link channels = '100.0%', [275] Band 6 - General parameters - Link channels = '100.0%'
ratio: 16 controls hold the ratio role | auto make-up disabled: no
default-threshold reference ('-28.0 dB', spec 4.7 check only):  -24.00 out-in 0.00  -12.00 out-in -29.75  -6.00 out-in -2.99  (default gain is information only)
linear reference (soft end): none
writes landed by: instack 16
processes: 377 run, 0 retried, 0 position(s) failed
write verify: 16 landed, 0 write_unlanded (skipped), in-stack read already matched on 16 of 16, pump slices total 16, longest confirm 2.6 ms, re-rendered 0
hold doubled at positions: none
still moving AFTER doubling (reading not used): none

pos   norm      display        red@-24  red@-12  red@-6    T(peak)   T-display
  0  0.0000    -80.0 dB          --       --       --          --          
  1  0.0667    -44.8 dB          --       --       --          --          
  2  0.1333    -33.9 dB          --       --       --          --          
  3  0.2000    -27.3 dB          --       --       --          --          
  4  0.2667    -22.5 dB          --       --       --          --          
  5  0.3333    -18.7 dB          --       --       --          --          
  6  0.4000    -15.7 dB          --       --       --          --          
  7  0.4667    -13.0 dB          --       --       --          --          
  8  0.5333    -10.8 dB          --       --       --          --          
  9  0.6000    -8.76 dB          --       --       --          --          
 10  0.6667    -6.96 dB          --       --       --          --          
 11  0.7333    -5.32 dB          --       --       --          --          
 12  0.8000    -3.83 dB          --       --       --          --          
 13  0.8667    -2.46 dB          --       --       --          --          
 14  0.9333    -1.19 dB          --       --       --          --          
 15  1.0000    0.00 dB           --       --       --          --          

1 MAP:             flat (the ends differ by no more than 1 dB at every test level) | sense -- | engage -24.00:none -12.00:none -6.00:none
2 engage drift:    null  (not a dB display)   (primary; displayLinear unset until the population decides)
   offset IQR:      null
3 displayOffsetDb: null
NOT LICENSED suspected (silent, non-finite or not the input's tone at default): output at -12.00 is 0.0% the input's tone; no thresholdSweep written

CANDIDATE [295] Band 6 - Processor 1 - Threshold (flags ) - MDynamicsMBLarge (class bands_or_stages, 22 candidates; the others at their instantiate defaults)
probe: signed EchoJayProbe (feat/ejmap-cert), team 8BT5F9B887, cdhash 06b9a8eb323f17699292139ef27f6206075e8958
host: EJ Map 0.1.0 / arm64 / 48k (native)
threshold: [295] Band 6 - Processor 1 - Threshold unit 'dB' (class bands_or_stages) | positions 16 (16 evenly spaced), one process each, levels quiet to loud
links as instantiated (recorded, not written): [100] Band 1 - General parameters - Link channels = '100.0%', [135] Band 2 - General parameters - Link channels = '100.0%', [170] Band 3 - General parameters - Link channels = '100.0%', [205] Band 4 - General parameters - Link channels = '100.0%', [240] Band 5 - General parameters - Link channels = '100.0%', [275] Band 6 - General parameters - Link channels = '100.0%'
ratio: 16 controls hold the ratio role | auto make-up disabled: no
default-threshold reference ('-12.0 dB', spec 4.7 check only):  -24.00 out-in 0.00  -12.00 out-in 0.00  -6.00 out-in -2.99  (default gain is information only)
linear reference (soft end): none
writes landed by: instack 16
processes: 377 run, 0 retried, 0 position(s) failed
write verify: 16 landed, 0 write_unlanded (skipped), in-stack read already matched on 16 of 16, pump slices total 16, longest confirm 2.7 ms, re-rendered 0
hold doubled at positions: none
still moving AFTER doubling (reading not used): none

pos   norm      display        red@-24  red@-12  red@-6    T(peak)   T-display
  0  0.0000    -80.0 dB          --       --       --          --          
  1  0.0667    -44.8 dB          --       --       --          --          
  2  0.1333    -33.9 dB          --       --       --          --          
  3  0.2000    -27.3 dB          --       --       --          --          
  4  0.2667    -22.5 dB          --       --       --          --          
  5  0.3333    -18.7 dB          --       --       --          --          
  6  0.4000    -15.7 dB          --       --       --          --          
  7  0.4667    -13.0 dB          --       --       --          --          
  8  0.5333    -10.8 dB          --       --       --          --          
  9  0.6000    -8.76 dB          --       --       --          --          
 10  0.6667    -6.96 dB          --       --       --          --          
 11  0.7333    -5.32 dB          --       --       --          --          
 12  0.8000    -3.83 dB          --       --       --          --          
 13  0.8667    -2.46 dB          --       --       --          --          
 14  0.9333    -1.19 dB          --       --       --          --          
 15  1.0000    0.00 dB           --       --       --          --          

1 MAP:             flat (the ends differ by no more than 1 dB at every test level) | sense -- | engage -24.00:none -12.00:none -6.00:none
2 engage drift:    null  (not a dB display)   (primary; displayLinear unset until the population decides)
   offset IQR:      null
3 displayOffsetDb: null
fixture: AudioUnit_61516462_14.16.0.json

CANDIDATE [300] Band 6 - Processor 2 - Threshold (flags ) - MDynamicsMBLarge (class bands_or_stages, 22 candidates; the others at their instantiate defaults)
probe: signed EchoJayProbe (feat/ejmap-cert), team 8BT5F9B887, cdhash 06b9a8eb323f17699292139ef27f6206075e8958
host: EJ Map 0.1.0 / arm64 / 48k (native)
threshold: [300] Band 6 - Processor 2 - Threshold unit 'dB' (class bands_or_stages) | positions 16 (16 evenly spaced), one process each, levels quiet to loud
links as instantiated (recorded, not written): [100] Band 1 - General parameters - Link channels = '100.0%', [135] Band 2 - General parameters - Link channels = '100.0%', [170] Band 3 - General parameters - Link channels = '100.0%', [205] Band 4 - General parameters - Link channels = '100.0%', [240] Band 5 - General parameters - Link channels = '100.0%', [275] Band 6 - General parameters - Link channels = '100.0%'
ratio: 16 controls hold the ratio role | auto make-up disabled: no
default-threshold reference ('-24.1 dB', spec 4.7 check only):  -24.00 out-in 0.00  -12.00 out-in 0.00  -6.00 out-in -2.99  (default gain is information only)
linear reference (soft end): none
writes landed by: instack 16
processes: 377 run, 0 retried, 0 position(s) failed
write verify: 16 landed, 0 write_unlanded (skipped), in-stack read already matched on 16 of 16, pump slices total 16, longest confirm 2.6 ms, re-rendered 0
hold doubled at positions: none
still moving AFTER doubling (reading not used): none

pos   norm      display        red@-24  red@-12  red@-6    T(peak)   T-display
  0  0.0000    -80.0 dB          --       --       --          --          
  1  0.0667    -44.8 dB          --       --       --          --          
  2  0.1333    -33.9 dB          --       --       --          --          
  3  0.2000    -27.3 dB          --       --       --          --          
  4  0.2667    -22.5 dB          --       --       --          --          
  5  0.3333    -18.7 dB          --       --       --          --          
  6  0.4000    -15.7 dB          --       --       --          --          
  7  0.4667    -13.0 dB          --       --       --          --          
  8  0.5333    -10.8 dB          --       --       --          --          
  9  0.6000    -8.76 dB          --       --       --          --          
 10  0.6667    -6.96 dB          --       --       --          --          
 11  0.7333    -5.32 dB          --       --       --          --          
 12  0.8000    -3.83 dB          --       --       --          --          
 13  0.8667    -2.46 dB          --       --       --          --          
 14  0.9333    -1.19 dB          --       --       --          --          
 15  1.0000    0.00 dB           --       --       --          --          

1 MAP:             flat (the ends differ by no more than 1 dB at every test level) | sense -- | engage -24.00:none -12.00:none -6.00:none
2 engage drift:    null  (not a dB display)   (primary; displayLinear unset until the population decides)
   offset IQR:      null
3 displayOffsetDb: null
fixture: AudioUnit_61516462_14.16.0.json

--- exit=0   13:34:21   ilok=[0x01130000 / 2]
=== [29] Millennia TCL-2   13:34:21   ilok=[0x01130000 / 2]   power='AC Power'
  sweeping Millennia TCL-2 candidate [6] Threshold 1 (unseen version 1.11.1: defaults sampled first) - 1 reference + 16 position processes
  sweeping Millennia TCL-2 candidate [15] Threshold 2 (unseen version 1.11.1: defaults sampled first) - 1 reference + 16 position processes
CANDIDATE [6] Threshold 1 (flags ) - Millennia TCL-2 (class bands_or_stages, 2 candidates; the others at their instantiate defaults)
probe: signed EchoJayProbe (feat/ejmap-cert), team 8BT5F9B887, cdhash 06b9a8eb323f17699292139ef27f6206075e8958
host: EJ Map 0.1.0 / arm64 / 48k (native)
threshold: [6] Threshold 1 unit '' (class bands_or_stages) | positions 16 (16 evenly spaced), one process each, levels quiet to loud
links as instantiated (recorded, not written): [1] Stereo Link = 'On'
ratio: 2 controls hold the ratio role | auto make-up disabled: no
default-threshold reference ('0.00', spec 4.7 check only):  -24.00 out-in 0.01  -12.00 out-in 0.01  -6.00 out-in 0.01  (default gain is information only)
linear reference (soft end, position 0):  -24.00 0.01  -12.00 0.01  -6.00 0.01  | spread 0.00 dB (unusable beyond 2.0)
writes landed by: instack 16
processes: 37 run, 0 retried, 0 position(s) failed
write verify: 16 landed, 0 write_unlanded (skipped), in-stack read already matched on 16 of 16, pump slices total 16, longest confirm 2.6 ms, re-rendered 0
hold doubled at positions: none
still moving AFTER doubling (reading not used): none

pos   norm      display        red@-24  red@-12  red@-6    T(peak)   T-display
  0  0.0000    0.00            0.00     0.00     0.00          --          
  1  0.0667    0.07            0.00     0.00     0.00          --          
  2  0.1333    0.13            0.00     0.00     0.00          --          
  3  0.2000    0.20            0.00     0.00     0.00          --          
  4  0.2667    0.27            0.00     0.00     0.01          --          
  5  0.3333    0.33            0.00     0.00     0.10          --          
  6  0.4000    0.40            0.00     0.00     0.31          --          
  7  0.4667    0.47            0.00     0.00     0.53          --          
  8  0.5333    0.53            0.00     0.01     0.74          --          
  9  0.6000    0.60            0.00     0.18     1.60          --          
 10  0.6667    0.67            0.00     0.86     3.18          --          
 11  0.7333    0.73            0.00     1.95     4.96          --          
 12  0.8000    0.80            0.03     3.42     6.83          --          
 13  0.8667    0.87            0.35     5.13     8.77          --          
 14  0.9333    0.93            1.19     7.21    10.85          --          
 15  1.0000    1.00            1.55     7.86    10.86          --          

1 MAP:             certified (ratio unknown (no ratio control): no dB-equivalent map) | sense higher_is_harder | engage -24.00:14 -12.00:10 -6.00:7
2 engage drift:    null  (not a dB display)   (primary; displayLinear unset until the population decides)
   offset IQR:      null
3 displayOffsetDb: null
fixture: AudioUnit_6e6e5232_1.11.1.json

CANDIDATE [15] Threshold 2 (flags ) - Millennia TCL-2 (class bands_or_stages, 2 candidates; the others at their instantiate defaults)
probe: signed EchoJayProbe (feat/ejmap-cert), team 8BT5F9B887, cdhash 06b9a8eb323f17699292139ef27f6206075e8958
host: EJ Map 0.1.0 / arm64 / 48k (native)
threshold: [15] Threshold 2 unit '' (class bands_or_stages) | positions 16 (16 evenly spaced), one process each, levels quiet to loud
links as instantiated (recorded, not written): [1] Stereo Link = 'On'
ratio: 2 controls hold the ratio role | auto make-up disabled: no
default-threshold reference ('0.00', spec 4.7 check only):  -24.00 out-in 0.01  -12.00 out-in 0.01  -6.00 out-in 0.01  (default gain is information only)
linear reference (soft end, position 0):  -24.00 0.01  -12.00 0.01  -6.00 0.01  | spread 0.00 dB (unusable beyond 2.0)
writes landed by: instack 16
processes: 37 run, 0 retried, 0 position(s) failed
write verify: 16 landed, 0 write_unlanded (skipped), in-stack read already matched on 16 of 16, pump slices total 16, longest confirm 2.6 ms, re-rendered 0
hold doubled at positions: none
still moving AFTER doubling (reading not used): none

pos   norm      display        red@-24  red@-12  red@-6    T(peak)   T-display
  0  0.0000    0.00            0.00     0.00     0.00          --          
  1  0.0667    0.07            0.00     0.00     0.00          --          
  2  0.1333    0.13            0.00     0.00     0.00          --          
  3  0.2000    0.20            0.00     0.00     0.00          --          
  4  0.2667    0.27            0.00     0.00     0.01          --          
  5  0.3333    0.33            0.00     0.00     0.10          --          
  6  0.4000    0.40            0.00     0.00     0.31          --          
  7  0.4667    0.47            0.00     0.00     0.53          --          
  8  0.5333    0.53            0.00     0.01     0.74          --          
  9  0.6000    0.60            0.00     0.18     1.60          --          
 10  0.6667    0.67            0.00     0.86     3.18          --          
 11  0.7333    0.73            0.00     1.95     4.96          --          
 12  0.8000    0.80            0.03     3.42     6.83          --          
 13  0.8667    0.87            0.35     5.13     8.77          --          
 14  0.9333    0.93            1.19     7.21    10.85          --          
 15  1.0000    1.00            1.55     7.86    10.86          --          

1 MAP:             certified (ratio unknown (no ratio control): no dB-equivalent map) | sense higher_is_harder | engage -24.00:14 -12.00:10 -6.00:7
2 engage drift:    null  (not a dB display)   (primary; displayLinear unset until the population decides)
   offset IQR:      null
3 displayOffsetDb: null
fixture: AudioUnit_6e6e5232_1.11.1.json

--- exit=0   13:34:52   ilok=[0x01130000 / 2]
=== [30] MSpectralDynamics   13:34:52   ilok=[0x01130000 / 2]   power='AC Power'
  sweeping MSpectralDynamics candidate [83] Gate - Threshold (unseen version 14.16.0: defaults sampled first) - 1 reference + 16 position processes
  sweeping MSpectralDynamics candidate [88] Processor 1 - Threshold (unseen version 14.16.0: defaults sampled first) - 1 reference + 16 position processes
  sweeping MSpectralDynamics candidate [93] Processor 2 - Threshold (unseen version 14.16.0: defaults sampled first) - 1 reference + 16 position processes
CANDIDATE [83] Gate - Threshold (flags ) - MSpectralDynamics (class bands_or_stages, 3 candidates; the others at their instantiate defaults)
probe: signed EchoJayProbe (feat/ejmap-cert), team 8BT5F9B887, cdhash 06b9a8eb323f17699292139ef27f6206075e8958
host: EJ Map 0.1.0 / arm64 / 48k (native)
threshold: [83] Gate - Threshold unit 'dB' (class bands_or_stages) | positions 16 (16 evenly spaced), one process each, levels quiet to loud
ratio: 2 controls hold the ratio role | auto make-up disabled: no
default-threshold reference ('-68.0 dB', spec 4.7 check only):  -24.00 out-in 0.06  -12.00 out-in -0.61  -6.00 out-in -0.90  (default gain is information only)
linear reference (soft end): none
writes landed by: instack 16
processes: 54 run, 0 retried, 0 position(s) failed
write verify: 16 landed, 0 write_unlanded (skipped), in-stack read already matched on 16 of 16, pump slices total 16, longest confirm 2.6 ms, re-rendered 0
hold doubled at positions: none
still moving AFTER doubling (reading not used): none

pos   norm      display        red@-24  red@-12  red@-6    T(peak)   T-display
  0  0.0000    -80.0 dB          --       --       --          --          
  1  0.0667    -80.0 dB          --       --       --          --          
  2  0.1333    -79.5 dB          --       --       --          --          
  3  0.2000    -77.4 dB          --       --       --          --          
  4  0.2667    -72.9 dB          --       --       --          --          
  5  0.3333    -66.1 dB          --       --       --          --          
  6  0.4000    -58.1 dB          --       --       --          --          
  7  0.4667    -49.8 dB          --       --       --          --          
  8  0.5333    -41.8 dB          --       --       --          --          
  9  0.6000    -34.4 dB          --       --       --          --          
 10  0.6667    -27.5 dB          --       --       --          --          
 11  0.7333    -21.1 dB          --       --       --          --          
 12  0.8000    -15.3 dB          --       --       --          --          
 13  0.8667    -9.81 dB          --       --       --          --          
 14  0.9333    -4.74 dB          --       --       --          --          
 15  1.0000    0.00 dB           --       --       --          --          

1 MAP:             flat (the ends differ by no more than 1 dB at every test level) | sense -- | engage -24.00:none -12.00:none -6.00:none
2 engage drift:    null  (not a dB display)   (primary; displayLinear unset until the population decides)
   offset IQR:      null
3 displayOffsetDb: null
fixture: AudioUnit_6151253b_14.16.0.json

CANDIDATE [88] Processor 1 - Threshold (flags ) - MSpectralDynamics (class bands_or_stages, 3 candidates; the others at their instantiate defaults)
probe: signed EchoJayProbe (feat/ejmap-cert), team 8BT5F9B887, cdhash 06b9a8eb323f17699292139ef27f6206075e8958
host: EJ Map 0.1.0 / arm64 / 48k (native)
threshold: [88] Processor 1 - Threshold unit 'dB' (class bands_or_stages) | positions 16 (16 evenly spaced), one process each, levels quiet to loud
ratio: 2 controls hold the ratio role | auto make-up disabled: no
default-threshold reference ('-80.0 dB', spec 4.7 check only):  -24.00 out-in 0.06  -12.00 out-in -29.76  -6.00 out-in -22.10  (default gain is information only)
linear reference (soft end, position 15):  -24.00 4.34  -12.00 4.34  -6.00 4.34  | spread 0.00 dB (unusable beyond 2.0)
writes landed by: instack 16
processes: 54 run, 0 retried, 0 position(s) failed
write verify: 16 landed, 0 write_unlanded (skipped), in-stack read already matched on 16 of 16, pump slices total 16, longest confirm 2.6 ms, re-rendered 0
hold doubled at positions: none
still moving AFTER doubling (reading not used): none

pos   norm      display        red@-24  red@-12  red@-6    T(peak)   T-display
  0  0.0000    -80.0 dB        4.29     4.95     5.24          --          
  1  0.0667    -80.0 dB        4.29     4.95     5.24          --          
  2  0.1333    -79.5 dB        4.26     4.93     5.21          --          
  3  0.2000    -77.4 dB        4.13     4.82     5.12          --          
  4  0.2667    -72.9 dB        3.83     4.58    40.09          --          
  5  0.3333    -66.1 dB        3.35     4.17    40.09          --          
  6  0.4000    -58.1 dB        2.73     3.63     4.03          --          
  7  0.4667    -49.8 dB        2.03     3.01     3.46          --          
  8  0.5333    -41.8 dB        1.35     2.35     2.84          --          
  9  0.6000    -34.4 dB        0.75     1.69     2.21          --          
 10  0.6667    -27.5 dB        0.29     1.07     1.59          --          
 11  0.7333    -21.1 dB        0.04     0.53     1.01          --          
 12  0.8000    -15.3 dB        0.00     0.15     0.49          --          
 13  0.8667    -9.81 dB        0.00     0.00     0.12          --          
 14  0.9333    -4.74 dB        0.00     0.00     0.00          --          
 15  1.0000    0.00 dB         0.00     0.00     0.00          --          

1 MAP:             nonmonotonic (reduction falls by more than 0.5 dB walking from the softer end (position 3 at -6.00)) | sense lower_is_harder | engage -24.00:9 -12.00:11 -6.00:11
2 engage drift:    2.27  -12.00:-8.70  -24.00:-7.26  -6.00:-9.53   (primary; displayLinear unset until the population decides)
   offset IQR:      null
3 displayOffsetDb: null
NOT LICENSED suspected (silent, non-finite or not the input's tone at default): output at -12.00 is 0.0% the input's tone; output at -6.00 is 0.7% the input's tone; no thresholdSweep written

CANDIDATE [93] Processor 2 - Threshold (flags ) - MSpectralDynamics (class bands_or_stages, 3 candidates; the others at their instantiate defaults)
probe: signed EchoJayProbe (feat/ejmap-cert), team 8BT5F9B887, cdhash 06b9a8eb323f17699292139ef27f6206075e8958
host: EJ Map 0.1.0 / arm64 / 48k (native)
threshold: [93] Processor 2 - Threshold unit 'dB' (class bands_or_stages) | positions 16 (16 evenly spaced), one process each, levels quiet to loud
ratio: 2 controls hold the ratio role | auto make-up disabled: no
default-threshold reference ('-52.0 dB', spec 4.7 check only):  -24.00 out-in 0.06  -12.00 out-in -0.61  -6.00 out-in -0.90  (default gain is information only)
linear reference (soft end): none
writes landed by: instack 16
processes: 54 run, 0 retried, 0 position(s) failed
write verify: 16 landed, 0 write_unlanded (skipped), in-stack read already matched on 16 of 16, pump slices total 16, longest confirm 2.6 ms, re-rendered 0
hold doubled at positions: none
still moving AFTER doubling (reading not used): none

pos   norm      display        red@-24  red@-12  red@-6    T(peak)   T-display
  0  0.0000    -80.0 dB          --       --       --          --          
  1  0.0667    -80.0 dB          --       --       --          --          
  2  0.1333    -79.5 dB          --       --       --          --          
  3  0.2000    -77.4 dB          --       --       --          --          
  4  0.2667    -72.9 dB          --       --       --          --          
  5  0.3333    -66.1 dB          --       --       --          --          
  6  0.4000    -58.1 dB          --       --       --          --          
  7  0.4667    -49.8 dB          --       --       --          --          
  8  0.5333    -41.8 dB          --       --       --          --          
  9  0.6000    -34.4 dB          --       --       --          --          
 10  0.6667    -27.5 dB          --       --       --          --          
 11  0.7333    -21.1 dB          --       --       --          --          
 12  0.8000    -15.3 dB          --       --       --          --          
 13  0.8667    -9.81 dB          --       --       --          --          
 14  0.9333    -4.74 dB          --       --       --          --          
 15  1.0000    0.00 dB           --       --       --          --          

1 MAP:             flat (the ends differ by no more than 1 dB at every test level) | sense -- | engage -24.00:none -12.00:none -6.00:none
2 engage drift:    null  (not a dB display)   (primary; displayLinear unset until the population decides)
   offset IQR:      null
3 displayOffsetDb: null
fixture: AudioUnit_6151253b_14.16.0.json

--- exit=0   13:35:58   ilok=[0x01130000 / 2]
=== [31] MSpectralDynamicsMini   13:35:58   ilok=[0x01130000 / 2]   power='AC Power'
  sweeping MSpectralDynamicsMini candidate [83] Gate - Threshold (unseen version 14.16.0: defaults sampled first) - 1 reference + 16 position processes
  sweeping MSpectralDynamicsMini candidate [88] Processor 1 - Threshold (unseen version 14.16.0: defaults sampled first) - 1 reference + 16 position processes
  sweeping MSpectralDynamicsMini candidate [93] Processor 2 - Threshold (unseen version 14.16.0: defaults sampled first) - 1 reference + 16 position processes
CANDIDATE [83] Gate - Threshold (flags ) - MSpectralDynamicsMini (class bands_or_stages, 3 candidates; the others at their instantiate defaults)
probe: signed EchoJayProbe (feat/ejmap-cert), team 8BT5F9B887, cdhash 06b9a8eb323f17699292139ef27f6206075e8958
host: EJ Map 0.1.0 / arm64 / 48k (native)
threshold: [83] Gate - Threshold unit 'dB' (class bands_or_stages) | positions 16 (16 evenly spaced), one process each, levels quiet to loud
ratio: 2 controls hold the ratio role | auto make-up disabled: no
default-threshold reference ('-68.0 dB', spec 4.7 check only):  -24.00 out-in 0.06  -12.00 out-in -0.61  -6.00 out-in -0.90  (default gain is information only)
linear reference (soft end): none
writes landed by: instack 16
processes: 54 run, 0 retried, 0 position(s) failed
write verify: 16 landed, 0 write_unlanded (skipped), in-stack read already matched on 16 of 16, pump slices total 16, longest confirm 2.6 ms, re-rendered 0
hold doubled at positions: none
still moving AFTER doubling (reading not used): none

pos   norm      display        red@-24  red@-12  red@-6    T(peak)   T-display
  0  0.0000    -80.0 dB          --       --       --          --          
  1  0.0667    -80.0 dB          --       --       --          --          
  2  0.1333    -79.5 dB          --       --       --          --          
  3  0.2000    -77.4 dB          --       --       --          --          
  4  0.2667    -72.9 dB          --       --       --          --          
  5  0.3333    -66.1 dB          --       --       --          --          
  6  0.4000    -58.1 dB          --       --       --          --          
  7  0.4667    -49.8 dB          --       --       --          --          
  8  0.5333    -41.8 dB          --       --       --          --          
  9  0.6000    -34.4 dB          --       --       --          --          
 10  0.6667    -27.5 dB          --       --       --          --          
 11  0.7333    -21.1 dB          --       --       --          --          
 12  0.8000    -15.3 dB          --       --       --          --          
 13  0.8667    -9.81 dB          --       --       --          --          
 14  0.9333    -4.74 dB          --       --       --          --          
 15  1.0000    0.00 dB           --       --       --          --          

1 MAP:             flat (the ends differ by no more than 1 dB at every test level) | sense -- | engage -24.00:none -12.00:none -6.00:none
2 engage drift:    null  (not a dB display)   (primary; displayLinear unset until the population decides)
   offset IQR:      null
3 displayOffsetDb: null
fixture: AudioUnit_61512573_14.16.0.json

CANDIDATE [88] Processor 1 - Threshold (flags ) - MSpectralDynamicsMini (class bands_or_stages, 3 candidates; the others at their instantiate defaults)
probe: signed EchoJayProbe (feat/ejmap-cert), team 8BT5F9B887, cdhash 06b9a8eb323f17699292139ef27f6206075e8958
host: EJ Map 0.1.0 / arm64 / 48k (native)
threshold: [88] Processor 1 - Threshold unit 'dB' (class bands_or_stages) | positions 16 (16 evenly spaced), one process each, levels quiet to loud
ratio: 2 controls hold the ratio role | auto make-up disabled: no
default-threshold reference ('-80.0 dB', spec 4.7 check only):  -24.00 out-in 0.06  -12.00 out-in -0.61  -6.00 out-in -0.90  (default gain is information only)
linear reference (soft end, position 15):  -24.00 4.34  -12.00 4.34  -6.00 4.34  | spread 0.00 dB (unusable beyond 2.0)
writes landed by: instack 16
processes: 54 run, 0 retried, 0 position(s) failed
write verify: 16 landed, 0 write_unlanded (skipped), in-stack read already matched on 16 of 16, pump slices total 16, longest confirm 2.6 ms, re-rendered 0
hold doubled at positions: none
still moving AFTER doubling (reading not used): none

pos   norm      display        red@-24  red@-12  red@-6    T(peak)   T-display
  0  0.0000    -80.0 dB        4.29     4.95     5.24          --          
  1  0.0667    -80.0 dB        4.29     4.95    40.10          --          
  2  0.1333    -79.5 dB        4.26     4.93     5.21          --          
  3  0.2000    -77.4 dB        4.13     4.82     5.12          --          
  4  0.2667    -72.9 dB        3.83     4.58     4.90          --          
  5  0.3333    -66.1 dB        3.35     4.17     4.53          --          
  6  0.4000    -58.1 dB        2.73     3.63     4.03          --          
  7  0.4667    -49.8 dB        2.03     3.01     3.46          --          
  8  0.5333    -41.8 dB        1.35     2.35     2.84          --          
  9  0.6000    -34.4 dB        0.75     1.69     2.21          --          
 10  0.6667    -27.5 dB        0.29     1.07     1.59          --          
 11  0.7333    -21.1 dB        0.04     0.53     1.01          --          
 12  0.8000    -15.3 dB        0.00    34.11    40.11          --          
 13  0.8667    -9.81 dB        0.00     0.00     0.12          --          
 14  0.9333    -4.74 dB        0.00     0.00     0.00          --          
 15  1.0000    0.00 dB         0.00     0.00     0.00          --          

1 MAP:             nonmonotonic (reduction falls by more than 0.5 dB walking from the softer end (position 11 at -12.00)) | sense lower_is_harder | engage -24.00:9 -12.00:12 -6.00:12
2 engage drift:    9.37  -12.00:2.11  -24.00:-7.26  -6.00:-3.86   (primary; displayLinear unset until the population decides)
   offset IQR:      null
3 displayOffsetDb: null
fixture: AudioUnit_61512573_14.16.0.json

CANDIDATE [93] Processor 2 - Threshold (flags ) - MSpectralDynamicsMini (class bands_or_stages, 3 candidates; the others at their instantiate defaults)
probe: signed EchoJayProbe (feat/ejmap-cert), team 8BT5F9B887, cdhash 06b9a8eb323f17699292139ef27f6206075e8958
host: EJ Map 0.1.0 / arm64 / 48k (native)
threshold: [93] Processor 2 - Threshold unit 'dB' (class bands_or_stages) | positions 16 (16 evenly spaced), one process each, levels quiet to loud
ratio: 2 controls hold the ratio role | auto make-up disabled: no
default-threshold reference ('-52.0 dB', spec 4.7 check only):  -24.00 out-in 0.06  -12.00 out-in -0.61  -6.00 out-in -35.77  (default gain is information only)
linear reference (soft end): none
writes landed by: instack 16
processes: 54 run, 0 retried, 0 position(s) failed
write verify: 16 landed, 0 write_unlanded (skipped), in-stack read already matched on 16 of 16, pump slices total 16, longest confirm 2.6 ms, re-rendered 0
hold doubled at positions: none
still moving AFTER doubling (reading not used): none

pos   norm      display        red@-24  red@-12  red@-6    T(peak)   T-display
  0  0.0000    -80.0 dB          --       --       --          --          
  1  0.0667    -80.0 dB          --       --       --          --          
  2  0.1333    -79.5 dB          --       --       --          --          
  3  0.2000    -77.4 dB          --       --       --          --          
  4  0.2667    -72.9 dB          --       --       --          --          
  5  0.3333    -66.1 dB          --       --       --          --          
  6  0.4000    -58.1 dB          --       --       --          --          
  7  0.4667    -49.8 dB          --       --       --          --          
  8  0.5333    -41.8 dB          --       --       --          --          
  9  0.6000    -34.4 dB          --       --       --          --          
 10  0.6667    -27.5 dB          --       --       --          --          
 11  0.7333    -21.1 dB          --       --       --          --          
 12  0.8000    -15.3 dB          --       --       --          --          
 13  0.8667    -9.81 dB          --       --       --          --          
 14  0.9333    -4.74 dB          --       --       --          --          
 15  1.0000    0.00 dB           --       --       --          --          

1 MAP:             flat (the ends differ by no more than 1 dB at every test level) | sense -- | engage -24.00:none -12.00:none -6.00:none
2 engage drift:    null  (not a dB display)   (primary; displayLinear unset until the population decides)
   offset IQR:      null
3 displayOffsetDb: null
NOT LICENSED suspected (silent, non-finite or not the input's tone at default): output at -6.00 is 0.0% the input's tone; no thresholdSweep written

--- exit=0   13:37:02   ilok=[0x01130000 / 2]
=== [32] MTurboCompMB   13:37:03   ilok=[0x01130000 / 2]   power='AC Power'
  sweeping MTurboCompMB candidate [40] Band 1 Compressor -> Threshold (unseen version 14.16.0: defaults sampled first) - 1 reference + 16 position processes
  sweeping MTurboCompMB candidate [104] Band 2 Compressor -> Threshold (unseen version 14.16.0: defaults sampled first) - 1 reference + 16 position processes
  sweeping MTurboCompMB candidate [168] Band 3 Compressor -> Threshold (unseen version 14.16.0: defaults sampled first) - 1 reference + 16 position processes
  sweeping MTurboCompMB candidate [232] Band 4 Compressor -> Threshold (unseen version 14.16.0: defaults sampled first) - 1 reference + 16 position processes
  sweeping MTurboCompMB candidate [296] Band 5 Compressor -> Threshold (unseen version 14.16.0: defaults sampled first) - 1 reference + 16 position processes
  sweeping MTurboCompMB candidate [360] Band 6 Compressor -> Threshold (unseen version 14.16.0: defaults sampled first) - 1 reference + 16 position processes
CANDIDATE [40] Band 1 Compressor -> Threshold (flags ) - MTurboCompMB (class bands_or_stages, 6 candidates; the others at their instantiate defaults)
probe: signed EchoJayProbe (feat/ejmap-cert), team 8BT5F9B887, cdhash 06b9a8eb323f17699292139ef27f6206075e8958
host: EJ Map 0.1.0 / arm64 / 48k (native)
threshold: [40] Band 1 Compressor -> Threshold unit '%' (class bands_or_stages) | positions 16 (16 evenly spaced), one process each, levels quiet to loud
links as instantiated (recorded, not written): [55] Band 1 Detector -> Link channels = '100.0%', [119] Band 2 Detector -> Link channels = '100.0%', [183] Band 3 Detector -> Link channels = '100.0%', [247] Band 4 Detector -> Link channels = '100.0%', [311] Band 5 Detector -> Link channels = '100.0%', [375] Band 6 Detector -> Link channels = '100.0%'
ratio: 6 controls hold the ratio role | auto make-up disabled: no
default-threshold reference ('20.0%', spec 4.7 check only):  -24.00 out-in 1.24  -12.00 out-in -2.50  -6.00 out-in -5.40  (default gain is information only)
linear reference (soft end): none
writes landed by: instack 16
processes: 105 run, 0 retried, 0 position(s) failed
write verify: 16 landed, 0 write_unlanded (skipped), in-stack read already matched on 16 of 16, pump slices total 16, longest confirm 2.6 ms, re-rendered 0
hold doubled at positions: none
still moving AFTER doubling (reading not used): none

pos   norm      display        red@-24  red@-12  red@-6    T(peak)   T-display
  0  0.0000    0.00%             --       --       --          --          
  1  0.0667    6.7%              --       --       --          --          
  2  0.1333    13.3%             --       --       --          --          
  3  0.2000    20.0%             --       --       --          --          
  4  0.2667    26.7%             --       --       --          --          
  5  0.3333    33.3%             --       --       --          --          
  6  0.4000    40.0%             --       --       --          --          
  7  0.4667    46.7%             --       --       --          --          
  8  0.5333    53.3%             --       --       --          --          
  9  0.6000    60.0%             --       --       --          --          
 10  0.6667    66.7%             --       --       --          --          
 11  0.7333    73.3%             --       --       --          --          
 12  0.8000    80.0%             --       --       --          --          
 13  0.8667    86.7%             --       --       --          --          
 14  0.9333    93.3%             --       --       --          --          
 15  1.0000    100.0%            --       --       --          --          

1 MAP:             flat (the ends differ by no more than 1 dB at every test level) | sense -- | engage -24.00:none -12.00:none -6.00:none
2 engage drift:    null  (not a dB display)   (primary; displayLinear unset until the population decides)
   offset IQR:      null
3 displayOffsetDb: null
fixture: AudioUnit_6144426f_14.16.0.json

CANDIDATE [104] Band 2 Compressor -> Threshold (flags ) - MTurboCompMB (class bands_or_stages, 6 candidates; the others at their instantiate defaults)
probe: signed EchoJayProbe (feat/ejmap-cert), team 8BT5F9B887, cdhash 06b9a8eb323f17699292139ef27f6206075e8958
host: EJ Map 0.1.0 / arm64 / 48k (native)
threshold: [104] Band 2 Compressor -> Threshold unit '%' (class bands_or_stages) | positions 16 (16 evenly spaced), one process each, levels quiet to loud
links as instantiated (recorded, not written): [55] Band 1 Detector -> Link channels = '100.0%', [119] Band 2 Detector -> Link channels = '100.0%', [183] Band 3 Detector -> Link channels = '100.0%', [247] Band 4 Detector -> Link channels = '100.0%', [311] Band 5 Detector -> Link channels = '100.0%', [375] Band 6 Detector -> Link channels = '100.0%'
ratio: 6 controls hold the ratio role | auto make-up disabled: no
default-threshold reference ('20.0%', spec 4.7 check only):  -24.00 out-in 1.24  -12.00 out-in -2.50  -6.00 out-in -5.40  (default gain is information only)
linear reference (soft end, position 15):  -24.00 0.21  -12.00 0.13  -6.00 -0.04  | spread 0.24 dB (unusable beyond 2.0)
writes landed by: instack 16
processes: 105 run, 0 retried, 0 position(s) failed
write verify: 16 landed, 0 write_unlanded (skipped), in-stack read already matched on 16 of 16, pump slices total 16, longest confirm 3.0 ms, re-rendered 0
hold doubled at positions: none
still moving AFTER doubling (reading not used): none

pos   norm      display        red@-24  red@-12  red@-6    T(peak)   T-display
  0  0.0000    0.00%          -0.86     3.76     6.56          --          
  1  0.0667    6.7%           -1.03     3.28    35.73          --          
  2  0.1333    13.3%          -1.09     2.91     5.69          --          
  3  0.2000    20.0%          -1.03     2.63     5.37          --          
  4  0.2667    26.7%          -0.88     2.44     5.11          --          
  5  0.3333    33.3%          -0.65     2.31     4.90          --          
  6  0.4000    40.0%          -0.74     1.34     3.72          --          
  7  0.4667    46.7%          -0.56     0.65     2.75          --          
  8  0.5333    53.3%          -0.37     0.19     1.97          --          
  9  0.6000    60.0%          -0.19    -0.02     1.35          --          
 10  0.6667    66.7%           0.00     0.00     0.89          --          
 11  0.7333    73.3%           0.00     0.00     0.12          --          
 12  0.8000    80.0%           0.00     0.00     0.00          --          
 13  0.8667    86.7%           0.00     0.00     0.00          --          
 14  0.9333    93.3%           0.00     0.00     0.00          --          
 15  1.0000    100.0%          0.00     0.00     0.00          --          

1 MAP:             unreadable (position 0 at -24.00 sits 0.86 dB above the linear reference) | sense lower_is_harder | engage -24.00:none -12.00:none -6.00:none
2 engage drift:    null  (not a dB display)   (primary; displayLinear unset until the population decides)
   offset IQR:      null
3 displayOffsetDb: null
fixture: AudioUnit_6144426f_14.16.0.json

CANDIDATE [168] Band 3 Compressor -> Threshold (flags ) - MTurboCompMB (class bands_or_stages, 6 candidates; the others at their instantiate defaults)
probe: signed EchoJayProbe (feat/ejmap-cert), team 8BT5F9B887, cdhash 06b9a8eb323f17699292139ef27f6206075e8958
host: EJ Map 0.1.0 / arm64 / 48k (native)
threshold: [168] Band 3 Compressor -> Threshold unit '%' (class bands_or_stages) | positions 16 (16 evenly spaced), one process each, levels quiet to loud
links as instantiated (recorded, not written): [55] Band 1 Detector -> Link channels = '100.0%', [119] Band 2 Detector -> Link channels = '100.0%', [183] Band 3 Detector -> Link channels = '100.0%', [247] Band 4 Detector -> Link channels = '100.0%', [311] Band 5 Detector -> Link channels = '100.0%', [375] Band 6 Detector -> Link channels = '100.0%'
ratio: 6 controls hold the ratio role | auto make-up disabled: no
default-threshold reference ('20.0%', spec 4.7 check only):  -24.00 out-in 1.24  -12.00 out-in -2.50  -6.00 out-in -5.40  (default gain is information only)
linear reference (soft end): none
writes landed by: instack 16
processes: 105 run, 0 retried, 0 position(s) failed
write verify: 16 landed, 0 write_unlanded (skipped), in-stack read already matched on 16 of 16, pump slices total 16, longest confirm 3.0 ms, re-rendered 0
hold doubled at positions: none
still moving AFTER doubling (reading not used): none

pos   norm      display        red@-24  red@-12  red@-6    T(peak)   T-display
  0  0.0000    0.00%             --       --       --          --          
  1  0.0667    6.7%              --       --       --          --          
  2  0.1333    13.3%             --       --       --          --          
  3  0.2000    20.0%             --       --       --          --          
  4  0.2667    26.7%             --       --       --          --          
  5  0.3333    33.3%             --       --       --          --          
  6  0.4000    40.0%             --       --       --          --          
  7  0.4667    46.7%             --       --       --          --          
  8  0.5333    53.3%             --       --       --          --          
  9  0.6000    60.0%             --       --       --          --          
 10  0.6667    66.7%             --       --       --          --          
 11  0.7333    73.3%             --       --       --          --          
 12  0.8000    80.0%             --       --       --          --          
 13  0.8667    86.7%             --       --       --          --          
 14  0.9333    93.3%             --       --       --          --          
 15  1.0000    100.0%            --       --       --          --          

1 MAP:             flat (the ends differ by no more than 1 dB at every test level) | sense -- | engage -24.00:none -12.00:none -6.00:none
2 engage drift:    null  (not a dB display)   (primary; displayLinear unset until the population decides)
   offset IQR:      null
3 displayOffsetDb: null
fixture: AudioUnit_6144426f_14.16.0.json

CANDIDATE [232] Band 4 Compressor -> Threshold (flags ) - MTurboCompMB (class bands_or_stages, 6 candidates; the others at their instantiate defaults)
probe: signed EchoJayProbe (feat/ejmap-cert), team 8BT5F9B887, cdhash 06b9a8eb323f17699292139ef27f6206075e8958
host: EJ Map 0.1.0 / arm64 / 48k (native)
threshold: [232] Band 4 Compressor -> Threshold unit '%' (class bands_or_stages) | positions 16 (16 evenly spaced), one process each, levels quiet to loud
links as instantiated (recorded, not written): [55] Band 1 Detector -> Link channels = '100.0%', [119] Band 2 Detector -> Link channels = '100.0%', [183] Band 3 Detector -> Link channels = '100.0%', [247] Band 4 Detector -> Link channels = '100.0%', [311] Band 5 Detector -> Link channels = '100.0%', [375] Band 6 Detector -> Link channels = '100.0%'
ratio: 6 controls hold the ratio role | auto make-up disabled: no
default-threshold reference ('20.0%', spec 4.7 check only):  -24.00 out-in 1.24  -12.00 out-in -2.50  -6.00 out-in -5.40  (default gain is information only)
linear reference (soft end): none
writes landed by: instack 16
processes: 105 run, 0 retried, 0 position(s) failed
write verify: 16 landed, 0 write_unlanded (skipped), in-stack read already matched on 16 of 16, pump slices total 16, longest confirm 3.0 ms, re-rendered 0
hold doubled at positions: none
still moving AFTER doubling (reading not used): none

pos   norm      display        red@-24  red@-12  red@-6    T(peak)   T-display
  0  0.0000    0.00%             --       --       --          --          
  1  0.0667    6.7%              --       --       --          --          
  2  0.1333    13.3%             --       --       --          --          
  3  0.2000    20.0%             --       --       --          --          
  4  0.2667    26.7%             --       --       --          --          
  5  0.3333    33.3%             --       --       --          --          
  6  0.4000    40.0%             --       --       --          --          
  7  0.4667    46.7%             --       --       --          --          
  8  0.5333    53.3%             --       --       --          --          
  9  0.6000    60.0%             --       --       --          --          
 10  0.6667    66.7%             --       --       --          --          
 11  0.7333    73.3%             --       --       --          --          
 12  0.8000    80.0%             --       --       --          --          
 13  0.8667    86.7%             --       --       --          --          
 14  0.9333    93.3%             --       --       --          --          
 15  1.0000    100.0%            --       --       --          --          

1 MAP:             flat (the ends differ by no more than 1 dB at every test level) | sense -- | engage -24.00:none -12.00:none -6.00:none
2 engage drift:    null  (not a dB display)   (primary; displayLinear unset until the population decides)
   offset IQR:      null
3 displayOffsetDb: null
fixture: AudioUnit_6144426f_14.16.0.json

CANDIDATE [296] Band 5 Compressor -> Threshold (flags ) - MTurboCompMB (class bands_or_stages, 6 candidates; the others at their instantiate defaults)
probe: signed EchoJayProbe (feat/ejmap-cert), team 8BT5F9B887, cdhash 06b9a8eb323f17699292139ef27f6206075e8958
host: EJ Map 0.1.0 / arm64 / 48k (native)
threshold: [296] Band 5 Compressor -> Threshold unit '%' (class bands_or_stages) | positions 16 (16 evenly spaced), one process each, levels quiet to loud
links as instantiated (recorded, not written): [55] Band 1 Detector -> Link channels = '100.0%', [119] Band 2 Detector -> Link channels = '100.0%', [183] Band 3 Detector -> Link channels = '100.0%', [247] Band 4 Detector -> Link channels = '100.0%', [311] Band 5 Detector -> Link channels = '100.0%', [375] Band 6 Detector -> Link channels = '100.0%'
ratio: 6 controls hold the ratio role | auto make-up disabled: no
default-threshold reference ('20.0%', spec 4.7 check only):  -24.00 out-in 1.24  -12.00 out-in -2.50  -6.00 out-in -5.40  (default gain is information only)
linear reference (soft end): none
writes landed by: instack 16
processes: 105 run, 0 retried, 0 position(s) failed
write verify: 16 landed, 0 write_unlanded (skipped), in-stack read already matched on 16 of 16, pump slices total 16, longest confirm 3.0 ms, re-rendered 0
hold doubled at positions: none
still moving AFTER doubling (reading not used): none

pos   norm      display        red@-24  red@-12  red@-6    T(peak)   T-display
  0  0.0000    0.00%             --       --       --          --          
  1  0.0667    6.7%              --       --       --          --          
  2  0.1333    13.3%             --       --       --          --          
  3  0.2000    20.0%             --       --       --          --          
  4  0.2667    26.7%             --       --       --          --          
  5  0.3333    33.3%             --       --       --          --          
  6  0.4000    40.0%             --       --       --          --          
  7  0.4667    46.7%             --       --       --          --          
  8  0.5333    53.3%             --       --       --          --          
  9  0.6000    60.0%             --       --       --          --          
 10  0.6667    66.7%             --       --       --          --          
 11  0.7333    73.3%             --       --       --          --          
 12  0.8000    80.0%             --       --       --          --          
 13  0.8667    86.7%             --       --       --          --          
 14  0.9333    93.3%             --       --       --          --          
 15  1.0000    100.0%            --       --       --          --          

1 MAP:             flat (the ends differ by no more than 1 dB at every test level) | sense -- | engage -24.00:none -12.00:none -6.00:none
2 engage drift:    null  (not a dB display)   (primary; displayLinear unset until the population decides)
   offset IQR:      null
3 displayOffsetDb: null
fixture: AudioUnit_6144426f_14.16.0.json

CANDIDATE [360] Band 6 Compressor -> Threshold (flags ) - MTurboCompMB (class bands_or_stages, 6 candidates; the others at their instantiate defaults)
probe: signed EchoJayProbe (feat/ejmap-cert), team 8BT5F9B887, cdhash 06b9a8eb323f17699292139ef27f6206075e8958
host: EJ Map 0.1.0 / arm64 / 48k (native)
threshold: [360] Band 6 Compressor -> Threshold unit '%' (class bands_or_stages) | positions 16 (16 evenly spaced), one process each, levels quiet to loud
links as instantiated (recorded, not written): [55] Band 1 Detector -> Link channels = '100.0%', [119] Band 2 Detector -> Link channels = '100.0%', [183] Band 3 Detector -> Link channels = '100.0%', [247] Band 4 Detector -> Link channels = '100.0%', [311] Band 5 Detector -> Link channels = '100.0%', [375] Band 6 Detector -> Link channels = '100.0%'
ratio: 6 controls hold the ratio role | auto make-up disabled: no
default-threshold reference ('20.0%', spec 4.7 check only):  -24.00 out-in 1.24  -12.00 out-in -2.50  -6.00 out-in -5.40  (default gain is information only)
linear reference (soft end): none
writes landed by: instack 16
processes: 105 run, 0 retried, 0 position(s) failed
write verify: 16 landed, 0 write_unlanded (skipped), in-stack read already matched on 16 of 16, pump slices total 16, longest confirm 3.1 ms, re-rendered 0
hold doubled at positions: none
still moving AFTER doubling (reading not used): none

pos   norm      display        red@-24  red@-12  red@-6    T(peak)   T-display
  0  0.0000    0.00%             --       --       --          --          
  1  0.0667    6.7%              --       --       --          --          
  2  0.1333    13.3%             --       --       --          --          
  3  0.2000    20.0%             --       --       --          --          
  4  0.2667    26.7%             --       --       --          --          
  5  0.3333    33.3%             --       --       --          --          
  6  0.4000    40.0%             --       --       --          --          
  7  0.4667    46.7%             --       --       --          --          
  8  0.5333    53.3%             --       --       --          --          
  9  0.6000    60.0%             --       --       --          --          
 10  0.6667    66.7%             --       --       --          --          
 11  0.7333    73.3%             --       --       --          --          
 12  0.8000    80.0%             --       --       --          --          
 13  0.8667    86.7%             --       --       --          --          
 14  0.9333    93.3%             --       --       --          --          
 15  1.0000    100.0%            --       --       --          --          

1 MAP:             flat (the ends differ by no more than 1 dB at every test level) | sense -- | engage -24.00:none -12.00:none -6.00:none
2 engage drift:    null  (not a dB display)   (primary; displayLinear unset until the population decides)
   offset IQR:      null
3 displayOffsetDb: null
fixture: AudioUnit_6144426f_14.16.0.json

--- exit=0   13:40:57   ilok=[]
=== [33] OTT   13:40:57   ilok=[]   power='AC Power'
  sweeping OTT candidate [5] Thresh L (unseen version 1.3.7: defaults sampled first) - 1 reference + 16 position processes
  sweeping OTT candidate [6] Thresh M (unseen version 1.3.7: defaults sampled first) - 1 reference + 16 position processes
  sweeping OTT candidate [7] Thresh H (unseen version 1.3.7: defaults sampled first) - 1 reference + 16 position processes
CANDIDATE [5] Thresh L (flags ) - OTT (class bands_or_stages, 3 candidates; the others at their instantiate defaults)
probe: signed EchoJayProbe (feat/ejmap-cert), team 8BT5F9B887, cdhash 06b9a8eb323f17699292139ef27f6206075e8958
host: EJ Map 0.1.0 / arm64 / 48k (native)
threshold: [5] Thresh L unit '%' (class bands_or_stages) | positions 16 (16 evenly spaced), one process each, levels quiet to loud
ratio: no control holds the ratio role | auto make-up disabled: no
default-threshold reference ('100', spec 4.7 check only):  -24.00 out-in 2.25  -12.00 out-in -8.64  -6.00 out-in -12.44  (default gain is information only)
linear reference (soft end): none
writes landed by: instack 16
processes: 54 run, 0 retried, 0 position(s) failed
write verify: 16 landed, 0 write_unlanded (skipped), in-stack read already matched on 16 of 16, pump slices total 16, longest confirm 3.0 ms, re-rendered 0
hold doubled at positions: none
still moving AFTER doubling (reading not used): none

pos   norm      display        red@-24  red@-12  red@-6    T(peak)   T-display
  0  0.0000    0                 --       --       --          --          
  1  0.0667    13.3334           --       --       --          --          
  2  0.1333    26.6666           --       --       --          --          
  3  0.2000    40                --       --       --          --          
  4  0.2667    53.3334           --       --       --          --          
  5  0.3333    66.6666           --       --       --          --          
  6  0.4000    80                --       --       --          --          
  7  0.4667    93.3334           --       --       --          --          
  8  0.5333    106.667           --       --       --          --          
  9  0.6000    120               --       --       --          --          
 10  0.6667    133.333           --       --       --          --          
 11  0.7333    146.667           --       --       --          --          
 12  0.8000    160               --       --       --          --          
 13  0.8667    173.333           --       --       --          --          
 14  0.9333    186.667           --       --       --          --          
 15  1.0000    200               --       --       --          --          

1 MAP:             flat (the ends differ by no more than 1 dB at every test level) | sense -- | engage -24.00:none -12.00:none -6.00:none
2 engage drift:    null  (not a dB display)   (primary; displayLinear unset until the population decides)
   offset IQR:      null
3 displayOffsetDb: null
fixture: AudioUnit_6155777e_1.3.7.json

CANDIDATE [6] Thresh M (flags ) - OTT (class bands_or_stages, 3 candidates; the others at their instantiate defaults)
probe: signed EchoJayProbe (feat/ejmap-cert), team 8BT5F9B887, cdhash 06b9a8eb323f17699292139ef27f6206075e8958
host: EJ Map 0.1.0 / arm64 / 48k (native)
threshold: [6] Thresh M unit '%' (class bands_or_stages) | positions 16 (16 evenly spaced), one process each, levels quiet to loud
ratio: no control holds the ratio role | auto make-up disabled: no
default-threshold reference ('100', spec 4.7 check only):  -24.00 out-in 2.25  -12.00 out-in -8.64  -6.00 out-in -12.44  (default gain is information only)
linear reference (soft end, position 15):  -24.00 11.98  -12.00 9.50  -6.00 6.04  | spread 5.94 dB (unusable beyond 2.0)
writes landed by: instack 16
processes: 54 run, 0 retried, 0 position(s) failed
write verify: 16 landed, 0 write_unlanded (skipped), in-stack read already matched on 16 of 16, pump slices total 16, longest confirm 3.1 ms, re-rendered 0
hold doubled at positions: none
still moving AFTER doubling (reading not used): none

pos   norm      display        red@-24  red@-12  red@-6    T(peak)   T-display
  0  0.0000    0                 --       --       --          --          
  1  0.0667    13.3334           --       --       --          --          
  2  0.1333    26.6666           --       --       --          --          
  3  0.2000    40                --       --       --          --          
  4  0.2667    53.3334           --       --       --          --          
  5  0.3333    66.6666           --       --       --          --          
  6  0.4000    80                --       --       --          --          
  7  0.4667    93.3334           --       --       --          --          
  8  0.5333    106.667           --       --       --          --          
  9  0.6000    120               --       --       --          --          
 10  0.6667    133.333           --       --       --          --          
 11  0.7333    146.667           --       --       --          --          
 12  0.8000    160               --       --       --          --          
 13  0.8667    173.333           --       --       --          --          
 14  0.9333    186.667           --       --       --          --          
 15  1.0000    200               --       --       --          --          

1 MAP:             unreadable (the soft end is not linear: its gain spans 5.94 dB across the levels (unusable beyond 2.0)) | sense -- | engage -24.00:none -12.00:none -6.00:none
2 engage drift:    null  (not a dB display)   (primary; displayLinear unset until the population decides)
   offset IQR:      null
3 displayOffsetDb: null
fixture: AudioUnit_6155777e_1.3.7.json

CANDIDATE [7] Thresh H (flags ) - OTT (class bands_or_stages, 3 candidates; the others at their instantiate defaults)
probe: signed EchoJayProbe (feat/ejmap-cert), team 8BT5F9B887, cdhash 06b9a8eb323f17699292139ef27f6206075e8958
host: EJ Map 0.1.0 / arm64 / 48k (native)
threshold: [7] Thresh H unit '%' (class bands_or_stages) | positions 16 (16 evenly spaced), one process each, levels quiet to loud
ratio: no control holds the ratio role | auto make-up disabled: no
default-threshold reference ('100', spec 4.7 check only):  -24.00 out-in 2.25  -12.00 out-in -8.64  -6.00 out-in -12.44  (default gain is information only)
linear reference (soft end, position 15):  -24.00 11.18  -12.00 1.54  -6.00 -3.21  | spread 14.39 dB (unusable beyond 2.0)
writes landed by: instack 16
processes: 54 run, 0 retried, 0 position(s) failed
write verify: 16 landed, 0 write_unlanded (skipped), in-stack read already matched on 16 of 16, pump slices total 16, longest confirm 3.0 ms, re-rendered 0
hold doubled at positions: none
still moving AFTER doubling (reading not used): none

pos   norm      display        red@-24  red@-12  red@-6    T(peak)   T-display
  0  0.0000    0                 --       --       --          --          
  1  0.0667    13.3334           --       --       --          --          
  2  0.1333    26.6666           --       --       --          --          
  3  0.2000    40                --       --       --          --          
  4  0.2667    53.3334           --       --       --          --          
  5  0.3333    66.6666           --       --       --          --          
  6  0.4000    80                --       --       --          --          
  7  0.4667    93.3334           --       --       --          --          
  8  0.5333    106.667           --       --       --          --          
  9  0.6000    120               --       --       --          --          
 10  0.6667    133.333           --       --       --          --          
 11  0.7333    146.667           --       --       --          --          
 12  0.8000    160               --       --       --          --          
 13  0.8667    173.333           --       --       --          --          
 14  0.9333    186.667           --       --       --          --          
 15  1.0000    200               --       --       --          --          

1 MAP:             unreadable (the soft end is not linear: its gain spans 14.39 dB across the levels (unusable beyond 2.0)) | sense -- | engage -24.00:none -12.00:none -6.00:none
2 engage drift:    null  (not a dB display)   (primary; displayLinear unset until the population decides)
   offset IQR:      null
3 displayOffsetDb: null
fixture: AudioUnit_6155777e_1.3.7.json

--- exit=0   13:41:20   ilok=[]
=== [34] Pro Audio DSP DSM V3   13:41:20   ilok=[]   power='AC Power'
  sweeping Pro Audio DSP DSM V3 candidate [4] Threshold 1 (unseen version 3.6.1: defaults sampled first) - 1 reference + 16 position processes
  sweeping Pro Audio DSP DSM V3 candidate [8] Threshold 2 (unseen version 3.6.1: defaults sampled first) - 1 reference + 16 position processes
  sweeping Pro Audio DSP DSM V3 candidate [12] Threshold 3 (unseen version 3.6.1: defaults sampled first) - 1 reference + 16 position processes
  sweeping Pro Audio DSP DSM V3 candidate [15] Threshold (unseen version 3.6.1: defaults sampled first) - 1 reference + 16 position processes
CANDIDATE [4] Threshold 1 (flags ) - Pro Audio DSP DSM V3 (class bands_or_stages, 4 candidates; the others at their instantiate defaults)
probe: signed EchoJayProbe (feat/ejmap-cert), team 8BT5F9B887, cdhash 06b9a8eb323f17699292139ef27f6206075e8958
host: EJ Map 0.1.0 / arm64 / 48k (native)
threshold: [4] Threshold 1 unit 'dB' (class bands_or_stages) | positions 16 (16 evenly spaced), one process each, levels quiet to loud
links as instantiated (recorded, not written): [29] Link = 'Off'
ratio: 2 controls hold the ratio role | auto make-up disabled: no
default-threshold reference ('0.00 dB', spec 4.7 check only):  -24.00 out-in 0.00  -12.00 out-in 0.00  -6.00 out-in -0.00  (default gain is information only)
linear reference (soft end, position 15):  -24.00 0.00  -12.00 0.00  -6.00 0.00  | spread 0.00 dB (unusable beyond 2.0)
writes landed by: instack 16
processes: 71 run, 0 retried, 0 position(s) failed
write verify: 16 landed, 0 write_unlanded (skipped), in-stack read already matched on 16 of 16, pump slices total 16, longest confirm 3.1 ms, re-rendered 0
hold doubled at positions: none
still moving AFTER doubling (reading not used): none

pos   norm      display        red@-24  red@-12  red@-6    T(peak)   T-display
  0  0.0000    -24.0 dB        0.15     2.48     4.29          --          
  1  0.0667    -18.0 dB        0.00     1.09     2.53          --          
  2  0.1333    -12.9 dB        0.00     0.26     1.31          --          
  3  0.2000    -8.64 dB        0.00     0.00     0.53          --          
  4  0.2667    -5.23 dB        0.00     0.00     0.16          --          
  5  0.3333    -2.67 dB        0.00     0.00     0.03          --          
  6  0.4000    -0.96 dB        0.00     0.00     0.00          --          
  7  0.4667    -0.11 dB        0.00     0.00     0.00          --          
  8  0.5333    0.11 dB         0.00     0.00     0.00          --          
  9  0.6000    0.96 dB         0.00     0.00     0.00          --          
 10  0.6667    2.67 dB         0.00     0.00     0.00          --          
 11  0.7333    5.23 dB         0.00     0.00     0.00          --          
 12  0.8000    8.64 dB         0.00     0.00     0.00          --          
 13  0.8667    12.9 dB         0.00     0.00     0.00          --          
 14  0.9333    18.0 dB         0.00     0.00     0.00          --          
 15  1.0000    24.0 dB         0.00     0.00     0.00          --          

1 MAP:             certified (ratio unknown (no ratio control): no dB-equivalent map) | sense lower_is_harder | engage -24.00:none -12.00:1 -6.00:3
2 engage drift:    0.99  -12.00:-3.48  -24.00:null  -6.00:-2.49   (primary; displayLinear unset until the population decides)
   offset IQR:      null
3 displayOffsetDb: null
fixture: AudioUnit_6143572d_3.6.1.json

CANDIDATE [8] Threshold 2 (flags ) - Pro Audio DSP DSM V3 (class bands_or_stages, 4 candidates; the others at their instantiate defaults)
probe: signed EchoJayProbe (feat/ejmap-cert), team 8BT5F9B887, cdhash 06b9a8eb323f17699292139ef27f6206075e8958
host: EJ Map 0.1.0 / arm64 / 48k (native)
threshold: [8] Threshold 2 unit 'dB' (class bands_or_stages) | positions 16 (16 evenly spaced), one process each, levels quiet to loud
links as instantiated (recorded, not written): [29] Link = 'Off'
ratio: 2 controls hold the ratio role | auto make-up disabled: no
default-threshold reference ('0.00 dB', spec 4.7 check only):  -24.00 out-in 0.00  -12.00 out-in 0.00  -6.00 out-in -0.00  (default gain is information only)
linear reference (soft end, position 15):  -24.00 0.00  -12.00 0.00  -6.00 0.00  | spread 0.00 dB (unusable beyond 2.0)
writes landed by: instack 16
processes: 71 run, 0 retried, 0 position(s) failed
write verify: 16 landed, 0 write_unlanded (skipped), in-stack read already matched on 16 of 16, pump slices total 16, longest confirm 3.1 ms, re-rendered 0
hold doubled at positions: none
still moving AFTER doubling (reading not used): none

pos   norm      display        red@-24  red@-12  red@-6    T(peak)   T-display
  0  0.0000    -24.0 dB        0.00     0.14     1.07          --          
  1  0.0667    -18.0 dB        0.00     0.00     0.26          --          
  2  0.1333    -12.9 dB        0.00     0.00     0.04          --          
  3  0.2000    -8.64 dB        0.00     0.00     0.00          --          
  4  0.2667    -5.23 dB        0.00     0.00     0.00          --          
  5  0.3333    -2.67 dB        0.00     0.00     0.00          --          
  6  0.4000    -0.96 dB        0.00     0.00     0.00          --          
  7  0.4667    -0.11 dB        0.00     0.00     0.00          --          
  8  0.5333    0.11 dB         0.00     0.00     0.00          --          
  9  0.6000    0.96 dB         0.00     0.00     0.00          --          
 10  0.6667    2.67 dB         0.00     0.00     0.00          --          
 11  0.7333    5.23 dB         0.00     0.00     0.00          --          
 12  0.8000    8.64 dB         0.00     0.00     0.00          --          
 13  0.8667    12.9 dB         0.00     0.00     0.00          --          
 14  0.9333    18.0 dB         0.00     0.00     0.00          --          
 15  1.0000    24.0 dB         0.00     0.00     0.00          --          

1 MAP:             certified (ratio unknown (no ratio control): no dB-equivalent map) | sense lower_is_harder | engage -24.00:none -12.00:none -6.00:0
2 engage drift:    null  -12.00:null  -24.00:null  -6.00:-13.78   (primary; displayLinear unset until the population decides)
   offset IQR:      null
3 displayOffsetDb: null
fixture: AudioUnit_6143572d_3.6.1.json

CANDIDATE [12] Threshold 3 (flags ) - Pro Audio DSP DSM V3 (class bands_or_stages, 4 candidates; the others at their instantiate defaults)
probe: signed EchoJayProbe (feat/ejmap-cert), team 8BT5F9B887, cdhash 06b9a8eb323f17699292139ef27f6206075e8958
host: EJ Map 0.1.0 / arm64 / 48k (native)
threshold: [12] Threshold 3 unit 'dB' (class bands_or_stages) | positions 16 (16 evenly spaced), one process each, levels quiet to loud
links as instantiated (recorded, not written): [29] Link = 'Off'
ratio: 2 controls hold the ratio role | auto make-up disabled: no
default-threshold reference ('0.00 dB', spec 4.7 check only):  -24.00 out-in 0.00  -12.00 out-in 0.00  -6.00 out-in -0.00  (default gain is information only)
linear reference (soft end): none
writes landed by: instack 16
processes: 71 run, 0 retried, 0 position(s) failed
write verify: 16 landed, 0 write_unlanded (skipped), in-stack read already matched on 16 of 16, pump slices total 16, longest confirm 3.1 ms, re-rendered 0
hold doubled at positions: none
still moving AFTER doubling (reading not used): none

pos   norm      display        red@-24  red@-12  red@-6    T(peak)   T-display
  0  0.0000    -24.0 dB          --       --       --          --          
  1  0.0667    -18.0 dB          --       --       --          --          
  2  0.1333    -12.9 dB          --       --       --          --          
  3  0.2000    -8.64 dB          --       --       --          --          
  4  0.2667    -5.23 dB          --       --       --          --          
  5  0.3333    -2.67 dB          --       --       --          --          
  6  0.4000    -0.96 dB          --       --       --          --          
  7  0.4667    -0.11 dB          --       --       --          --          
  8  0.5333    0.11 dB           --       --       --          --          
  9  0.6000    0.96 dB           --       --       --          --          
 10  0.6667    2.67 dB           --       --       --          --          
 11  0.7333    5.23 dB           --       --       --          --          
 12  0.8000    8.64 dB           --       --       --          --          
 13  0.8667    12.9 dB           --       --       --          --          
 14  0.9333    18.0 dB           --       --       --          --          
 15  1.0000    24.0 dB           --       --       --          --          

1 MAP:             flat (the ends differ by no more than 1 dB at every test level) | sense -- | engage -24.00:none -12.00:none -6.00:none
2 engage drift:    null  (not a dB display)   (primary; displayLinear unset until the population decides)
   offset IQR:      null
3 displayOffsetDb: null
fixture: AudioUnit_6143572d_3.6.1.json

CANDIDATE [15] Threshold (flags ) - Pro Audio DSP DSM V3 (class bands_or_stages, 4 candidates; the others at their instantiate defaults)
probe: signed EchoJayProbe (feat/ejmap-cert), team 8BT5F9B887, cdhash 06b9a8eb323f17699292139ef27f6206075e8958
host: EJ Map 0.1.0 / arm64 / 48k (native)
threshold: [15] Threshold unit 'dB' (class bands_or_stages) | positions 16 (16 evenly spaced), one process each, levels quiet to loud
links as instantiated (recorded, not written): [29] Link = 'Off'
ratio: 2 controls hold the ratio role | auto make-up disabled: no
default-threshold reference ('0.00 dB', spec 4.7 check only):  -24.00 out-in 0.00  -12.00 out-in 0.00  -6.00 out-in -0.00  (default gain is information only)
linear reference (soft end, position 15):  -24.00 0.00  -12.00 0.00  -6.00 0.00  | spread 0.00 dB (unusable beyond 2.0)
writes landed by: instack 16
processes: 71 run, 0 retried, 0 position(s) failed
write verify: 16 landed, 0 write_unlanded (skipped), in-stack read already matched on 16 of 16, pump slices total 16, longest confirm 3.0 ms, re-rendered 0
hold doubled at positions: none
still moving AFTER doubling (reading not used): none

pos   norm      display        red@-24  red@-12  red@-6    T(peak)   T-display
  0  0.0000    -48.0 dB       11.07    17.05    20.05          --          
  1  0.0667    -43.2 dB        8.69    14.66    17.65          --          
  2  0.1333    -38.4 dB        6.31    12.27    15.26          --          
  3  0.2000    -33.6 dB        4.02     9.88    12.87          --          
  4  0.2667    -28.8 dB        1.90     7.50    10.48          --          
  5  0.3333    -24.0 dB        0.51     5.15     8.09          --          
  6  0.4000    -19.2 dB        0.01     2.91     5.73          --          
  7  0.4667    -14.4 dB        0.00     1.10     3.45          --          
  8  0.5333    -9.60 dB        0.00     0.16     1.48          --          
  9  0.6000    -4.80 dB        0.00     0.00     0.31          --          
 10  0.6667    0.00 dB         0.00     0.00     0.00          --          
 11  0.7333    4.80 dB         0.00     0.00     0.00          --          
 12  0.8000    9.60 dB         0.00     0.00     0.00          --          
 13  0.8667    14.4 dB         0.00     0.00     0.00          --          
 14  0.9333    19.2 dB         0.00     0.00     0.00          --          
 15  1.0000    24.0 dB         0.00     0.00     0.00          --          

1 MAP:             certified (ratio unknown (no ratio control): no dB-equivalent map) | sense lower_is_harder | engage -24.00:5 -12.00:7 -6.00:8
2 engage drift:    1.28  -12.00:-0.80  -24.00:0.05  -6.00:-1.23   (primary; displayLinear unset until the population decides)
   offset IQR:      null
3 displayOffsetDb: null
fixture: AudioUnit_6143572d_3.6.1.json

--- exit=0   13:42:17   ilok=[]
=== [35] PuigChild 670 (s)   13:42:17   ilok=[]   power='AC Power'
  sweeping PuigChild 670 (s) candidate [4] Left Threshold (unseen version 12.0.0: defaults sampled first) - 1 reference + 16 position processes
  sweeping PuigChild 670 (s) candidate [8] Right Threshold (unseen version 12.0.0: defaults sampled first) - 1 reference + 16 position processes
CANDIDATE [4] Left Threshold (flags ) - PuigChild 670 (s) (class bands_or_stages, 2 candidates; the others at their instantiate defaults)
probe: signed EchoJayProbe (feat/ejmap-cert), team 8BT5F9B887, cdhash 06b9a8eb323f17699292139ef27f6206075e8958
host: EJ Map 0.1.0 / x86_64 / 48k (BRIDGED)
threshold: [4] Left Threshold unit '' (class bands_or_stages) | positions 16 (16 evenly spaced), one process each, levels quiet to loud
links as instantiated (recorded, not written): [1] Link = 'Linked'
ratio: no control holds the ratio role | auto make-up disabled: no
default-threshold reference ('2.2', spec 4.7 check only):  -24.00 out-in 1.91  -12.00 out-in 1.05  -6.00 out-in -1.89  (default gain is information only)
linear reference (soft end, position 0):  -24.00 1.92  -12.00 1.96  -6.00 2.00  | spread 0.09 dB (unusable beyond 2.0)
writes landed by: pump 16
processes: 37 run, 0 retried, 0 position(s) failed
write verify: 16 landed, 0 write_unlanded (skipped), in-stack read already matched on 0 of 16, pump slices total 111, longest confirm 79.5 ms, re-rendered 0
hold doubled at positions: none
still moving AFTER doubling (reading not used): none

pos   norm      display        red@-24  red@-12  red@-6    T(peak)   T-display
  0  0.0000    0.0             0.00     0.00     0.00          --          
  1  0.0667    0.7             0.00     0.00     0.01          --          
  2  0.1333    1.3             0.00     0.08     0.95          --          
  3  0.2000    2.0             0.00     0.64     3.27          --          
  4  0.2667    2.7             0.01     1.71     5.30          --          
  5  0.3333    3.3             0.02     2.73     6.73          --          
  6  0.4000    4.0             0.07     3.85     8.15          --          
  7  0.4667    4.7             0.15     4.85     9.35          --          
  8  0.5333    5.3             0.25     5.64    10.27          --          
  9  0.6000    6.0             0.40     6.47    11.22          --          
 10  0.6667    6.7             0.59     7.23    12.07          --          
 11  0.7333    7.3             0.78     7.83    12.74          --          
 12  0.8000    8.0             1.04     8.47    13.45          --          
 13  0.8667    8.7             1.31     9.07    14.11          --          
 14  0.9333    9.3             1.56     9.56    14.64          --          
 15  1.0000    10.0            1.86    10.08    15.22          --          

1 MAP:             certified (ratio unknown (no ratio control): no dB-equivalent map) | sense higher_is_harder | engage -24.00:10 -12.00:3 -6.00:2
2 engage drift:    null  (not a dB display)   (primary; displayLinear unset until the population decides)
   offset IQR:      null
3 displayOffsetDb: null
fixture: AudioUnit_4c45797d_12.0.0.json

CANDIDATE [8] Right Threshold (flags ) - PuigChild 670 (s) (class bands_or_stages, 2 candidates; the others at their instantiate defaults)
probe: signed EchoJayProbe (feat/ejmap-cert), team 8BT5F9B887, cdhash 06b9a8eb323f17699292139ef27f6206075e8958
host: EJ Map 0.1.0 / x86_64 / 48k (BRIDGED)
threshold: [8] Right Threshold unit '' (class bands_or_stages) | positions 16 (16 evenly spaced), one process each, levels quiet to loud
links as instantiated (recorded, not written): [1] Link = 'Linked'
ratio: no control holds the ratio role | auto make-up disabled: no
default-threshold reference ('2.2', spec 4.7 check only):  -24.00 out-in 1.91  -12.00 out-in 1.05  -6.00 out-in -1.89  (default gain is information only)
linear reference (soft end): none
writes landed by: pump 16
processes: 37 run, 0 retried, 0 position(s) failed
write verify: 16 landed, 0 write_unlanded (skipped), in-stack read already matched on 0 of 16, pump slices total 85, longest confirm 68.0 ms, re-rendered 0
hold doubled at positions: none
still moving AFTER doubling (reading not used): none

pos   norm      display        red@-24  red@-12  red@-6    T(peak)   T-display
  0  0.0000    0.0               --       --       --          --          
  1  0.0667    0.7               --       --       --          --          
  2  0.1333    1.3               --       --       --          --          
  3  0.2000    2.0               --       --       --          --          
  4  0.2667    2.7               --       --       --          --          
  5  0.3333    3.3               --       --       --          --          
  6  0.4000    4.0               --       --       --          --          
  7  0.4667    4.7               --       --       --          --          
  8  0.5333    5.3               --       --       --          --          
  9  0.6000    6.0               --       --       --          --          
 10  0.6667    6.7               --       --       --          --          
 11  0.7333    7.3               --       --       --          --          
 12  0.8000    8.0               --       --       --          --          
 13  0.8667    8.7               --       --       --          --          
 14  0.9333    9.3               --       --       --          --          
 15  1.0000    10.0              --       --       --          --          

1 MAP:             flat (the ends differ by no more than 1 dB at every test level) | sense -- | engage -24.00:none -12.00:none -6.00:none
2 engage drift:    null  (not a dB display)   (primary; displayLinear unset until the population decides)
   offset IQR:      null
3 displayOffsetDb: null
fixture: AudioUnit_4c45797d_12.0.0.json

--- exit=0   13:45:00   ilok=[]
=== [36] Shadow Hills Class A Mastering Comp   13:45:00   ilok=[]   power='AC Power'
  sweeping Shadow Hills Class A Mastering Comp candidate [17] Optical Threshold 1 (unseen version 1.4.1: defaults sampled first) - 1 reference + 24 position processes
  sweeping Shadow Hills Class A Mastering Comp candidate [20] Discrete Threshold 1 (unseen version 1.4.1: defaults sampled first) - 1 reference + 24 position processes
  sweeping Shadow Hills Class A Mastering Comp candidate [29] Optical Threshold 2 (unseen version 1.4.1: defaults sampled first) - 1 reference + 24 position processes
  sweeping Shadow Hills Class A Mastering Comp candidate [32] Discrete Threshold 2 (unseen version 1.4.1: defaults sampled first) - 1 reference + 24 position processes
CANDIDATE [17] Optical Threshold 1 (flags ) - Shadow Hills Class A Mastering Comp (class bands_or_stages, 4 candidates; the others at their instantiate defaults)
probe: signed EchoJayProbe (feat/ejmap-cert), team 8BT5F9B887, cdhash 06b9a8eb323f17699292139ef27f6206075e8958
host: EJ Map 0.1.0 / arm64 / 48k (native)
threshold: [17] Optical Threshold 1 unit '' (class bands_or_stages) | positions 24 (every step), one process each, levels quiet to loud
links as instantiated (recorded, not written): [7] Parameter Link = 'Off'
ratio: 2 controls hold the ratio role | auto make-up disabled: no
default-threshold reference ('1', spec 4.7 check only):  -24.00 out-in 1.14  -12.00 out-in 1.13  -6.00 out-in 1.13  (default gain is information only)
linear reference (soft end, position 0):  -24.00 1.14  -12.00 1.13  -6.00 1.13  | spread 0.00 dB (unusable beyond 2.0)
writes landed by: instack 24
processes: 103 run, 0 retried, 0 position(s) failed
write verify: 24 landed, 0 write_unlanded (skipped), in-stack read already matched on 24 of 24, pump slices total 24, longest confirm 3.1 ms, re-rendered 0
hold doubled at positions: none
still moving AFTER doubling (reading not used): none

pos   norm      display        red@-24  red@-12  red@-6    T(peak)   T-display
  0  0.0000    1               0.00     0.00     0.00          --          
  1  0.0435    2               0.00     0.00     0.00          --          
  2  0.0870    3               0.00     0.00     0.00          --          
  3  0.1304    4               0.00     0.00     0.00          --          
  4  0.1739    5               0.00     0.00     0.00          --          
  5  0.2174    6               0.00     0.00     0.00          --          
  6  0.2609    7               0.00     0.00     0.00          --          
  7  0.3043    8               0.01     0.01     1.04          --          
  8  0.3478    9               0.01     0.01     2.39          --          
  9  0.3913    10              0.01     0.01     3.77          --          
 10  0.4348    11              0.02     1.18     5.15          --          
 11  0.4783    12              0.03     1.80     5.81          --          
 12  0.5217    13              0.04     2.45     6.49          --          
 13  0.5652    14              0.05     3.09     7.15          --          
 14  0.6087    15              0.06     3.74     7.81          --          
 15  0.6522    16              0.07     4.39     8.47          --          
 16  0.6957    17              0.09     5.05     9.13          --          
 17  0.7391    18              0.12     5.72     9.80          --          
 18  0.7826    19              0.14     6.40    10.47          --          
 19  0.8261    20              0.18     7.09    11.15          --          
 20  0.8696    21              0.23     7.78    11.83          --          
 21  0.9130    22              0.61     8.51    12.56          --          
 22  0.9565    23              1.28     9.26    13.30          --          
 23  1.0000    24              1.94     9.96    13.98          --          

1 MAP:             certified (ratio unknown (no ratio control): no dB-equivalent map) | sense higher_is_harder | engage -24.00:21 -12.00:10 -6.00:7
2 engage drift:    null  (not a dB display)   (primary; displayLinear unset until the population decides)
   offset IQR:      null
3 displayOffsetDb: null
fixture: AudioUnit_704f4855_1.4.1.json

CANDIDATE [20] Discrete Threshold 1 (flags ) - Shadow Hills Class A Mastering Comp (class bands_or_stages, 4 candidates; the others at their instantiate defaults)
probe: signed EchoJayProbe (feat/ejmap-cert), team 8BT5F9B887, cdhash 06b9a8eb323f17699292139ef27f6206075e8958
host: EJ Map 0.1.0 / arm64 / 48k (native)
threshold: [20] Discrete Threshold 1 unit '' (class bands_or_stages) | positions 24 (every step), one process each, levels quiet to loud
links as instantiated (recorded, not written): [7] Parameter Link = 'Off'
ratio: 2 controls hold the ratio role | auto make-up disabled: no
default-threshold reference ('1', spec 4.7 check only):  -24.00 out-in 1.14  -12.00 out-in 1.13  -6.00 out-in 1.13  (default gain is information only)
linear reference (soft end, position 0):  -24.00 1.14  -12.00 1.13  -6.00 1.13  | spread 0.00 dB (unusable beyond 2.0)
writes landed by: instack 24
processes: 103 run, 0 retried, 0 position(s) failed
write verify: 24 landed, 0 write_unlanded (skipped), in-stack read already matched on 24 of 24, pump slices total 24, longest confirm 3.1 ms, re-rendered 0
hold doubled at positions: none
still moving AFTER doubling (reading not used): none

pos   norm      display        red@-24  red@-12  red@-6    T(peak)   T-display
  0  0.0000    1               0.00     0.00     0.00          --          
  1  0.0435    2               0.00     0.00     0.00          --          
  2  0.0870    3               0.00     0.00     0.00          --          
  3  0.1304    4               0.00     0.00     0.00          --          
  4  0.1739    5               0.00     0.00     0.13          --          
  5  0.2174    6               0.00     0.00     0.54          --          
  6  0.2609    7               0.00     0.00     0.87          --          
  7  0.3043    8               0.00     0.33     1.58          --          
  8  0.3478    9               0.00     0.86     2.42          --          
  9  0.3913    10              0.00     1.55     3.39          --          
 10  0.4348    11              0.00     2.39     4.48          --          
 11  0.4783    12              0.28     3.30     5.60          --          
 12  0.5217    13              0.78     4.36     6.91          --          
 13  0.5652    14              1.44     5.53     8.26          --          
 14  0.6087    15              2.13     6.67     9.50          --          
 15  0.6522    16              2.91     7.80    10.77          --          
 16  0.6957    17              3.95     9.23    12.38          --          
 17  0.7391    18              5.19    10.86    13.81          --          
 18  0.7826    19              6.71    12.69    15.06          --          
 19  0.8261    20              8.49    14.31    16.21          --          
 20  0.8696    21             10.07    15.40    16.96          --          
 21  0.9130    22             11.86    16.36    17.58          --          
 22  0.9565    23             13.44    17.09    18.04          --          
 23  1.0000    24             14.69    17.66    18.42          --          

1 MAP:             certified (ratio unknown (no ratio control): no dB-equivalent map) | sense higher_is_harder | engage -24.00:12 -12.00:8 -6.00:5
2 engage drift:    null  (not a dB display)   (primary; displayLinear unset until the population decides)
   offset IQR:      null
3 displayOffsetDb: null
fixture: AudioUnit_704f4855_1.4.1.json

CANDIDATE [29] Optical Threshold 2 (flags ) - Shadow Hills Class A Mastering Comp (class bands_or_stages, 4 candidates; the others at their instantiate defaults)
probe: signed EchoJayProbe (feat/ejmap-cert), team 8BT5F9B887, cdhash 06b9a8eb323f17699292139ef27f6206075e8958
host: EJ Map 0.1.0 / arm64 / 48k (native)
threshold: [29] Optical Threshold 2 unit '' (class bands_or_stages) | positions 24 (every step), one process each, levels quiet to loud
links as instantiated (recorded, not written): [7] Parameter Link = 'Off'
ratio: 2 controls hold the ratio role | auto make-up disabled: no
default-threshold reference ('1', spec 4.7 check only):  -24.00 out-in 1.14  -12.00 out-in 1.13  -6.00 out-in 1.13  (default gain is information only)
linear reference (soft end): none
writes landed by: instack 24
processes: 103 run, 0 retried, 0 position(s) failed
write verify: 24 landed, 0 write_unlanded (skipped), in-stack read already matched on 24 of 24, pump slices total 24, longest confirm 3.1 ms, re-rendered 0
hold doubled at positions: none
still moving AFTER doubling (reading not used): none

pos   norm      display        red@-24  red@-12  red@-6    T(peak)   T-display
  0  0.0000    1                 --       --       --          --          
  1  0.0435    2                 --       --       --          --          
  2  0.0870    3                 --       --       --          --          
  3  0.1304    4                 --       --       --          --          
  4  0.1739    5                 --       --       --          --          
  5  0.2174    6                 --       --       --          --          
  6  0.2609    7                 --       --       --          --          
  7  0.3043    8                 --       --       --          --          
  8  0.3478    9                 --       --       --          --          
  9  0.3913    10                --       --       --          --          
 10  0.4348    11                --       --       --          --          
 11  0.4783    12                --       --       --          --          
 12  0.5217    13                --       --       --          --          
 13  0.5652    14                --       --       --          --          
 14  0.6087    15                --       --       --          --          
 15  0.6522    16                --       --       --          --          
 16  0.6957    17                --       --       --          --          
 17  0.7391    18                --       --       --          --          
 18  0.7826    19                --       --       --          --          
 19  0.8261    20                --       --       --          --          
 20  0.8696    21                --       --       --          --          
 21  0.9130    22                --       --       --          --          
 22  0.9565    23                --       --       --          --          
 23  1.0000    24                --       --       --          --          

1 MAP:             flat (the ends differ by no more than 1 dB at every test level) | sense -- | engage -24.00:none -12.00:none -6.00:none
2 engage drift:    null  (not a dB display)   (primary; displayLinear unset until the population decides)
   offset IQR:      null
3 displayOffsetDb: null
fixture: AudioUnit_704f4855_1.4.1.json

CANDIDATE [32] Discrete Threshold 2 (flags ) - Shadow Hills Class A Mastering Comp (class bands_or_stages, 4 candidates; the others at their instantiate defaults)
probe: signed EchoJayProbe (feat/ejmap-cert), team 8BT5F9B887, cdhash 06b9a8eb323f17699292139ef27f6206075e8958
host: EJ Map 0.1.0 / arm64 / 48k (native)
threshold: [32] Discrete Threshold 2 unit '' (class bands_or_stages) | positions 24 (every step), one process each, levels quiet to loud
links as instantiated (recorded, not written): [7] Parameter Link = 'Off'
ratio: 2 controls hold the ratio role | auto make-up disabled: no
default-threshold reference ('1', spec 4.7 check only):  -24.00 out-in 1.14  -12.00 out-in 1.13  -6.00 out-in 1.13  (default gain is information only)
linear reference (soft end): none
writes landed by: instack 24
processes: 103 run, 0 retried, 0 position(s) failed
write verify: 24 landed, 0 write_unlanded (skipped), in-stack read already matched on 24 of 24, pump slices total 24, longest confirm 3.1 ms, re-rendered 0
hold doubled at positions: none
still moving AFTER doubling (reading not used): none

pos   norm      display        red@-24  red@-12  red@-6    T(peak)   T-display
  0  0.0000    1                 --       --       --          --          
  1  0.0435    2                 --       --       --          --          
  2  0.0870    3                 --       --       --          --          
  3  0.1304    4                 --       --       --          --          
  4  0.1739    5                 --       --       --          --          
  5  0.2174    6                 --       --       --          --          
  6  0.2609    7                 --       --       --          --          
  7  0.3043    8                 --       --       --          --          
  8  0.3478    9                 --       --       --          --          
  9  0.3913    10                --       --       --          --          
 10  0.4348    11                --       --       --          --          
 11  0.4783    12                --       --       --          --          
 12  0.5217    13                --       --       --          --          
 13  0.5652    14                --       --       --          --          
 14  0.6087    15                --       --       --          --          
 15  0.6522    16                --       --       --          --          
 16  0.6957    17                --       --       --          --          
 17  0.7391    18                --       --       --          --          
 18  0.7826    19                --       --       --          --          
 19  0.8261    20                --       --       --          --          
 20  0.8696    21                --       --       --          --          
 21  0.9130    22                --       --       --          --          
 22  0.9565    23                --       --       --          --          
 23  1.0000    24                --       --       --          --          

1 MAP:             flat (the ends differ by no more than 1 dB at every test level) | sense -- | engage -24.00:none -12.00:none -6.00:none
2 engage drift:    null  (not a dB display)   (primary; displayLinear unset until the population decides)
   offset IQR:      null
3 displayOffsetDb: null
fixture: AudioUnit_704f4855_1.4.1.json

--- exit=0   13:46:12   ilok=[]
=== [37] Shadow Hills Mastering Compressor   13:46:12   ilok=[]   power='AC Power'
  sweeping Shadow Hills Mastering Compressor candidate [2] Optical Threshold 1 (unseen version 1.5.1: defaults sampled first) - 1 reference + 24 position processes
  sweeping Shadow Hills Mastering Compressor candidate [5] Discrete Threshold 1 (unseen version 1.5.1: defaults sampled first) - 1 reference + 24 position processes
  sweeping Shadow Hills Mastering Compressor candidate [14] Optical Threshold 2 (unseen version 1.5.1: defaults sampled first) - 1 reference + 24 position processes
  sweeping Shadow Hills Mastering Compressor candidate [17] Discrete Threshold 2 (unseen version 1.5.1: defaults sampled first) - 1 reference + 24 position processes
CANDIDATE [2] Optical Threshold 1 (flags ) - Shadow Hills Mastering Compressor (class bands_or_stages, 4 candidates; the others at their instantiate defaults)
probe: signed EchoJayProbe (feat/ejmap-cert), team 8BT5F9B887, cdhash 06b9a8eb323f17699292139ef27f6206075e8958
host: EJ Map 0.1.0 / arm64 / 48k (native)
threshold: [2] Optical Threshold 1 unit '' (class bands_or_stages) | positions 24 (every step), one process each, levels quiet to loud
ratio: 2 controls hold the ratio role | auto make-up disabled: no
default-threshold reference ('1', spec 4.7 check only):  -24.00 out-in 0.33  -12.00 out-in 0.33  -6.00 out-in 0.33  (default gain is information only)
linear reference (soft end, position 0):  -24.00 0.33  -12.00 0.33  -6.00 0.33  | spread 0.00 dB (unusable beyond 2.0)
writes landed by: instack 24
processes: 103 run, 0 retried, 0 position(s) failed
write verify: 24 landed, 0 write_unlanded (skipped), in-stack read already matched on 24 of 24, pump slices total 24, longest confirm 3.1 ms, re-rendered 0
hold doubled at positions: none
still moving AFTER doubling (reading not used): none

pos   norm      display        red@-24  red@-12  red@-6    T(peak)   T-display
  0  0.0000    1               0.00     0.00     0.00          --          
  1  0.0435    2               0.00     0.00     0.00          --          
  2  0.0870    3               0.00     0.00     0.00          --          
  3  0.1304    4               0.00     0.00     0.00          --          
  4  0.1739    5               0.00     0.00     0.00          --          
  5  0.2174    6               0.00     0.00     0.92          --          
  6  0.2609    7               0.00     0.00     2.28          --          
  7  0.3043    8               0.01     0.09     3.63          --          
  8  0.3478    9               0.01     1.23     4.99          --          
  9  0.3913    10              0.01     2.50     6.35          --          
 10  0.4348    11              0.02     3.78     7.67          --          
 11  0.4783    12              0.03     4.41     8.32          --          
 12  0.5217    13              0.04     5.04     8.96          --          
 13  0.5652    14              0.05     5.67     9.60          --          
 14  0.6087    15              0.06     6.31    10.23          --          
 15  0.6522    16              0.07     6.94    10.87          --          
 16  0.6957    17              0.16     7.58    11.50          --          
 17  0.7391    18              0.67     8.23    12.15          --          
 18  0.7826    19              1.23     8.88    12.79          --          
 19  0.8261    20              1.83     9.54    13.45          --          
 20  0.8696    21              2.46    10.20    14.10          --          
 21  0.9130    22              3.14    10.91    14.80          --          
 22  0.9565    23              3.84    11.62    15.51          --          
 23  1.0000    24              4.52    12.30    16.17          --          

1 MAP:             certified (ratio unknown (no ratio control): no dB-equivalent map) | sense higher_is_harder | engage -24.00:17 -12.00:8 -6.00:5
2 engage drift:    null  (not a dB display)   (primary; displayLinear unset until the population decides)
   offset IQR:      null
3 displayOffsetDb: null
fixture: AudioUnit_704f5c43_1.5.1.json

CANDIDATE [5] Discrete Threshold 1 (flags ) - Shadow Hills Mastering Compressor (class bands_or_stages, 4 candidates; the others at their instantiate defaults)
probe: signed EchoJayProbe (feat/ejmap-cert), team 8BT5F9B887, cdhash 06b9a8eb323f17699292139ef27f6206075e8958
host: EJ Map 0.1.0 / arm64 / 48k (native)
threshold: [5] Discrete Threshold 1 unit '' (class bands_or_stages) | positions 24 (every step), one process each, levels quiet to loud
ratio: 2 controls hold the ratio role | auto make-up disabled: no
default-threshold reference ('1', spec 4.7 check only):  -24.00 out-in 0.33  -12.00 out-in 0.33  -6.00 out-in 0.33  (default gain is information only)
linear reference (soft end, position 0):  -24.00 0.33  -12.00 0.33  -6.00 0.33  | spread 0.00 dB (unusable beyond 2.0)
writes landed by: instack 24
processes: 103 run, 0 retried, 0 position(s) failed
write verify: 24 landed, 0 write_unlanded (skipped), in-stack read already matched on 24 of 24, pump slices total 24, longest confirm 3.1 ms, re-rendered 0
hold doubled at positions: none
still moving AFTER doubling (reading not used): none

pos   norm      display        red@-24  red@-12  red@-6    T(peak)   T-display
  0  0.0000    1               0.00     0.00     0.00          --          
  1  0.0435    2               0.00     0.00     0.00          --          
  2  0.0870    3               0.00     0.00     0.00          --          
  3  0.1304    4               0.00     0.00     0.18          --          
  4  0.1739    5               0.00     0.00     0.91          --          
  5  0.2174    6               0.00     0.10     1.94          --          
  6  0.2609    7               0.00     0.74     3.20          --          
  7  0.3043    8               0.00     1.70     4.67          --          
  8  0.3478    9               0.00     2.89     6.37          --          
  9  0.3913    10              0.00     4.30     8.18          --          
 10  0.4348    11              0.39     5.90    10.15          --          
 11  0.4783    12              1.19     7.70    12.35          --          
 12  0.5217    13              2.26     9.61    14.61          --          
 13  0.5652    14              3.55    11.74    17.01          --          
 14  0.6087    15              5.06    14.02    19.53          --          
 15  0.6522    16              6.79    16.40    22.14          --          
 16  0.6957    17              8.65    18.91    24.41          --          
 17  0.7391    18             10.69    21.55    26.28          --          
 18  0.7826    19             12.97    23.92    27.88          --          
 19  0.8261    20             15.34    25.93    29.25          --          
 20  0.8696    21             17.89    27.60    30.44          --          
 21  0.9130    22             20.58    29.05    31.35          --          
 22  0.9565    23             23.21    30.30    32.08          --          
 23  1.0000    24             25.43    31.26    32.66          --          

1 MAP:             certified (ratio unknown (no ratio control): no dB-equivalent map) | sense higher_is_harder | engage -24.00:11 -12.00:6 -6.00:4
2 engage drift:    null  (not a dB display)   (primary; displayLinear unset until the population decides)
   offset IQR:      null
3 displayOffsetDb: null
fixture: AudioUnit_704f5c43_1.5.1.json

CANDIDATE [14] Optical Threshold 2 (flags ) - Shadow Hills Mastering Compressor (class bands_or_stages, 4 candidates; the others at their instantiate defaults)
probe: signed EchoJayProbe (feat/ejmap-cert), team 8BT5F9B887, cdhash 06b9a8eb323f17699292139ef27f6206075e8958
host: EJ Map 0.1.0 / arm64 / 48k (native)
threshold: [14] Optical Threshold 2 unit '' (class bands_or_stages) | positions 24 (every step), one process each, levels quiet to loud
ratio: 2 controls hold the ratio role | auto make-up disabled: no
default-threshold reference ('1', spec 4.7 check only):  -24.00 out-in 0.33  -12.00 out-in 0.33  -6.00 out-in 0.33  (default gain is information only)
linear reference (soft end): none
writes landed by: instack 24
processes: 103 run, 0 retried, 0 position(s) failed
write verify: 24 landed, 0 write_unlanded (skipped), in-stack read already matched on 24 of 24, pump slices total 24, longest confirm 3.1 ms, re-rendered 0
hold doubled at positions: none
still moving AFTER doubling (reading not used): none

pos   norm      display        red@-24  red@-12  red@-6    T(peak)   T-display
  0  0.0000    1                 --       --       --          --          
  1  0.0435    2                 --       --       --          --          
  2  0.0870    3                 --       --       --          --          
  3  0.1304    4                 --       --       --          --          
  4  0.1739    5                 --       --       --          --          
  5  0.2174    6                 --       --       --          --          
  6  0.2609    7                 --       --       --          --          
  7  0.3043    8                 --       --       --          --          
  8  0.3478    9                 --       --       --          --          
  9  0.3913    10                --       --       --          --          
 10  0.4348    11                --       --       --          --          
 11  0.4783    12                --       --       --          --          
 12  0.5217    13                --       --       --          --          
 13  0.5652    14                --       --       --          --          
 14  0.6087    15                --       --       --          --          
 15  0.6522    16                --       --       --          --          
 16  0.6957    17                --       --       --          --          
 17  0.7391    18                --       --       --          --          
 18  0.7826    19                --       --       --          --          
 19  0.8261    20                --       --       --          --          
 20  0.8696    21                --       --       --          --          
 21  0.9130    22                --       --       --          --          
 22  0.9565    23                --       --       --          --          
 23  1.0000    24                --       --       --          --          

1 MAP:             flat (the ends differ by no more than 1 dB at every test level) | sense -- | engage -24.00:none -12.00:none -6.00:none
2 engage drift:    null  (not a dB display)   (primary; displayLinear unset until the population decides)
   offset IQR:      null
3 displayOffsetDb: null
fixture: AudioUnit_704f5c43_1.5.1.json

CANDIDATE [17] Discrete Threshold 2 (flags ) - Shadow Hills Mastering Compressor (class bands_or_stages, 4 candidates; the others at their instantiate defaults)
probe: signed EchoJayProbe (feat/ejmap-cert), team 8BT5F9B887, cdhash 06b9a8eb323f17699292139ef27f6206075e8958
host: EJ Map 0.1.0 / arm64 / 48k (native)
threshold: [17] Discrete Threshold 2 unit '' (class bands_or_stages) | positions 24 (every step), one process each, levels quiet to loud
ratio: 2 controls hold the ratio role | auto make-up disabled: no
default-threshold reference ('1', spec 4.7 check only):  -24.00 out-in 0.33  -12.00 out-in 0.33  -6.00 out-in 0.33  (default gain is information only)
linear reference (soft end): none
writes landed by: instack 24
processes: 103 run, 0 retried, 0 position(s) failed
write verify: 24 landed, 0 write_unlanded (skipped), in-stack read already matched on 24 of 24, pump slices total 24, longest confirm 3.1 ms, re-rendered 0
hold doubled at positions: none
still moving AFTER doubling (reading not used): none

pos   norm      display        red@-24  red@-12  red@-6    T(peak)   T-display
  0  0.0000    1                 --       --       --          --          
  1  0.0435    2                 --       --       --          --          
  2  0.0870    3                 --       --       --          --          
  3  0.1304    4                 --       --       --          --          
  4  0.1739    5                 --       --       --          --          
  5  0.2174    6                 --       --       --          --          
  6  0.2609    7                 --       --       --          --          
  7  0.3043    8                 --       --       --          --          
  8  0.3478    9                 --       --       --          --          
  9  0.3913    10                --       --       --          --          
 10  0.4348    11                --       --       --          --          
 11  0.4783    12                --       --       --          --          
 12  0.5217    13                --       --       --          --          
 13  0.5652    14                --       --       --          --          
 14  0.6087    15                --       --       --          --          
 15  0.6522    16                --       --       --          --          
 16  0.6957    17                --       --       --          --          
 17  0.7391    18                --       --       --          --          
 18  0.7826    19                --       --       --          --          
 19  0.8261    20                --       --       --          --          
 20  0.8696    21                --       --       --          --          
 21  0.9130    22                --       --       --          --          
 22  0.9565    23                --       --       --          --          
 23  1.0000    24                --       --       --          --          

1 MAP:             flat (the ends differ by no more than 1 dB at every test level) | sense -- | engage -24.00:none -12.00:none -6.00:none
2 engage drift:    null  (not a dB display)   (primary; displayLinear unset until the population decides)
   offset IQR:      null
3 displayOffsetDb: null
fixture: AudioUnit_704f5c43_1.5.1.json

--- exit=0   13:47:14   ilok=[]
=== [38] Solid Dynamics   13:47:14   ilok=[]   power='AC Power'
  sweeping Solid Dynamics candidate [1] Threshold Comp (unseen version 1.4.5: defaults sampled first) - 1 reference + 16 position processes
  sweeping Solid Dynamics candidate [12] Threshold G/E (unseen version 1.4.5: defaults sampled first) - 1 reference + 16 position processes
CANDIDATE [1] Threshold Comp (flags ) - Solid Dynamics (class bands_or_stages, 2 candidates; the others at their instantiate defaults)
probe: signed EchoJayProbe (feat/ejmap-cert), team 8BT5F9B887, cdhash 06b9a8eb323f17699292139ef27f6206075e8958
host: EJ Map 0.1.0 / arm64 / 48k (native)
threshold: [1] Threshold Comp unit 'dB' (class bands_or_stages) | positions 16 (16 evenly spaced), one process each, levels quiet to loud
links as instantiated (recorded, not written): [8] Link L/R = 'On'
ratio: [2] ran at '' -> not numeric | auto make-up disabled: no
default-threshold reference ('-17.9 dB', spec 4.7 check only):  -24.00 out-in 1.69  -12.00 out-in -4.00  -6.00 out-in -7.86  (default gain is information only)
linear reference (soft end, position 0):  -24.00 0.51  -12.00 0.36  -6.00 -0.27  | spread 0.78 dB (unusable beyond 2.0)
writes landed by: instack 1 render 15
processes: 37 run, 0 retried, 0 position(s) failed
write verify: 16 landed, 0 write_unlanded (skipped), in-stack read already matched on 1 of 16, pump slices total 2591, longest confirm 502.6 ms, re-rendered 1
hold doubled at positions: none
still moving AFTER doubling (reading not used): none

pos   norm      display        red@-24  red@-12  red@-6    T(peak)   T-display
  0  0.0000    10.0 dB         0.00     0.00     0.00          --          
  1  0.0667    8.0 dB         -0.32    -0.17     0.03          --          
  2  0.1333    6.0 dB         -0.60    -0.25     0.16          --          
  3  0.2000    4.0 dB         -0.86    -0.24     0.40          --          
  4  0.2667    2.0 dB         -1.10    -0.14     0.72          --          
  5  0.3333    0.0 dB         -1.30     0.03     1.13          --          
  6  0.4000    -2.0 dB        -1.46     0.28     1.63          --          
  7  0.4667    -4.0 dB        -1.56     0.60     2.20          --          
  8  0.5333    -6.0 dB        -1.62     0.99     2.84          --          
  9  0.6000    -8.0 dB        -1.63     1.45     3.55          --          
 10  0.6667    -10.0 dB       -1.60     1.96     4.32          --          
 11  0.7333    -12.0 dB       -1.52     2.53     5.14          --          
 12  0.8000    -14.0 dB       -1.42     3.13     5.99          --          
 13  0.8667    -16.0 dB       -1.30     3.76     6.83          --          
 14  0.9333    -17.9 dB       -1.17     4.39     7.62          --          
 15  1.0000    -20.0 dB       -1.08     4.98     8.35          --          

1 MAP:             unreadable (position 2 at -24.00 sits 0.60 dB above the linear reference) | sense higher_is_harder | engage -24.00:none -12.00:none -6.00:none
2 engage drift:    0.55  -12.00:8.52  -24.00:null  -6.00:9.08   (primary; displayLinear unset until the population decides)
   offset IQR:      null
3 displayOffsetDb: null
fixture: AudioUnit_2520b62_1.4.5.json

CANDIDATE [12] Threshold G/E (flags ) - Solid Dynamics (class bands_or_stages, 2 candidates; the others at their instantiate defaults)
probe: signed EchoJayProbe (feat/ejmap-cert), team 8BT5F9B887, cdhash 06b9a8eb323f17699292139ef27f6206075e8958
host: EJ Map 0.1.0 / arm64 / 48k (native)
threshold: [12] Threshold G/E unit 'dB' (class bands_or_stages) | positions 16 (16 evenly spaced), one process each, levels quiet to loud
links as instantiated (recorded, not written): [8] Link L/R = 'On'
ratio: [2] ran at '' -> not numeric | auto make-up disabled: no
default-threshold reference ('0.0 dB', spec 4.7 check only):  -24.00 out-in 1.69  -12.00 out-in -4.00  -6.00 out-in -7.86  (default gain is information only)
linear reference (soft end): none
writes landed by: render 16
processes: 37 run, 0 retried, 0 position(s) failed
write verify: 16 landed, 0 write_unlanded (skipped), in-stack read already matched on 0 of 16, pump slices total 2814, longest confirm 504.4 ms, re-rendered 0
hold doubled at positions: none
still moving AFTER doubling (reading not used): none

pos   norm      display        red@-24  red@-12  red@-6    T(peak)   T-display
  0  0.0000    -30.0 dB          --       --       --          --          
  1  0.0667    -27.3 dB          --       --       --          --          
  2  0.1333    -24.7 dB          --       --       --          --          
  3  0.2000    -22.0 dB          --       --       --          --          
  4  0.2667    -19.3 dB          --       --       --          --          
  5  0.3333    -16.7 dB          --       --       --          --          
  6  0.4000    -14.0 dB          --       --       --          --          
  7  0.4667    -11.3 dB          --       --       --          --          
  8  0.5333    -8.7 dB           --       --       --          --          
  9  0.6000    -6.0 dB           --       --       --          --          
 10  0.6667    -3.3 dB           --       --       --          --          
 11  0.7333    -0.7 dB           --       --       --          --          
 12  0.8000    2.0 dB            --       --       --          --          
 13  0.8667    4.7 dB            --       --       --          --          
 14  0.9333    7.3 dB            --       --       --          --          
 15  1.0000    10.0 dB           --       --       --          --          

1 MAP:             flat (the ends differ by no more than 1 dB at every test level) | sense -- | engage -24.00:none -12.00:none -6.00:none
2 engage drift:    null  (not a dB display)   (primary; displayLinear unset until the population decides)
   offset IQR:      null
3 displayOffsetDb: null
fixture: AudioUnit_2520b62_1.4.5.json

--- exit=0   13:47:52   ilok=[]
=== [39] SPL IRON   13:47:52   ilok=[]   power='AC Power'
  sweeping SPL IRON candidate [22] Threshold L (unseen version 1.6.1: defaults sampled first) - 1 reference + 41 position processes
  sweeping SPL IRON candidate [34] Threshold R (unseen version 1.6.1: defaults sampled first) - 1 reference + 41 position processes
CANDIDATE [22] Threshold L (flags ) - SPL IRON (class channels_lr, 2 candidates; the others at their instantiate defaults)
probe: signed EchoJayProbe (feat/ejmap-cert), team 8BT5F9B887, cdhash 06b9a8eb323f17699292139ef27f6206075e8958
host: EJ Map 0.1.0 / arm64 / 48k (native)
threshold: [22] Threshold L unit '' (class channels_lr) | positions 41 (every step), one process each, levels quiet to loud
links as instantiated (recorded, not written): [8] Link = 'On', [9] SC Link = 'Off'
ratio: no control holds the ratio role | auto make-up disabled: no
default-threshold reference ('0.0', spec 4.7 check only):  -24.00 out-in 1.87  -12.00 out-in 1.39  -6.00 out-in 0.79  (default gain is information only)
linear reference (soft end, position 0):  -24.00 1.87  -12.00 1.39  -6.00 0.79  | spread 1.07 dB (unusable beyond 2.0)
writes landed by: instack 41
processes: 87 run, 0 retried, 0 position(s) failed
write verify: 41 landed, 0 write_unlanded (skipped), in-stack read already matched on 41 of 41, pump slices total 41, longest confirm 3.1 ms, re-rendered 0
hold doubled at positions: none
still moving AFTER doubling (reading not used): none

pos   norm      display        red@-24  red@-12  red@-6    T(peak)   T-display
  0  0.0000    0.0             0.00     0.00     0.00          --          
  1  0.0250    +1.0            0.00     0.00     0.00          --          
  2  0.0500    +2.0            0.00     0.01     0.01          --          
  3  0.0750    +3.0            0.01     0.02     0.04          --          
  4  0.1000    +4.0            0.01     0.04     0.06          --          
  5  0.1250    +5.0            0.03     0.06     0.11          --          
  6  0.1500    +6.0            0.03     0.08     0.15          --          
  7  0.1750    +7.0            0.05     0.13     0.22          --          
  8  0.2000    +8.0            0.07     0.19     0.33          --          
  9  0.2250    +9.0            0.11     0.31     0.54          --          
 10  0.2500    +10.0           0.17     0.46     0.82          --          
 11  0.2750    +11.0           0.22     0.63     1.16          --          
 12  0.3000    +12.0           0.29     0.83     1.87          --          
 13  0.3250    +13.0           0.35     1.02     2.51          --          
 14  0.3500    +14.0           0.41     1.24     3.01          --          
 15  0.3750    +15.0           0.47     1.56     3.47          --          
 16  0.4000    +16.0           0.53     1.93     3.90          --          
 17  0.4250    +17.0           0.59     2.27     4.31          --          
 18  0.4500    +18.0           0.65     2.65     4.71          --          
 19  0.4750    +19.0           0.71     2.97     5.09          --          
 20  0.5000    +20.0           0.77     3.26     5.47          --          
 21  0.5250    +21.0           0.84     3.57     5.85          --          
 22  0.5500    +22.0           0.90     3.81     6.13          --          
 23  0.5750    +23.0           0.97     4.09     6.45          --          
 24  0.6000    +24.0           1.03     4.37     6.77          --          
 25  0.6250    +25.0           1.10     4.64     7.08          --          
 26  0.6500    +26.0           1.17     4.91     7.40          --          
 27  0.6750    +27.0           1.25     5.20     7.73          --          
 28  0.7000    +28.0           1.34     5.49     8.07          --          
 29  0.7250    +29.0           1.42     5.75     8.37          --          
 30  0.7500    +30.0           1.52     5.99     8.67          --          
 31  0.7750    +31.0           1.64     6.23     8.99          --          
 32  0.8000    +32.0           1.76     6.41     9.23          --          
 33  0.8250    +33.0           1.86     6.53     9.41          --          
 34  0.8500    +34.0           1.92     6.60     9.51          --          
 35  0.8750    +35.0           1.97     6.67     9.60          --          
 36  0.9000    +36.0           1.99     6.69     9.64          --          
 37  0.9250    +37.0           2.01     6.72     9.68          --          
 38  0.9500    +38.0           2.03     6.75     9.71          --          
 39  0.9750    +39.0           2.04     6.76     9.73          --          
 40  1.0000    +40.0           2.05     6.77     9.74          --          

1 MAP:             certified (ratio unknown (no ratio control): no dB-equivalent map) | sense higher_is_harder | engage -24.00:16 -12.00:11 -6.00:9
2 engage drift:    null  (not a dB display)   (primary; displayLinear unset until the population decides)
   offset IQR:      null
3 displayOffsetDb: null
fixture: AudioUnit_6175631b_1.6.1.json

CANDIDATE [34] Threshold R (flags ) - SPL IRON (class channels_lr, 2 candidates; the others at their instantiate defaults)
probe: signed EchoJayProbe (feat/ejmap-cert), team 8BT5F9B887, cdhash 06b9a8eb323f17699292139ef27f6206075e8958
host: EJ Map 0.1.0 / arm64 / 48k (native)
threshold: [34] Threshold R unit '' (class channels_lr) | positions 41 (every step), one process each, levels quiet to loud
links as instantiated (recorded, not written): [8] Link = 'On', [9] SC Link = 'Off'
ratio: no control holds the ratio role | auto make-up disabled: no
default-threshold reference ('0.0', spec 4.7 check only):  -24.00 out-in 1.87  -12.00 out-in 1.39  -6.00 out-in 0.79  (default gain is information only)
linear reference (soft end, position 0):  -24.00 1.87  -12.00 1.39  -6.00 0.79  | spread 1.07 dB (unusable beyond 2.0)
writes landed by: instack 41
processes: 87 run, 0 retried, 0 position(s) failed
write verify: 41 landed, 0 write_unlanded (skipped), in-stack read already matched on 41 of 41, pump slices total 41, longest confirm 3.1 ms, re-rendered 0
hold doubled at positions: none
still moving AFTER doubling (reading not used): none

pos   norm      display        red@-24  red@-12  red@-6    T(peak)   T-display
  0  0.0000    0.0             0.00     0.00     0.00          --          
  1  0.0250    +1.0            0.00     0.00     0.00          --          
  2  0.0500    +2.0            0.00     0.01     0.01          --          
  3  0.0750    +3.0            0.01     0.02     0.04          --          
  4  0.1000    +4.0            0.01     0.04     0.06          --          
  5  0.1250    +5.0            0.03     0.06     0.11          --          
  6  0.1500    +6.0            0.03     0.08     0.15          --          
  7  0.1750    +7.0            0.05     0.13     0.22          --          
  8  0.2000    +8.0            0.07     0.19     0.33          --          
  9  0.2250    +9.0            0.11     0.31     0.54          --          
 10  0.2500    +10.0           0.17     0.46     0.82          --          
 11  0.2750    +11.0           0.22     0.63     1.16          --          
 12  0.3000    +12.0           0.29     0.83     1.87          --          
 13  0.3250    +13.0           0.35     1.02     2.51          --          
 14  0.3500    +14.0           0.41     1.24     3.01          --          
 15  0.3750    +15.0           0.47     1.56     3.47          --          
 16  0.4000    +16.0           0.53     1.93     3.90          --          
 17  0.4250    +17.0           0.59     2.27     4.31          --          
 18  0.4500    +18.0           0.65     2.65     4.71          --          
 19  0.4750    +19.0           0.71     2.97     5.09          --          
 20  0.5000    +20.0           0.77     3.26     5.47          --          
 21  0.5250    +21.0           0.84     3.57     5.85          --          
 22  0.5500    +22.0           0.90     3.81     6.13          --          
 23  0.5750    +23.0           0.97     4.09     6.45          --          
 24  0.6000    +24.0           1.03     4.37     6.77          --          
 25  0.6250    +25.0           1.10     4.64     7.08          --          
 26  0.6500    +26.0           1.17     4.91     7.40          --          
 27  0.6750    +27.0           1.25     5.20     7.73          --          
 28  0.7000    +28.0           1.34     5.49     8.07          --          
 29  0.7250    +29.0           1.42     5.75     8.37          --          
 30  0.7500    +30.0           1.52     5.99     8.67          --          
 31  0.7750    +31.0           1.64     6.23     8.99          --          
 32  0.8000    +32.0           1.76     6.41     9.23          --          
 33  0.8250    +33.0           1.86     6.53     9.41          --          
 34  0.8500    +34.0           1.92     6.60     9.51          --          
 35  0.8750    +35.0           1.97     6.67     9.60          --          
 36  0.9000    +36.0           1.99     6.69     9.64          --          
 37  0.9250    +37.0           2.01     6.72     9.68          --          
 38  0.9500    +38.0           2.03     6.75     9.71          --          
 39  0.9750    +39.0           2.04     6.76     9.73          --          
 40  1.0000    +40.0           2.05     6.77     9.74          --          

1 MAP:             certified (ratio unknown (no ratio control): no dB-equivalent map) | sense higher_is_harder | engage -24.00:16 -12.00:11 -6.00:9
2 engage drift:    null  (not a dB display)   (primary; displayLinear unset until the population decides)
   offset IQR:      null
3 displayOffsetDb: null
fixture: AudioUnit_6175631b_1.6.1.json

--- exit=0   13:48:53   ilok=[]
=== [40] SSL G3 MultiBusComp   13:48:53   ilok=[]   power='AC Power'
SWEEP: SSL G3 MultiBusComp - UNLICENSED ON HOST: defaults --list-params SHOWED A WINDOW (PACEEdenExperience [pid 30605]) after 3.2 s; killed by the driver
SWEEP: refusal recorded at stage 'defaults' (transient) -> AudioUnit_75154755_1.0.12.json (skipped by the worklist until --retry-refused or a new version)
--- exit=1   13:49:03   ilok=[]
=== [41] Unfiltered Audio Zip   13:49:03   ilok=[]   power='AC Power'
  ratio raise: [5] '1' -> norm 0.421875 (grid read '4.14')
  sweeping Unfiltered Audio Zip candidate [6] Auto Threshold (unseen version 1.4.2: defaults sampled first) - 1 reference + 16 position processes
  sweeping Unfiltered Audio Zip candidate [17] Threshold (unseen version 1.4.2: defaults sampled first) - 1 reference + 16 position processes
CANDIDATE [6] Auto Threshold (flags ) - Unfiltered Audio Zip (class bands_or_stages, 2 candidates; the others at their instantiate defaults)
probe: signed EchoJayProbe (feat/ejmap-cert), team 8BT5F9B887, cdhash 06b9a8eb323f17699292139ef27f6206075e8958
host: EJ Map 0.1.0 / arm64 / 48k (native)
threshold: [6] Auto Threshold unit '' (class bands_or_stages) | positions 16 (16 evenly spaced), one process each, levels quiet to loud
ratio: [5] ran at '' -> not numeric (RAISED from '', value READ BACK after the write) | auto make-up disabled: no
default-threshold reference ('Disabled', spec 4.7 check only):  -24.00 out-in 0.00  -12.00 out-in 0.00  -6.00 out-in -0.00  (default gain is information only)
linear reference (soft end): none
writes landed by: instack 16
processes: 38 run, 0 retried, 0 position(s) failed
write verify: 16 landed, 0 write_unlanded (skipped), in-stack read already matched on 16 of 16, pump slices total 16, longest confirm 3.1 ms, re-rendered 0
hold doubled at positions: none
still moving AFTER doubling (reading not used): none

pos   norm      display        red@-24  red@-12  red@-6    T(peak)   T-display
  0  0.0000    Disabled          --       --       --          --          
  1  0.0667    Disabled          --       --       --          --          
  2  0.1333    Disabled          --       --       --          --          
  3  0.2000    Disabled          --       --       --          --          
  4  0.2667    Disabled          --       --       --          --          
  5  0.3333    Disabled          --       --       --          --          
  6  0.4000    Disabled          --       --       --          --          
  7  0.4667    Disabled          --       --       --          --          
  8  0.5333    Enabled           --       --       --          --          
  9  0.6000    Enabled           --       --       --          --          
 10  0.6667    Enabled           --       --       --          --          
 11  0.7333    Enabled           --       --       --          --          
 12  0.8000    Enabled           --       --       --          --          
 13  0.8667    Enabled           --       --       --          --          
 14  0.9333    Enabled           --       --       --          --          
 15  1.0000    Enabled           --       --       --          --          

1 MAP:             flat (the ends differ by no more than 1 dB at every test level) | sense -- | engage -24.00:none -12.00:none -6.00:none
2 engage drift:    null  (not a dB display)   (primary; displayLinear unset until the population decides)
   offset IQR:      null
3 displayOffsetDb: null
fixture: AudioUnit_417a7643_1.4.2.json

CANDIDATE [17] Threshold (flags ) - Unfiltered Audio Zip (class bands_or_stages, 2 candidates; the others at their instantiate defaults)
probe: signed EchoJayProbe (feat/ejmap-cert), team 8BT5F9B887, cdhash 06b9a8eb323f17699292139ef27f6206075e8958
host: EJ Map 0.1.0 / arm64 / 48k (native)
threshold: [17] Threshold unit 'dB' (class bands_or_stages) | positions 16 (16 evenly spaced), one process each, levels quiet to loud
ratio: [5] ran at '4.14' -> 4.14 (RAISED from '1', value READ BACK after the write) | auto make-up disabled: no
default-threshold reference ('0.0 dB', spec 4.7 check only):  -24.00 out-in 0.00  -12.00 out-in 0.00  -6.00 out-in -0.00  (default gain is information only)
linear reference (soft end, position 15):  -24.00 0.00  -12.00 0.00  -6.00 0.00  | spread 0.00 dB (unusable beyond 2.0)
writes landed by: instack 16
processes: 38 run, 0 retried, 0 position(s) failed
write verify: 16 landed, 0 write_unlanded (skipped), in-stack read already matched on 16 of 16, pump slices total 16, longest confirm 3.1 ms, re-rendered 0
hold doubled at positions: none
still moving AFTER doubling (reading not used): none

pos   norm      display        red@-24  red@-12  red@-6    T(peak)   T-display
  0  0.0000    -inf dB        39.70    48.80    53.35   {"below": -24.0}          
  1  0.0667    -74 dB         35.64    44.74    49.29   {"below": -24.0}          
  2  0.1333    -69 dB         31.59    40.68    45.23   {"below": -24.0}          
  3  0.2000    -64 dB         27.53    36.63    41.18   {"below": -24.0}          
  4  0.2667    -58 dB         23.47    32.57    37.12   {"below": -24.0}          
  5  0.3333    -53 dB         19.41    28.51    33.06   {"below": -24.0}          
  6  0.4000    -48 dB         15.35    24.45    29.00   {"below": -24.0}          
  7  0.4667    -42 dB         11.30    20.40    24.94       -38.9      3.10
  8  0.5333    -37 dB          7.24    16.34    20.89       -33.5      3.50
  9  0.6000    -31 dB          3.18    12.28    16.83       -28.2      2.80
 10  0.6667    -26 dB          0.00     8.22    12.77       -22.8      3.20
 11  0.7333    -21 dB          0.00     4.16     8.71       -17.5      3.50
 12  0.8000    -15 dB          0.00     0.11     4.66       -12.1      2.90
 13  0.8667    -10 dB          0.00     0.00     0.60        -6.8      3.20
 14  0.9333    -5.3 dB         0.00     0.00     0.00   {"above": -6.0}          
 15  1.0000    0.0 dB          0.00     0.00     0.00   {"above": -6.0}          

1 MAP:             certified | sense lower_is_harder | engage -24.00:9 -12.00:11 -6.00:13
2 engage drift:    1.45  -12.00:-4.48  -24.00:-3.04  -6.00:-3.88   (primary; displayLinear unset until the population decides)
   offset IQR:      0.35 dB over 7 positions (min 2.80, max 3.50)
3 displayOffsetDb: 3.20  (outside spec 7's 2 dB bar)
fixture: AudioUnit_417a7643_1.4.2.json

--- exit=0   13:49:42   ilok=[]
=== [42] Vertigo VSC-2   13:49:42   ilok=[]   power='AC Power'
  sweeping Vertigo VSC-2 candidate [4] Threshold A (unseen version 1.15.1: defaults sampled first) - 1 reference + 16 position processes
  sweeping Vertigo VSC-2 candidate [11] Threshold B (unseen version 1.15.1: defaults sampled first) - 1 reference + 16 position processes
CANDIDATE [4] Threshold A (flags ) - Vertigo VSC-2 (class bands_or_stages, 2 candidates; the others at their instantiate defaults)
probe: signed EchoJayProbe (feat/ejmap-cert), team 8BT5F9B887, cdhash 06b9a8eb323f17699292139ef27f6206075e8958
host: EJ Map 0.1.0 / arm64 / 48k (native)
threshold: [4] Threshold A unit 'dB' (class bands_or_stages) | positions 16 (16 evenly spaced), one process each, levels quiet to loud
links as instantiated (recorded, not written): [1] Link = 'Stereo'
ratio: 2 controls hold the ratio role | auto make-up disabled: no
default-threshold reference ('+11.8 dB', spec 4.7 check only):  -24.00 out-in 0.02  -12.00 out-in 0.02  -6.00 out-in 0.01  (default gain is information only)
linear reference (soft end, position 15):  -24.00 0.02  -12.00 0.02  -6.00 0.01  | spread 0.00 dB (unusable beyond 2.0)
writes landed by: instack 16
processes: 37 run, 0 retried, 0 position(s) failed
write verify: 16 landed, 0 write_unlanded (skipped), in-stack read already matched on 16 of 16, pump slices total 16, longest confirm 3.1 ms, re-rendered 0
hold doubled at positions: none
still moving AFTER doubling (reading not used): none

pos   norm      display        red@-24  red@-12  red@-6    T(peak)   T-display
  0  0.0000    -36.4 dB       11.06    20.84    25.81          --          
  1  0.0667    -33.2 dB        8.81    18.33    23.21          --          
  2  0.1333    -30.5 dB        6.97    16.19    21.01          --          
  3  0.2000    -28.0 dB        5.38    14.33    19.08          --          
  4  0.2667    -25.8 dB        4.00    12.66    17.33          --          
  5  0.3333    -23.6 dB        2.75    11.09    15.69          --          
  6  0.4000    -21.6 dB        1.61     9.59    14.12          --          
  7  0.4667    -19.5 dB        0.59     8.11    12.56          --          
  8  0.5333    -17.3 dB        0.00     6.62    10.95          --          
  9  0.6000    -15.0 dB        0.00     5.05     9.28          --          
 10  0.6667    -12.4 dB        0.00     3.40     7.47          --          
 11  0.7333    -9.4 dB         0.00     1.63     5.47          --          
 12  0.8000    -5.9 dB         0.00     0.01     3.21          --          
 13  0.8667    -1.6 dB         0.00     0.00     0.70          --          
 14  0.9333    +4.0 dB         0.00     0.00     0.00          --          
 15  1.0000    +11.8 dB        0.00     0.00     0.00          --          

1 MAP:             certified (ratio unknown (no ratio control): no dB-equivalent map) | sense lower_is_harder | engage -24.00:7 -12.00:11 -6.00:13
2 engage drift:    0.22  -12.00:4.52  -24.00:4.68  -6.00:4.74   (primary; displayLinear unset until the population decides)
   offset IQR:      null
3 displayOffsetDb: null
fixture: AudioUnit_75545232_1.15.1.json

CANDIDATE [11] Threshold B (flags ) - Vertigo VSC-2 (class bands_or_stages, 2 candidates; the others at their instantiate defaults)
probe: signed EchoJayProbe (feat/ejmap-cert), team 8BT5F9B887, cdhash 06b9a8eb323f17699292139ef27f6206075e8958
host: EJ Map 0.1.0 / arm64 / 48k (native)
threshold: [11] Threshold B unit 'dB' (class bands_or_stages) | positions 16 (16 evenly spaced), one process each, levels quiet to loud
links as instantiated (recorded, not written): [1] Link = 'Stereo'
ratio: 2 controls hold the ratio role | auto make-up disabled: no
default-threshold reference ('+11.8 dB', spec 4.7 check only):  -24.00 out-in 0.02  -12.00 out-in 0.02  -6.00 out-in 0.01  (default gain is information only)
linear reference (soft end, position 15):  -24.00 0.02  -12.00 0.02  -6.00 0.01  | spread 0.00 dB (unusable beyond 2.0)
writes landed by: instack 16
processes: 37 run, 0 retried, 0 position(s) failed
write verify: 16 landed, 0 write_unlanded (skipped), in-stack read already matched on 16 of 16, pump slices total 16, longest confirm 3.1 ms, re-rendered 0
hold doubled at positions: none
still moving AFTER doubling (reading not used): none

pos   norm      display        red@-24  red@-12  red@-6    T(peak)   T-display
  0  0.0000    -36.4 dB       11.06    20.84    25.81          --          
  1  0.0667    -33.2 dB        8.81    18.33    23.21          --          
  2  0.1333    -30.5 dB        6.97    16.19    21.01          --          
  3  0.2000    -28.0 dB        5.38    14.33    19.08          --          
  4  0.2667    -25.8 dB        4.00    12.66    17.33          --          
  5  0.3333    -23.6 dB        2.75    11.09    15.69          --          
  6  0.4000    -21.6 dB        1.61     9.59    14.12          --          
  7  0.4667    -19.5 dB        0.59     8.11    12.56          --          
  8  0.5333    -17.3 dB        0.00     6.62    10.95          --          
  9  0.6000    -15.0 dB        0.00     5.05     9.28          --          
 10  0.6667    -12.4 dB        0.00     3.40     7.47          --          
 11  0.7333    -9.4 dB         0.00     1.63     5.47          --          
 12  0.8000    -5.9 dB         0.00     0.01     3.21          --          
 13  0.8667    -1.6 dB         0.00     0.00     0.70          --          
 14  0.9333    +4.0 dB         0.00     0.00     0.00          --          
 15  1.0000    +11.8 dB        0.00     0.00     0.00          --          

1 MAP:             certified (ratio unknown (no ratio control): no dB-equivalent map) | sense lower_is_harder | engage -24.00:7 -12.00:11 -6.00:13
2 engage drift:    0.22  -12.00:4.52  -24.00:4.68  -6.00:4.74   (primary; displayLinear unset until the population decides)
   offset IQR:      null
3 displayOffsetDb: null
fixture: AudioUnit_75545232_1.15.1.json

--- exit=0   13:50:11   ilok=[]
PILE DONE 13:50:11
